Player,Format,Matches,Innings,Runs,Ave,SR,X100,X50,Start_Year,End_Year
SR Tendulkar,Tests,200,329,15921,53.78716216216216,NA,51,68,1989,2013
JE Root,Tests,169,309,14278,50.45229681978799,NA,41,69,2012,2026
RT Ponting,Tests,168,287,13378,51.85271317829457,NA,41,62,1995,2012
JH Kallis,Tests,166,280,13289,55.37083333333333,NA,45,58,1995,2013
R Dravid,Tests,164,286,13288,52.31496062992126,NA,36,63,1996,2012
AN Cook,Tests,161,291,12472,45.35272727272727,NA,33,57,2006,2018
KC Sangakkara,Tests,134,233,12400,57.407407407407405,NA,38,52,2000,2015
BC Lara,Tests,131,232,11953,52.889380530973455,NA,34,48,1990,2006
S Chanderpaul,Tests,164,280,11867,51.37229437229437,NA,30,66,1994,2015
DPMD Jayawardene,Tests,149,252,11814,49.848101265822784,NA,34,50,1997,2014
AR Border,Tests,156,265,11174,50.56108597285068,NA,27,63,1978,1994
SR Waugh,Tests,168,260,10927,51.0607476635514,NA,32,50,1985,2004
SPD Smith,Tests,125,223,10920,56,NA,37,45,2010,2026
SM Gavaskar,Tests,125,214,10122,51.121212121212125,NA,34,45,1971,1987
Younis Khan,Tests,118,213,10099,52.05670103092783,NA,34,33,2000,2017
KS Williamson,Tests,110,195,9515,54.0625,NA,33,38,2010,2026
HM Amla,Tests,124,215,9282,46.64321608040201,NA,28,41,2004,2019
GC Smith,Tests,117,205,9265,48.255208333333336,NA,27,38,2002,2014
V Kohli,Tests,123,210,9230,46.85279187817259,NA,30,31,2011,2025
GA Gooch,Tests,118,215,8900,42.58373205741627,NA,20,46,1975,1995
Javed Miandad,Tests,124,189,8832,52.57142857142857,NA,23,43,1976,1993
Inzamam-ul-Haq,Tests,120,200,8830,49.60674157303371,NA,25,46,1992,2007
DA Warner,Tests,112,205,8786,44.598984771573605,NA,26,37,2011,2024
VVS Laxman,Tests,134,225,8781,45.973821989528794,NA,17,56,1996,2012
AB de Villiers,Tests,114,191,8765,50.664739884393065,NA,22,46,2004,2018
MJ Clarke,Tests,115,198,8643,49.10795454545455,NA,28,27,2004,2015
ML Hayden,Tests,103,184,8625,50.73529411764706,NA,30,29,1994,2009
V Sehwag,Tests,104,180,8586,49.3448275862069,NA,23,32,2001,2013
IVA Richards,Tests,121,182,8540,50.23529411764706,NA,24,45,1974,1991
AJ Stewart,Tests,133,235,8463,39.546728971962615,NA,15,45,1990,2003
DI Gower,Tests,117,204,8231,44.25268817204301,NA,18,39,1978,1992
AD Mathews,Tests,119,212,8214,44.4,NA,16,45,2009,2025
KP Pietersen,Tests,104,181,8181,47.28901734104046,NA,23,35,2005,2014
G Boycott,Tests,108,193,8114,47.72941176470588,NA,22,42,1964,1982
GS Sobers,Tests,93,160,8032,57.78417266187051,NA,26,30,1954,1974
ME Waugh,Tests,128,209,8029,41.817708333333336,NA,20,47,1991,2002
MA Atherton,Tests,115,212,7728,37.697560975609754,NA,16,46,1989,2001
IR Bell,Tests,118,205,7727,42.69060773480663,NA,22,46,2004,2015
JL Langer,Tests,105,182,7696,45.27058823529412,NA,23,30,1993,2007
LRPL Taylor,Tests,112,196,7683,44.66860465116279,NA,19,35,2007,2022
MC Cowdrey,Tests,114,188,7624,44.06936416184971,NA,22,38,1954,1975
CG Greenidge,Tests,108,185,7558,44.72189349112426,NA,19,34,1974,1991
Mohammad Yousuf,Tests,90,156,7530,52.291666666666664,NA,24,33,1998,2010
MA Taylor,Tests,104,186,7525,43.49710982658959,NA,19,40,1989,1999
CH Lloyd,Tests,110,175,7515,46.67701863354037,NA,19,39,1966,1985
DL Haynes,Tests,116,202,7487,42.29943502824859,NA,18,39,1978,1994
DC Boon,Tests,107,190,7422,43.65882352941176,NA,21,32,1984,1996
G Kirsten,Tests,101,176,7289,45.27329192546584,NA,21,34,1993,2004
BA Stokes,Tests,122,220,7273,34.46919431279621,NA,14,37,2013,2026
WR Hammond,Tests,85,140,7249,58.45967741935484,NA,22,24,1927,1947
FDM Karunaratne,Tests,100,191,7222,39.25,NA,16,39,2012,2025
CH Gayle,Tests,103,182,7214,42.187134502923975,NA,15,37,2000,2014
SC Ganguly,Tests,113,188,7212,42.175438596491226,NA,16,35,1996,2008
CA Pujara,Tests,103,176,7195,43.60606060606061,NA,19,35,2010,2023
SP Fleming,Tests,111,189,7172,40.06703910614525,NA,9,46,1994,2008
Azhar Ali,Tests,97,180,7142,42.260355029585796,NA,19,35,2010,2022
GS Chappell,Tests,87,151,7110,53.86363636363637,NA,24,31,1970,1984
AJ Strauss,Tests,100,178,7037,40.91279069767442,NA,21,27,2004,2012
DG Bradman,Tests,52,80,6996,99.94285714285714,NA,29,13,1928,1948
ST Jayasuriya,Tests,110,188,6973,40.07471264367816,NA,14,31,1991,2007
L Hutton,Tests,79,138,6971,56.67479674796748,NA,19,33,1937,1955
Mushfiqur Rahim,Tests,105,193,6876,39.06818181818182,NA,14,29,2005,2026
DB Vengsarkar,Tests,116,185,6868,42.13496932515337,NA,17,35,1976,1992
KF Barrington,Tests,82,131,6806,58.672413793103445,NA,20,35,1955,1968
GP Thorpe,Tests,100,179,6744,44.66225165562914,NA,16,39,1993,2005
LD Chandimal,Tests,93,166,6534,43.271523178807946,NA,16,36,2011,2026
BB McCullum,Tests,101,176,6453,38.64071856287425,NA,12,31,2004,2016
TWM Latham,Tests,95,171,6450,39.09090909090909,NA,17,31,2014,2026
PA de Silva,Tests,93,159,6361,42.979729729729726,NA,20,22,1984,2002
MEK Hussey,Tests,79,137,6235,51.52892561983471,NA,19,29,2005,2013
UT Khawaja,Tests,88,159,6229,42.95862068965517,NA,16,28,2011,2026
RB Kanhai,Tests,79,137,6227,47.534351145038165,NA,15,28,1957,1974
M Azharuddin,Tests,99,147,6215,45.03623188405797,NA,22,21,1984,2000
HH Gibbs,Tests,90,154,6167,41.95238095238095,NA,14,26,1996,2008
RN Harvey,Tests,79,137,6149,48.41732283464567,NA,21,24,1948,1963
GR Viswanath,Tests,91,155,6080,41.93103448275862,NA,14,35,1969,1983
JM Bairstow,Tests,100,178,6042,36.397590361445786,NA,12,26,2012,2024
KC Brathwaite,Tests,100,193,5950,32.513661202185794,NA,12,31,2011,2025
RB Richardson,Tests,86,146,5949,44.3955223880597,NA,16,27,1983,1995
RR Sarwan,Tests,87,154,5842,40.013698630136986,NA,15,31,2000,2011
ME Trescothick,Tests,76,143,5825,43.796992481203006,NA,14,29,2000,2006
DCS Compton,Tests,78,131,5807,50.060344827586206,NA,17,28,1937,1957
Saleem Malik,Tests,103,154,5768,43.696969696969695,NA,15,29,1982,1999
N Hussain,Tests,96,171,5764,37.18709677419355,NA,14,33,1990,2004
CL Hooper,Tests,102,173,5762,36.46835443037975,NA,13,27,1987,2002
MP Vaughan,Tests,82,147,5719,41.44202898550725,NA,18,18,1999,2008
AC Gilchrist,Tests,96,137,5570,47.60683760683761,NA,17,26,1999,2008
MV Boucher,Tests,147,206,5515,30.302197802197803,NA,5,35,1997,2012
MS Atapattu,Tests,90,156,5502,39.02127659574468,NA,16,17,1990,2007
TM Dilshan,Tests,87,145,5492,40.985074626865675,NA,16,23,1999,2013
TT Samaraweera,Tests,81,132,5462,48.767857142857146,NA,14,30,2001,2013
MD Crowe,Tests,77,131,5444,45.36666666666667,NA,17,18,1982,1995
JB Hobbs,Tests,61,102,5410,56.94736842105263,NA,15,28,1908,1930
KD Walters,Tests,74,125,5357,48.26126126126126,NA,15,33,1965,1981
D Elgar,Tests,86,152,5347,37.92198581560284,NA,14,23,2012,2024
IM Chappell,Tests,75,136,5345,42.42063492063492,NA,14,26,1964,1980
JG Wright,Tests,82,148,5334,37.829787234042556,NA,12,23,1978,1993
MJ Slater,Tests,74,131,5312,42.83870967741935,NA,14,21,1993,2001
N Kapil Dev,Tests,131,184,5248,31.05325443786982,NA,8,27,1978,1994
WM Lawry,Tests,67,123,5234,47.153153153153156,NA,13,27,1961,1971
Misbah-ul-Haq,Tests,75,132,5222,46.625,NA,10,39,2001,2017
Mominul Haque,Tests,80,149,5219,37.81884057971015,NA,13,28,2013,2026
IT Botham,Tests,102,161,5200,33.54838709677419,NA,14,22,1977,1992
JH Edrich,Tests,77,127,5138,43.54237288135593,NA,12,24,1963,1976
Tamim Iqbal,Tests,70,134,5134,38.89393939393939,NA,10,31,2008,2023
A Ranatunga,Tests,93,155,5105,35.6993006993007,NA,4,38,1982,2000
AM Rahane,Tests,85,144,5077,38.46212121212121,NA,12,26,2013,2023
Zaheer Abbas,Tests,78,124,5062,44.796460176991154,NA,12,20,1969,1985
TW Graveney,Tests,79,123,4882,44.38181818181818,NA,11,20,1951,1969
MS Dhoni,Tests,90,144,4876,38.09375,NA,6,33,2005,2014
RB Simpson,Tests,62,111,4869,46.81730769230769,NA,10,27,1957,1978
BKG Mendis,Tests,75,139,4836,36.3609022556391,NA,10,23,2015,2026
A Flower,Tests,63,112,4794,51.54838709677419,NA,12,27,1992,2002
Babar Azam,Tests,66,122,4771,42.98198198198198,NA,9,34,2016,2026
IR Redpath,Tests,66,120,4737,43.45871559633027,NA,8,31,1964,1976
M Labuschagne,Tests,65,117,4730,43.7962962962963,NA,11,25,2018,2026
NJ Astle,Tests,81,137,4702,37.023622047244096,NA,11,24,1996,2006
Asad Shafiq,Tests,77,128,4660,38.19672131147541,NA,12,27,2010,2020
AJ Lamb,Tests,79,139,4656,36.093023255813954,NA,14,18,1982,1992
TM Head,Tests,67,114,4653,43.083333333333336,NA,12,20,2018,2026
Shakib Al Hasan,Tests,71,130,4609,37.778688524590166,NA,5,31,2007,2024
H Sutcliffe,Tests,54,84,4555,60.733333333333334,NA,16,23,1924,1935
DJ Cullinan,Tests,70,115,4554,44.213592233009706,NA,14,20,1993,2001
HP Tillakaratne,Tests,83,131,4545,42.87735849056604,NA,11,20,1989,2004
PBH May,Tests,66,106,4537,46.77319587628866,NA,13,22,1951,1961
DL Vettori,Tests,113,174,4531,30.00662251655629,NA,6,23,1997,2014
ER Dexter,Tests,62,102,4502,47.8936170212766,NA,9,27,1958,1968
ED Weekes,Tests,48,81,4455,58.61842105263158,NA,15,19,1948,1958
DM de Silva,Tests,69,123,4431,38.86842105263158,NA,13,20,2016,2026
KJ Hughes,Tests,70,124,4415,37.41525423728814,NA,9,22,1977,1984
MW Gatting,Tests,79,138,4409,35.556451612903224,NA,10,21,1978,1995
DR Martyn,Tests,67,109,4406,46.37894736842105,NA,13,23,1992,2006
AI Kallicharran,Tests,66,109,4399,44.43434343434343,NA,12,21,1972,1981
APE Knott,Tests,95,149,4389,32.75373134328358,NA,5,30,1967,1981
M Amarnath,Tests,69,113,4378,42.50485436893204,NA,11,24,1969,1988
IA Healy,Tests,119,182,4356,27.39622641509434,NA,4,22,1988,1999
RC Fredericks,Tests,59,109,4334,42.490196078431374,NA,8,26,1968,1977
RG Sharma,Tests,67,116,4301,40.575471698113205,NA,12,18,2013,2024
MA Butcher,Tests,71,131,4288,34.58064516129032,NA,8,23,1997,2004
KL Rahul,Tests,70,122,4288,36.64957264957265,NA,12,21,2014,2026
PD Collingwood,Tests,68,115,4259,40.56190476190476,NA,10,20,2003,2011
RA Smith,Tests,62,112,4236,43.670103092783506,NA,9,28,1988,1996
SM Katich,Tests,56,99,4188,45.03225806451613,NA,10,25,2001,2010
F du Plessis,Tests,69,118,4163,40.02884615384615,NA,10,21,2012,2021
RA Jadeja,Tests,91,136,4160,37.81818181818182,NA,6,28,2012,2026
G Gambhir,Tests,58,104,4154,41.95959595959596,NA,9,22,2004,2016
Mudassar Nazar,Tests,76,116,4114,38.092592592592595,NA,10,17,1976,1989
MJ Prior,Tests,79,123,4099,40.18627450980392,NA,7,28,2007,2014
Saeed Anwar,Tests,55,91,4052,45.52808988764045,NA,11,25,1990,2001
M Vijay,Tests,61,105,3982,38.28846153846154,NA,12,15,2008,2018
Majid Khan,Tests,63,106,3931,38.92079207920792,NA,8,19,1964,1983
MN Samuels,Tests,71,127,3917,32.641666666666666,NA,7,24,2000,2016
Hanif Mohammad,Tests,55,97,3915,43.98876404494382,NA,12,15,1952,1969
FMM Worrell,Tests,51,87,3860,49.48717948717949,NA,9,22,1948,1963
A Flintoff,Tests,79,130,3845,31.776859504132233,NA,5,26,1998,2009
IJL Trott,Tests,52,93,3835,44.08045977011494,NA,9,19,2009,2015
RJ Shastri,Tests,80,121,3830,35.794392523364486,NA,11,12,1981,1992
T Bavuma,Tests,66,114,3810,38.1,NA,4,26,2014,2025
Imran Khan,Tests,88,126,3807,37.693069306930695,NA,6,18,1971,1992
CL Walcott,Tests,44,74,3798,56.6865671641791,NA,15,14,1948,1960
BJ Watling,Tests,75,117,3790,37.524752475247524,NA,8,19,2009,2021
SM Pollock,Tests,108,156,3781,32.31623931623932,NA,2,16,1995,2008
OJ Pope,Tests,64,113,3732,34.55555555555556,NA,9,16,2018,2025
SR Watson,Tests,59,109,3731,35.198113207547166,NA,4,24,2005,2015
RR Pant,Tests,52,90,3725,43.8235294117647,NA,8,21,2018,2026
WJ Cronje,Tests,68,111,3714,36.411764705882355,NA,6,23,1992,2000
AG Prince,Tests,66,104,3665,41.64772727272727,NA,11,11,2002,2011
SCJ Broad,Tests,167,244,3662,18.039408866995075,NA,1,13,2007,2023
Mohammad Hafeez,Tests,55,105,3652,37.649484536082475,NA,10,12,2003,2018
Mushtaq Mohammad,Tests,57,100,3643,39.17204301075269,NA,10,19,1959,1979
RW Marsh,Tests,96,150,3633,26.51824817518248,NA,3,16,1970,1984
DM Jones,Tests,52,89,3631,46.55128205128205,NA,11,14,1984,1992
PR Umrigar,Tests,59,94,3631,42.22093023255814,NA,12,14,1948,1962
DL Amiss,Tests,50,88,3612,46.30769230769231,NA,11,11,1966,1977
HC Brook,Tests,41,70,3610,53.088235294117645,NA,10,20,2022,2026
AW Greig,Tests,58,93,3599,40.438202247191015,NA,8,20,1972,1977
Z Crawley,Tests,64,117,3586,31.182608695652174,NA,5,21,2019,2026
Asif Iqbal,Tests,58,99,3575,38.858695652173914,NA,11,12,1964,1980
DM Bravo,Tests,56,102,3538,36.47422680412371,NA,8,17,2010,2020
AR Morris,Tests,46,79,3533,46.48684210526316,NA,12,12,1946,1955
EH Hendren,Tests,51,83,3525,47.63513513513514,NA,7,21,1920,1935
R Ashwin,Tests,106,151,3503,25.75735294117647,NA,6,14,2011,2024
B Mitchell,Tests,42,80,3471,48.88732394366197,NA,8,21,1929,1949
GW Flower,Tests,67,123,3457,29.54700854700855,NA,6,15,1992,2004
BE Congdon,Tests,61,114,3448,32.22429906542056,NA,7,19,1965,1978
JR Reid,Tests,58,108,3428,33.28155339805825,NA,6,22,1949,1965
C Hill,Tests,49,89,3412,39.2183908045977,NA,7,19,1896,1912
GA Hick,Tests,65,114,3383,31.324074074074073,NA,6,18,1991,2001
GM Wood,Tests,59,112,3374,31.830188679245282,NA,9,13,1978,1988
BM Duckett,Tests,49,91,3364,38.22727272727273,NA,7,16,2016,2026
HM Nicholls,Tests,60,94,3358,39.50588235294118,NA,11,12,2016,2026
Litton Das,Tests,56,97,3356,35.32631578947368,NA,6,20,2015,2026
PJL Dujon,Tests,81,115,3322,31.942307692307693,NA,5,16,1981,1991
CL Cairns,Tests,62,104,3320,33.535353535353536,NA,5,22,1989,2004
Ijaz Ahmed,Tests,60,92,3315,37.67045454545455,NA,12,12,1987,2001
Q de Kock,Tests,54,91,3300,38.8235294117647,NA,6,22,2014,2021
FE Woolley,Tests,64,98,3283,36.07692307692308,NA,5,23,1909,1934
KWR Fletcher,Tests,59,96,3272,39.90243902439025,NA,7,19,1968,1982
BJ Haddin,Tests,66,112,3266,32.98989898989899,NA,4,18,2008,2015
ND McKenzie,Tests,58,94,3253,37.39080459770115,NA,5,16,2000,2009
CC Hunte,Tests,44,78,3245,45.06944444444444,NA,8,13,1958,1967
VL Manjrekar,Tests,55,92,3208,39.1219512195122,NA,7,15,1951,1965
NS Sidhu,Tests,51,78,3202,42.13157894736842,NA,9,15,1983,1999
AK Markram,Tests,50,92,3192,35.46666666666667,NA,8,13,2017,2025
HA Gomes,Tests,60,91,3171,39.6375,NA,9,13,1976,1987
VT Trumper,Tests,48,89,3163,39.04938271604938,NA,8,13,1899,1912
SK Warne,Tests,145,199,3154,17.32967032967033,NA,0,12,1992,2007
Sir RJ Hadlee,Tests,86,134,3124,27.16521739130435,NA,2,15,1973,1990
CD McMillan,Tests,55,91,3116,38.46913580246913,NA,6,19,1997,2005
CC McDonald,Tests,47,83,3107,39.32911392405063,NA,5,17,1952,1961
BF Butcher,Tests,44,78,3104,43.111111111111114,NA,7,16,1958,1969
MM Ali,Tests,68,118,3094,28.12727272727273,NA,5,15,2014,2023
WPUJC Vaas,Tests,111,162,3089,24.322834645669293,NA,1,13,1994,2009
AL Hassett,Tests,43,69,3073,46.56060606060606,NA,10,11,1938,1953
JO Holder,Tests,69,123,3073,29.83495145631068,NA,3,14,2014,2024
CG Borde,Tests,55,97,3061,35.593023255813954,NA,5,18,1958,1969
Shubman Gill,Tests,43,77,3043,43.47142857142857,NA,11,9,2020,2026
Sarfaraz Ahmed,Tests,54,95,3031,37.41975308641975,NA,4,21,2010,2023
Habibul Bashar,Tests,50,99,3026,30.877551020408163,NA,3,24,2000,2008
JC Adams,Tests,54,90,3012,41.26027397260274,NA,6,14,1992,2001
Saeed Ahmed,Tests,41,78,2991,40.41891891891892,NA,5,16,1958,1973
GM Turner,Tests,41,73,2991,44.64179104477612,NA,7,14,1969,1983
Taufeeq Umar,Tests,44,83,2963,37.98717948717949,NA,7,14,2001,2014
AD Nourse,Tests,34,62,2960,53.81818181818182,NA,9,14,1935,1951
KR Miller,Tests,55,87,2958,36.975,NA,7,13,1946,1956
HW Taylor,Tests,42,76,2936,40.77777777777778,NA,7,17,1912,1932
Shan Masood,Tests,50,96,2926,30.8,NA,7,15,2013,2026
AH Jones,Tests,39,74,2922,44.27272727272727,NA,7,11,1987,1995
Mahmudullah,Tests,50,94,2914,33.49425287356322,NA,5,16,2009,2021
JC Buttler,Tests,57,100,2907,31.945054945054945,NA,2,18,2014,2022
J Blackwood,Tests,56,102,2898,30.1875,NA,3,18,2014,2023
D Ramdin,Tests,74,126,2898,25.875,NA,4,15,2005,2016
Wasim Akram,Tests,104,147,2898,22.640625,NA,3,7,1985,2002
SL Campbell,Tests,52,93,2882,32.38202247191011,NA,4,18,1995,2002
AC Parore,Tests,78,128,2865,26.28440366972477,NA,2,14,1990,2002
WW Armstrong,Tests,50,84,2863,38.689189189189186,NA,6,8,1902,1921
ADR Campbell,Tests,60,109,2858,27.21904761904762,NA,2,18,1992,2002
GR Marsh,Tests,50,93,2854,33.18604651162791,NA,4,15,1985,1992
N Dickwella,Tests,56,100,2853,30.677419354838708,NA,0,23,2014,2026
Ramiz Raja,Tests,57,94,2833,31.831460674157302,NA,2,22,1984,1997
Aamer Sohail,Tests,47,83,2823,35.2875,NA,5,13,1992,2000
Wasim Raja,Tests,57,92,2821,36.166666666666664,NA,4,18,1973,1985
RL Chase,Tests,61,112,2808,26,NA,6,12,2016,2026
KR Stackpole,Tests,43,80,2807,37.42666666666667,NA,7,14,1966,1974
MAK Pataudi,Tests,46,83,2793,34.9125,NA,6,16,1961,1975
KC Wessels,Tests,40,71,2788,41,NA,6,15,1982,1994
NCL O'Neill,Tests,42,69,2779,45.557377049180324,NA,6,15,1958,1965
MH Richardson,Tests,38,65,2776,44.774193548387096,NA,4,19,2000,2004
M Leyland,Tests,41,65,2764,46.06666666666667,NA,9,10,1928,1938
DP Conway,Tests,36,67,2761,42.47692307692308,NA,8,13,2021,2026
SMH Kirmani,Tests,88,124,2759,27.04901960784314,NA,2,12,1976,1986
GN Yallop,Tests,39,70,2756,41.134328358208954,NA,8,9,1976,1984
SJ McCabe,Tests,39,62,2748,48.21052631578947,NA,6,13,1930,1938
Moin Khan,Tests,69,104,2741,28.552083333333332,NA,4,15,1990,2004
Mohammad Ashraful,Tests,61,119,2737,24.00877192982456,NA,6,8,2001,2013
B Sutcliffe,Tests,42,76,2727,40.10294117647059,NA,5,15,1947,1965
Mohsin Khan,Tests,48,79,2709,37.10958904109589,NA,7,9,1978,1986
Shoaib Mohammad,Tests,45,68,2705,44.34426229508197,NA,7,13,1983,1995
Najmul Hossain Shanto,Tests,44,82,2694,33.675,NA,9,7,2017,2026
MG Burgess,Tests,50,92,2684,31.209302325581394,NA,5,14,1968,1980
Mohammad Rizwan,Tests,47,80,2682,37.774647887323944,NA,3,14,2016,2026
JV Coney,Tests,52,85,2668,37.57746478873239,NA,3,16,1974,1987
Kamran Akmal,Tests,53,92,2648,30.790697674418606,NA,6,12,2002,2010
JA Rudolph,Tests,48,83,2622,35.432432432432435,NA,6,11,2003,2012
YBK Jaiswal,Tests,31,57,2612,47.49090909090909,NA,7,13,2023,2026
FM Engineer,Tests,46,87,2611,31.083333333333332,NA,2,16,1961,1975
WW Hinds,Tests,45,80,2608,33.0126582278481,NA,5,14,2000,2005
MJ Guptill,Tests,47,89,2586,29.386363636363637,NA,3,17,2009,2016
Sadiq Mohammad,Tests,41,74,2579,35.81944444444444,NA,5,10,1969,1981
RD Jacobs,Tests,65,112,2577,28.318681318681318,NA,3,14,1998,2004
RS Mahanama,Tests,52,89,2576,29.272727272727273,NA,4,11,1986,1998
C Washbrook,Tests,37,66,2569,42.81666666666667,NA,6,12,1937,1956
GS Blewett,Tests,46,79,2552,34.026666666666664,NA,4,15,1995,2000
JN Rhodes,Tests,52,80,2532,35.66197183098591,NA,3,17,1992,2000
GP Howarth,Tests,47,83,2531,32.44871794871795,NA,6,11,1975,1985
SM Nurse,Tests,29,54,2523,47.60377358490566,NA,6,10,1960,1969
SD Hope,Tests,49,93,2518,27.977777777777778,NA,5,7,2015,2026
EJ Barlow,Tests,30,57,2516,45.74545454545454,NA,6,15,1961,1970
TL Goddard,Tests,41,78,2516,34.465753424657535,NA,1,18,1955,1970
A Kumble,Tests,132,173,2506,17.77304964539007,NA,1,5,1990,2008
MA Starc,Tests,107,157,2498,20.14516129032258,NA,0,13,2011,2026
BL D'Oliveira,Tests,44,70,2484,40.064516129032256,NA,5,15,1966,1972
TA Blundell,Tests,48,79,2482,34.47222222222222,NA,6,12,2017,2026
AL Logie,Tests,52,78,2470,35.79710144927536,NA,2,16,1983,1991
DW Randall,Tests,47,79,2470,33.37837837837838,NA,7,12,1977,1984
W Bardsley,Tests,41,66,2469,40.47540983606557,NA,6,14,1909,1926
KR Rutherford,Tests,56,99,2465,27.087912087912088,NA,3,18,1985,1995
AP Gurusinha,Tests,41,70,2452,38.92063492063492,NA,7,8,1985,1996
P Roy,Tests,43,79,2442,32.56,NA,5,9,1951,1960
WJ Edrich,Tests,39,63,2440,40,NA,6,13,1938,1955
DJ McGlew,Tests,34,64,2440,42.06896551724138,NA,7,10,1951,1962
TG Evans,Tests,91,133,2439,20.49579831932773,NA,2,8,1946,1959
LEG Ames,Tests,47,72,2434,40.56666666666667,NA,8,7,1929,1939
BRM Taylor,Tests,37,72,2420,35.588235294117645,NA,6,12,2004,2026
DJ Mitchell,Tests,39,62,2411,43.05357142857143,NA,6,16,2019,2026
JHB Waite,Tests,50,86,2405,30.443037974683545,NA,4,16,1951,1965
Imran Farhat,Tests,40,77,2400,32,NA,3,14,2001,2013
AT Carey,Tests,50,76,2387,35.10294117647059,NA,3,13,2021,2026
MR Ramprakash,Tests,52,92,2350,27.325581395348838,NA,2,12,1991,2002
W Rhodes,Tests,58,98,2325,30.194805194805195,NA,2,11,1899,1930
S Dhawan,Tests,34,58,2315,40.6140350877193,NA,7,5,2013,2018
Mehidy Hasan Miraz,Tests,60,107,2308,23.79381443298969,NA,2,10,2016,2026
GT Dowling,Tests,39,77,2306,31.16216216216216,NA,3,11,1961,1972
WM Woodfull,Tests,35,54,2300,46,NA,7,13,1926,1934
TE Bailey,Tests,61,91,2290,29.74025974025974,NA,1,10,1949,1959
PJP Burge,Tests,42,68,2290,38.166666666666664,NA,4,12,1955,1966
SE Gregory,Tests,58,100,2282,24.537634408602152,NA,4,8,1890,1912
MJK Smith,Tests,50,78,2278,31.63888888888889,NA,3,11,1958,1972
SE Marsh,Tests,38,68,2265,34.31818181818182,NA,6,10,2011,2019
RG Pollock,Tests,23,41,2256,60.972972972972975,NA,7,11,1963,1970
TG Southee,Tests,107,156,2245,15.482758620689655,NA,0,7,2008,2024
AW Nourse,Tests,45,83,2234,29.786666666666665,NA,1,15,1902,1924
Harbhajan Singh,Tests,103,145,2224,18.229508196721312,NA,2,9,1998,2015
H Masakadza,Tests,38,76,2223,30.04054054054054,NA,5,8,2001,2018
GJ Whittall,Tests,46,82,2207,29.426666666666666,NA,4,10,1993,2002
R Benaud,Tests,63,97,2201,24.455555555555556,NA,3,9,1952,1964
DJ Bravo,Tests,40,71,2200,31.428571428571427,NA,3,13,2004,2010
VS Hazare,Tests,30,52,2192,47.65217391304348,NA,7,9,1946,1953
GA Headley,Tests,22,40,2190,60.833333333333336,NA,10,5,1930,1954
D Ganga,Tests,48,86,2160,25.714285714285715,NA,3,9,1998,2008
JB Stollmeyer,Tests,32,56,2159,42.333333333333336,NA,4,12,1939,1955
CG Macartney,Tests,35,55,2131,41.78431372549019,NA,7,9,1907,1926
HAPW Jayawardene,Tests,58,83,2124,29.5,NA,4,5,2000,2015
WH Ponsford,Tests,29,48,2122,48.22727272727273,NA,7,6,1924,1934
RA McLean,Tests,40,73,2120,30.285714285714285,NA,5,10,1951,1964
KOA Powell,Tests,44,83,2113,25.76829268292683,NA,3,7,2011,2021
AL Wadekar,Tests,37,71,2113,31.073529411764707,NA,1,14,1966,1974
MH Mankad,Tests,44,72,2109,31.47761194029851,NA,5,6,1946,1959
JP Duminy,Tests,46,74,2103,32.859375,NA,6,8,2008,2017
JK Silva,Tests,39,74,2099,28.364864864864863,NA,3,12,2011,2018
AN Petersen,Tests,36,64,2093,34.88333333333333,NA,5,8,2010,2015
HDRL Thirimanne,Tests,44,85,2088,26.430379746835442,NA,3,10,2011,2022
CPS Chauhan,Tests,40,68,2084,31.575757575757574,NA,0,16,1969,1981
MR Marsh,Tests,46,80,2083,28.534246575342465,NA,3,9,2014,2024
Imtiaz Ahmed,Tests,41,72,2079,29.281690140845072,NA,3,11,1952,1962
MG Johnson,Tests,73,109,2065,22.204301075268816,NA,1,11,2007,2015
K Srikkanth,Tests,43,72,2062,29.884057971014492,NA,2,12,1981,1992
RM Cowper,Tests,27,46,2061,46.84090909090909,NA,5,10,1964,1968
PE Richardson,Tests,34,56,2061,37.472727272727276,NA,5,9,1956,1963
ML Jaisimha,Tests,39,71,2056,30.686567164179106,NA,3,12,1959,1971
LG Rowe,Tests,30,49,2047,43.5531914893617,NA,7,7,1972,1980
SV Manjrekar,Tests,37,61,2043,37.14545454545455,NA,4,9,1987,1996
CR Woakes,Tests,62,99,2034,25.11111111111111,NA,1,7,2013,2025
BA Young,Tests,35,68,2034,31.78125,NA,2,12,1993,1999
MJ Greatbatch,Tests,41,71,2021,30.62121212121212,NA,3,10,1988,1996
CJL Rogers,Tests,25,48,2015,42.87234042553192,NA,5,14,2008,2015
AC Hudson,Tests,35,63,2007,33.45,NA,4,13,1992,1998
Saud Shakeel,Tests,26,50,2006,42.680851063829785,NA,4,11,2022,2026
DN Sardesai,Tests,30,55,2001,39.23529411764706,NA,5,9,1961,1972
TW Hayward,Tests,35,60,1999,34.46551724137931,NA,3,12,1896,1909
MA Noble,Tests,42,73,1997,30.257575757575758,NA,1,16,1898,1909
DL Murray,Tests,62,96,1993,22.908045977011493,NA,0,11,1963,1980
CR Ervine,Tests,32,62,1991,33.74576271186441,NA,4,8,2011,2026
HH Streak,Tests,65,107,1990,22.359550561797754,NA,1,11,1993,2005
AD Gaekwad,Tests,40,70,1985,30.075757575757574,NA,2,10,1974,1985
G Pullar,Tests,28,49,1974,43.86666666666667,NA,4,12,1959,1963
BM McMillan,Tests,38,62,1968,39.36,NA,3,13,1992,1998
EAB Rowan,Tests,26,50,1965,43.666666666666664,NA,3,12,1935,1951
JM Parks,Tests,46,68,1962,32.16393442622951,NA,2,9,1954,1968
BA Edgar,Tests,39,68,1958,30.59375,NA,3,12,1978,1986
Abdul Razzaq,Tests,46,77,1946,28.61764705882353,NA,3,7,1999,2006
SC Williams,Tests,24,47,1946,45.25581395348837,NA,6,7,2013,2025
W Jaffer,Tests,31,58,1944,34.10526315789474,NA,5,11,2000,2008
RS Kaluwitharana,Tests,49,78,1933,26.12162162162162,NA,3,9,1992,2004
AC MacLaren,Tests,35,61,1931,33.87719298245614,NA,5,8,1894,1909
C Green,Tests,39,62,1920,34.285714285714285,NA,3,8,2020,2026
L Klusener,Tests,49,69,1906,32.86206896551724,NA,4,8,1996,2004
Yuvraj Singh,Tests,40,62,1900,33.92857142857143,NA,3,11,2003,2012
Shoaib Malik,Tests,35,60,1898,35.148148148148145,NA,3,8,2001,2015
RC Russell,Tests,54,86,1897,27.1,NA,2,6,1988,1998
Salman Butt,Tests,33,62,1889,30.467741935483872,NA,3,10,2003,2010
PH Parfitt,Tests,37,52,1882,40.91304347826087,NA,7,6,1961,1972
Abdullah Shafique,Tests,28,54,1878,38.326530612244895,NA,6,7,2021,2026
Imam-ul-Haq,Tests,31,58,1865,34.53703703703704,NA,3,11,2018,2026
R Ravindra,Tests,24,44,1865,47.82051282051282,NA,5,7,2021,2026
GRJ Matthews,Tests,33,53,1849,41.08888888888889,NA,4,12,1983,1993
RES Wyatt,Tests,40,64,1839,31.70689655172414,NA,2,12,1927,1937
R Illingworth,Tests,61,90,1836,23.240506329113924,NA,2,5,1958,1973
RP Arnold,Tests,44,69,1821,28.015384615384615,NA,3,10,1997,2004
IDS Smith,Tests,63,88,1815,25.56338028169014,NA,2,6,1980,1992
MD Marshall,Tests,81,107,1810,18.854166666666668,NA,0,10,1978,1991
JP Crawley,Tests,37,61,1800,34.61538461538461,NA,4,9,1994,2003
DS Lehmann,Tests,27,42,1798,44.95,NA,5,10,1998,2004
Imrul Kayes,Tests,39,76,1797,24.283783783783782,NA,3,4,2008,2019
NT Paranavitana,Tests,32,60,1792,32.58181818181818,NA,2,11,2009,2012
RJ Burns,Tests,32,59,1789,30.322033898305083,NA,3,11,2018,2022
MJ Horne,Tests,35,65,1788,28.38095238095238,NA,4,5,1997,2003
JDP Oram,Tests,33,59,1780,36.326530612244895,NA,5,6,2002,2009
VD Philander,Tests,64,94,1779,24.04054054054054,NA,0,8,2011,2020
BC Booth,Tests,29,48,1773,42.214285714285715,NA,5,10,1961,1966
DS Smith,Tests,43,76,1760,23.783783783783782,NA,1,8,2003,2018
CJ Tavare,Tests,31,56,1755,32.5,NA,2,12,1980,1989
GA Faulkner,Tests,25,47,1754,40.7906976744186,NA,4,8,1906,1924
WU Tharanga,Tests,31,58,1754,31.89090909090909,NA,3,8,2005,2017
Javed Omar,Tests,40,80,1720,22.05128205128205,NA,1,8,2001,2007
HH Dippenaar,Tests,38,62,1718,30.140350877192983,NA,3,7,1999,2007
Shahid Afridi,Tests,27,48,1716,36.51063829787234,NA,5,8,1998,2010
JE Emburey,Tests,64,96,1713,22.539473684210527,NA,0,10,1978,1995
Salman Agha,Tests,28,53,1708,36.340425531914896,NA,3,12,2022,2026
NM Lyon,Tests,143,183,1705,12.819548872180452,NA,0,0,2011,2026
HMRKB Herath,Tests,93,144,1699,14.64655172413793,NA,0,3,1999,2018
GM Ritchie,Tests,30,53,1690,35.208333333333336,NA,3,7,1982,1987
KC Bland,Tests,21,39,1669,49.088235294117645,NA,3,9,1961,1966
MH Denness,Tests,28,45,1667,39.69047619047619,NA,4,7,1969,1975
BC Broad,Tests,25,44,1661,39.54761904761905,NA,6,6,1984,1989
JT Tyldesley,Tests,31,55,1661,30.75925925925926,NA,4,9,1899,1909
J Darling,Tests,34,60,1657,28.56896551724138,NA,3,8,1894,1905
GS Ballance,Tests,24,44,1653,40.31707317073171,NA,5,7,2014,2023
J Hardstaff jnr,Tests,23,38,1636,46.74285714285714,NA,4,10,1935,1948
MS Sinclair,Tests,33,56,1635,32.05882352941177,NA,3,4,1999,2010
WR Endean,Tests,28,52,1630,33.958333333333336,NA,3,8,1951,1958
RB McCosker,Tests,25,46,1622,39.5609756097561,NA,4,9,1975,1980
SV Carlisle,Tests,37,66,1615,26.916666666666668,NA,2,8,1995,2005
MS Wade,Tests,36,63,1613,29.87037037037037,NA,4,5,2012,2021
NJ Contractor,Tests,31,52,1611,31.58823529411765,NA,1,11,1955,1962
Yashpal Sharma,Tests,37,59,1606,33.458333333333336,NA,2,9,1979,1983
JJ Crowe,Tests,39,65,1601,26.24590163934426,NA,3,6,1983,1990
RT Robinson,Tests,29,49,1601,36.38636363636363,NA,4,6,1984,1989
M Prabhakar,Tests,39,58,1600,32.6530612244898,NA,1,9,1984,1995
AP Sheahan,Tests,31,53,1594,33.91489361702128,NA,2,7,1967,1974
WA Brown,Tests,22,35,1592,46.8235294117647,NA,4,9,1934,1948
SM Patil,Tests,29,47,1588,36.93023255813954,NA,4,7,1980,1984
SB Styris,Tests,29,48,1586,36.04545454545455,NA,5,6,2002,2007
PJ Cummins,Tests,74,110,1584,16.329896907216494,NA,0,3,2011,2026
SO Dowrich,Tests,35,62,1570,29.074074074074073,NA,3,9,2015,2020
PHKD Mendis,Tests,18,32,1556,53.6551724137931,NA,5,7,2022,2026
RH Catterall,Tests,24,43,1555,37.926829268292686,NA,3,11,1922,1931
JL Smith,Tests,25,43,1549,39.717948717948715,NA,2,10,2024,2026
T Taibu,Tests,28,54,1546,30.313725490196077,NA,1,12,2001,2012
E Paynter,Tests,20,31,1540,59.23076923076923,NA,4,7,1931,1939
PJ Hughes,Tests,26,49,1535,32.659574468085104,NA,3,7,2009,2013
TD Paine,Tests,35,57,1534,32.638297872340424,NA,0,9,2010,2021
BF Hastings,Tests,31,56,1510,30.2,NA,4,7,1969,1976
KD Mackay,Tests,37,52,1507,33.48888888888889,NA,0,13,1956,1963
RR Lindwall,Tests,61,84,1502,21.154929577464788,NA,2,5,1946,1960
Qasim Umar,Tests,26,43,1502,36.63414634146341,NA,3,5,1983,1986
JM Parker,Tests,36,63,1498,24.557377049180328,NA,3,5,1973,1980
Shadman Islam,Tests,30,57,1498,27.74074074074074,NA,2,8,2018,2026
RW Barber,Tests,28,45,1495,35.595238095238095,NA,1,9,1960,1968
Intikhab Alam,Tests,47,77,1493,22.28358208955224,NA,1,8,1959,1977
Yasir Hameed,Tests,25,49,1491,32.41304347826087,NA,2,8,2003,2010
MA Agarwal,Tests,21,36,1488,41.333333333333336,NA,4,6,2018,2022
WB Phillips,Tests,27,48,1485,32.28260869565217,NA,2,7,1983,1986
AC Voges,Tests,20,31,1485,61.875,NA,5,4,2015,2016
DL Houghton,Tests,22,36,1464,43.05882352941177,NA,4,4,1992,1997
A Symonds,Tests,26,41,1462,40.611111111111114,NA,2,10,2004,2008
B Lee,Tests,76,90,1451,20.15277777777778,NA,0,5,1999,2008
FJ Titmus,Tests,53,76,1449,22.29230769230769,NA,0,10,1955,1975
JM Brearley,Tests,39,66,1442,22.88888888888889,NA,0,9,1976,1981
JA Burns,Tests,23,40,1442,36.97435897435897,NA,4,7,2014,2020
NR Mongia,Tests,44,68,1442,24.033333333333335,NA,1,6,1994,2001
CEL Ambrose,Tests,98,145,1439,12.405172413793103,NA,0,1,1988,2000
JD Campbell,Tests,30,59,1438,27.653846153846153,NA,1,5,2019,2026
Sikandar Raza,Tests,22,42,1434,34.142857142857146,NA,1,11,2013,2025
C de Grandhomme,Tests,29,44,1432,38.7027027027027,NA,2,8,2016,2022
WAS Oldfield,Tests,54,80,1427,22.650793650793652,NA,0,4,1920,1937
C Kelleway,Tests,26,42,1422,37.421052631578945,NA,3,6,1910,1928
AF Giles,Tests,54,81,1421,20.897058823529413,NA,0,4,1998,2006
Hon.FS Jackson,Tests,20,33,1415,48.793103448275865,NA,5,6,1893,1905
MW Goodwin,Tests,19,37,1414,42.84848484848485,NA,3,8,1998,2000
RG Nadkarni,Tests,41,67,1414,25.70909090909091,NA,1,7,1955,1968
Khaled Mashud,Tests,44,84,1409,19.04054054054054,NA,1,3,2000,2007
KAJ Roach,Tests,91,147,1403,12.094827586206897,NA,0,1,2009,2026
RT Simpson,Tests,27,45,1401,33.357142857142854,NA,4,6,1948,1955
J Ryder,Tests,20,32,1394,51.629629629629626,NA,3,9,1920,1929
KLT Arthurton,Tests,33,50,1382,30.711111111111112,NA,2,8,1988,1995
Rashid Latif,Tests,37,57,1381,28.770833333333332,NA,1,7,1992,2003
GP Swann,Tests,60,76,1370,22.096774193548388,NA,0,5,2008,2013
S Ramesh,Tests,19,37,1367,37.97222222222222,NA,2,8,1999,2001
Wasim Bari,Tests,81,112,1366,15.883720930232558,NA,0,6,1967,1984
KG Viljoen,Tests,27,50,1365,28.4375,NA,2,9,1930,1949
J Dyson,Tests,30,58,1359,26.647058823529413,NA,2,5,1977,1984
DJ Richardson,Tests,42,64,1359,24.267857142857142,NA,1,8,1992,1998
JM Anderson,Tests,188,265,1353,8.960264900662251,NA,0,1,2003,2024
WP Saha,Tests,40,56,1353,29.41304347826087,NA,3,6,2010,2021
HL Collins,Tests,19,31,1352,45.06666666666667,NA,4,6,1920,1926
Javed Burki,Tests,25,48,1341,30.477272727272727,NA,3,4,1960,1969
BM Laird,Tests,21,40,1341,35.28947368421053,NA,0,11,1979,1982
KA Maharaj,Tests,62,95,1334,15.333333333333334,NA,0,6,2016,2025
L Vincent,Tests,23,40,1332,34.15384615384615,NA,3,9,2001,2007
OG Smith,Tests,26,42,1331,31.69047619047619,NA,4,6,1955,1959
LRD Mendis,Tests,24,43,1329,31.642857142857142,NA,4,8,1982,1988
AK Davidson,Tests,44,61,1328,24.59259259259259,NA,0,5,1953,1963
SS Das,Tests,23,40,1326,34.89473684210526,NA,2,9,2000,2002
JS Solomon,Tests,27,46,1326,34,NA,1,9,1958,1965
DJG Sammy,Tests,38,63,1323,21.688524590163933,NA,1,5,2007,2013
RA Duff,Tests,22,40,1317,35.5945945945946,NA,2,6,1902,1905
N Boje,Tests,43,62,1312,25.23076923076923,NA,0,4,2000,2006
P Nissanka,Tests,19,33,1310,42.25806451612903,NA,4,7,2021,2026
G Fowler,Tests,21,37,1307,35.32432432432432,NA,3,8,1982,1985
DW Hookes,Tests,23,41,1306,34.36842105263158,NA,1,8,1977,1985
MDK Perera,Tests,43,77,1303,18.884057971014492,NA,0,7,2014,2021
CA Davis,Tests,15,29,1301,54.208333333333336,NA,4,4,1968,1973
BW Luckhurst,Tests,21,41,1298,36.05555555555556,NA,4,5,1970,1974
DR Jardine,Tests,22,33,1296,48,NA,1,10,1928,1934
JF Reid,Tests,19,31,1296,46.285714285714285,NA,6,2,1979,1986
RL Dias,Tests,20,36,1285,36.714285714285715,NA,3,8,1982,1987
KS More,Tests,49,64,1285,25.7,NA,0,7,1986,1993
JW Burke,Tests,24,44,1280,34.5945945945946,NA,3,5,1951,1959
A Shrewsbury snr,Tests,23,40,1277,35.47222222222222,NA,3,4,1881,1893
UC Hathurusingha,Tests,26,44,1274,29.627906976744185,NA,0,8,1991,1999
JD Ryder,Tests,18,33,1269,40.935483870967744,NA,3,6,2008,2011
Shahriar Nafees,Tests,24,48,1267,26.395833333333332,NA,1,7,2005,2013
V Pollard,Tests,32,59,1266,24.346153846153847,NA,2,7,1965,1973
K Verreynne,Tests,31,48,1266,30.142857142857142,NA,4,3,2021,2025
RF Surti,Tests,26,48,1263,28.704545454545453,NA,0,9,1960,1969
M Muralidaran,Tests,133,164,1261,11.675925925925926,NA,0,1,1992,2010
J Da Silva,Tests,34,60,1258,24.666666666666668,NA,1,5,2020,2026
PWA Mulder,Tests,24,40,1253,35.8,NA,3,1,2019,2025
DW Steyn,Tests,93,119,1251,13.597826086956522,NA,0,2,2004,2019
GE Gomez,Tests,29,46,1243,30.317073170731707,NA,1,8,1939,1954
HB Cameron,Tests,26,45,1239,30.21951219512195,NA,0,10,1927,1935
G Giffen,Tests,31,53,1238,23.358490566037737,NA,1,6,1881,1896
Z Khan,Tests,92,127,1231,11.951456310679612,NA,0,3,2000,2014
DG Phadkar,Tests,31,45,1229,32.3421052631579,NA,2,8,1947,1959
DD Ebrahim,Tests,29,55,1225,22.685185185185187,NA,0,10,2001,2005
CB Fry,Tests,26,41,1223,32.18421052631579,NA,2,7,1896,1912
S Wettimuny,Tests,23,43,1221,29.071428571428573,NA,2,6,1982,1987
JN Gillespie,Tests,71,93,1218,18.73846153846154,NA,1,2,1996,2006
Haroon Rasheed,Tests,23,36,1217,34.77142857142857,NA,3,5,1977,1983
WA Young,Tests,23,41,1215,31.973684210526315,NA,0,11,2020,2025
G Miller,Tests,34,51,1213,25.80851063829787,NA,0,7,1976,1984
VS Ransford,Tests,20,38,1211,37.84375,NA,1,7,1907,1912
SA Durani,Tests,29,50,1202,25.041666666666668,NA,1,7,1960,1973
DN Patel,Tests,37,66,1200,20.689655172413794,NA,0,5,1987,1997
MW Tate,Tests,39,52,1198,25.48936170212766,NA,1,5,1924,1935
AF Kippax,Tests,22,34,1192,36.121212121212125,NA,2,8,1925,1934
JHW Fingleton,Tests,18,29,1189,42.464285714285715,NA,5,3,1932,1938
CP Mead,Tests,17,26,1185,49.375,NA,4,3,1911,1928
P Willey,Tests,26,50,1184,26.90909090909091,NA,2,5,1976,1986
SC Williams,Tests,31,52,1183,24.142857142857142,NA,1,3,1994,2002
Abid Ali,Tests,16,26,1180,49.166666666666664,NA,4,3,2019,2021
GS Ramchand,Tests,33,53,1180,24.583333333333332,NA,2,5,1952,1960
MDKJ Perera,Tests,22,41,1177,30.973684210526315,NA,2,7,2015,2021
MTG Elliott,Tests,21,36,1172,33.48571428571429,NA,3,4,1996,2004
GO Jones,Tests,34,53,1172,23.918367346938776,NA,1,6,2004,2006
Rev.DS Sheppard,Tests,22,33,1172,37.806451612903224,NA,3,6,1950,1963
R Edwards,Tests,20,32,1171,40.37931034482759,NA,2,9,1972,1975
MJ North,Tests,21,35,1171,35.484848484848484,NA,5,4,2009,2010
PM Siddle,Tests,67,94,1164,14.734177215189874,NA,0,2,2008,2019
RW Taylor,Tests,57,83,1156,16.281690140845072,NA,0,3,1971,1984
BW Sinclair,Tests,21,40,1148,29.435897435897434,NA,3,3,1963,1968
JM Gregory,Tests,24,34,1146,36.96774193548387,NA,2,7,1920,1928
MG Vandort,Tests,20,33,1144,36.903225806451616,NA,4,4,2001,2008
JA Raval,Tests,24,39,1143,30.07894736842105,NA,1,7,2016,2020
Rajin Saleh,Tests,24,46,1141,25.931818181818183,NA,0,7,2003,2008
BT Foakes,Tests,25,46,1139,29.205128205128204,NA,2,4,2018,2024
DT Lindsay,Tests,19,31,1130,37.666666666666664,NA,3,5,1963,1970
Mahmudul Hasan Joy,Tests,23,43,1129,26.25581395348837,NA,2,6,2021,2026
MC Carew,Tests,19,36,1127,34.15151515151515,NA,1,5,1963,1972
Faisal Iqbal,Tests,26,44,1124,26.761904761904763,NA,1,8,2001,2010
G Gunn,Tests,15,29,1120,40,NA,2,7,1907,1930
AC Bannerman,Tests,28,50,1108,23.083333333333332,NA,0,8,1879,1893
CC Lewis,Tests,32,51,1105,23.020833333333332,NA,1,4,1990,1996
IK Pathan,Tests,29,40,1105,31.571428571428573,NA,1,6,2003,2008
BOP Fernando,Tests,22,39,1104,31.542857142857144,NA,1,7,2019,2025
BP Nash,Tests,21,33,1103,33.42424242424242,NA,2,8,2008,2011
K Rabada,Tests,73,110,1102,12.244444444444444,NA,0,1,2015,2025
CJ Barnett,Tests,20,35,1098,35.41935483870968,NA,2,5,1933,1948
WG Grace,Tests,22,36,1098,32.294117647058826,NA,2,5,1880,1899
CB Wishart,Tests,27,50,1098,22.408163265306122,NA,1,5,1995,2005
Alimuddin,Tests,25,45,1091,25.372093023255815,NA,2,7,1954,1962
MJ Santner,Tests,33,46,1089,24.75,NA,1,4,2015,2026
VG Kambli,Tests,17,21,1084,54.2,NA,4,3,1993,1995
PSP Handscomb,Tests,20,35,1079,37.206896551724135,NA,2,5,2016,2023
DJ Malan,Tests,22,39,1074,27.53846153846154,NA,1,9,2017,2022
AMJ Hilditch,Tests,18,34,1073,31.558823529411764,NA,2,6,1979,1985
SG Barnes,Tests,13,19,1072,63.05882352941177,NA,3,5,1938,1948
Waqar Hasan,Tests,21,35,1071,31.5,NA,1,6,1952,1959
JH Sinclair,Tests,25,47,1069,23.23913043478261,NA,3,3,1896,1911
ED Solkar,Tests,27,48,1068,25.428571428571427,NA,1,6,1969,1977
JKC Holt,Tests,17,31,1066,36.758620689655174,NA,2,5,1954,1959
RW Chakabva,Tests,22,43,1061,27.205128205128204,NA,1,5,2011,2021
Mohammad Rafique,Tests,33,63,1059,18.57894736842105,NA,1,4,2000,2008
RA Woolmer,Tests,19,34,1059,33.09375,NA,3,2,1975,1981
Saleem Yousuf,Tests,32,44,1055,27.05128205128205,NA,0,5,1982,1990
C White,Tests,30,50,1052,24.46511627906977,NA,1,5,1994,2002
Sarfraz Nawaz,Tests,55,72,1045,17.71186440677966,NA,0,4,1969,1984
Nasir Hossain,Tests,19,32,1044,34.8,NA,1,6,2011,2017
Rahmat Shah,Tests,12,23,1043,45.34782608695652,NA,3,6,2018,2026
S Madan Lal,Tests,39,62,1042,22.652173913043477,NA,0,5,1974,1986
DP Sibley,Tests,22,39,1042,28.944444444444443,NA,2,5,2019,2021
DR Flynn,Tests,24,45,1038,25.95,NA,0,6,2008,2013
MG Hughes,Tests,53,70,1032,16.64516129032258,NA,0,2,1985,1994
Abdul Qadir,Tests,67,77,1029,15.590909090909092,NA,0,3,1977,1990
RS Madugalle,Tests,21,39,1029,29.4,NA,1,7,1982,1988
KD Karthik,Tests,26,42,1025,25,NA,1,7,2004,2018
GJ Rennie,Tests,23,46,1023,22.733333333333334,NA,0,7,1997,2002
S Abid Ali,Tests,29,53,1018,20.36,NA,0,6,1967,1974
AF Rae,Tests,15,24,1016,46.18181818181818,NA,4,4,1948,1953
Fawad Alam,Tests,19,30,1011,38.88461538461539,NA,5,2,2009,2022
KJ Wadsworth,Tests,33,51,1010,21.48936170212766,NA,0,5,1969,1976
Waqar Younis,Tests,87,120,1010,10.202020202020202,NA,0,0,1989,2003
J Srinath,Tests,67,92,1009,14.211267605633802,NA,0,4,1991,2002
SJ Snooke,Tests,26,46,1008,22.4,NA,1,5,1906,1923
JP Greaves,Tests,18,34,1006,33.53333333333333,NA,3,2,2024,2026
Umar Akmal,Tests,16,30,1003,35.82142857142857,NA,1,6,2009,2011
PV Simmons,Tests,26,47,1002,22.266666666666666,NA,1,4,1988,1997
JG Bracewell,Tests,41,60,1001,20.428571428571427,NA,1,4,1980,1990
EJM Cowan,Tests,18,32,1001,31.28125,NA,1,6,2011,2013
IWG Johnson,Tests,45,66,1000,18.51851851851852,NA,0,6,1946,1956
JM Taylor,Tests,20,28,997,35.607142857142854,NA,1,8,1920,1926
AE Stoddart,Tests,16,30,996,35.57142857142857,NA,2,3,1888,1898
KS Duleepsinhji,Tests,12,19,995,58.529411764705884,NA,3,5,1929,1931
AV Mankad,Tests,22,42,991,25.41025641025641,NA,0,6,1969,1978
GE Tyldesley,Tests,14,20,990,55,NA,3,6,1921,1929
KS Ranjitsinhji,Tests,15,26,989,44.95454545454545,NA,2,6,1896,1902
LC Braund,Tests,23,41,987,25.973684210526315,NA,3,2,1901,1908
KA Edwards,Tests,17,32,986,31.806451612903224,NA,2,8,2011,2014
R Subba Row,Tests,13,22,984,46.857142857142854,NA,3,4,1958,1961
JW Zulch,Tests,16,32,983,32.766666666666666,NA,2,4,1910,1921
Ahmed Shehzad,Tests,13,25,982,40.916666666666664,NA,3,4,2013,2017
BK Kunderan,Tests,18,34,981,32.7,NA,2,3,1960,1967
FS Trueman,Tests,67,85,981,13.816901408450704,NA,0,0,1952,1965
B Yardley,Tests,33,54,978,19.56,NA,0,4,1978,1983
IJ Siedle,Tests,18,34,977,28.735294117647058,NA,1,5,1928,1936
BP Patel,Tests,21,38,972,29.454545454545453,NA,1,5,1974,1977
Junaid Siddique,Tests,19,37,969,26.18918918918919,NA,1,7,2008,2012
PG Fulton,Tests,23,39,967,25.44736842105263,NA,2,5,2006,2014
JWHT Douglas,Tests,23,35,962,29.151515151515152,NA,1,6,1911,1925
FCM Alexander,Tests,25,38,961,30.03125,NA,1,7,1957,1961
SA Thomson,Tests,19,35,958,30.903225806451612,NA,1,5,1990,1995
GD Phillips,Tests,19,33,956,35.407407407407405,NA,1,5,2020,2026
PS McDonnell,Tests,19,34,955,28.939393939393938,NA,3,2,1880,1888
PR Reiffel,Tests,35,50,955,26.52777777777778,NA,0,6,1992,1998
Taijul Islam,Tests,62,104,955,10.380434782608695,NA,0,0,2014,2026
CA Roach,Tests,16,32,952,30.70967741935484,NA,2,6,1928,1935
KR Mayers,Tests,18,32,949,32.724137931034484,NA,2,2,2021,2023
G Ulyett,Tests,25,39,949,24.333333333333332,NA,1,7,1877,1890
GD McKenzie,Tests,60,89,945,12.272727272727273,NA,0,2,1961,1971
M Morkel,Tests,86,104,944,11.654320987654321,NA,0,0,2006,2018
CJ McDermott,Tests,71,90,940,12.207792207792208,NA,0,0,1984,1996
DL Underwood,Tests,86,116,937,11.567901234567902,NA,0,0,1966,1982
Washington Sundar,Tests,18,30,937,44.61904761904762,NA,1,6,2021,2026
CA Walsh,Tests,132,185,936,7.548387096774194,NA,0,0,1984,2001
PAJ DeFreitas,Tests,44,68,934,14.825396825396826,NA,0,4,1986,1995
RAS Lakmal,Tests,70,109,934,11.119047619047619,NA,0,0,2010,2022
PA Patel,Tests,25,38,934,31.133333333333333,NA,0,6,2002,2018
Asif Mujtaba,Tests,25,41,928,24.42105263157895,NA,0,8,1986,1997
BL Cairns,Tests,43,65,928,16.280701754385966,NA,0,2,1974,1985
AH Kardar,Tests,26,42,927,23.76923076923077,NA,0,5,1946,1958
Saqlain Mushtaq,Tests,49,78,927,14.484375,NA,1,2,1995,2004
APF Chapman,Tests,26,36,925,28.90625,NA,1,5,1924,1931
DS Atkinson,Tests,22,35,922,31.79310344827586,NA,1,5,1948,1958
CM Spearman,Tests,19,37,922,26.34285714285714,NA,1,3,1995,2000
GHS Trott,Tests,24,42,921,21.928571428571427,NA,1,4,1888,1898
CWJ Athey,Tests,23,41,919,22.975,NA,1,4,1980,1988
T de Zorzi,Tests,17,31,919,30.633333333333333,NA,2,3,2023,2025
DA Allen,Tests,39,51,918,25.5,NA,0,5,1960,1966
JR Murray,Tests,33,45,918,22.390243902439025,NA,1,3,1993,2002
Yasir Shah,Tests,48,72,918,14.123076923076923,NA,1,0,2014,2022
KD Ghavri,Tests,39,57,913,21.232558139534884,NA,0,2,1974,1981
MA Holding,Tests,60,76,910,13.787878787878787,NA,0,6,1975,1987
CAG Russell,Tests,10,18,910,56.875,NA,5,2,1920,1923
WL Murdoch,Tests,19,34,908,31.310344827586206,NA,2,1,1877,1892
DK Lillee,Tests,70,90,905,13.712121212121213,NA,0,1,1971,1984
HE van der Dussen,Tests,18,32,905,30.166666666666668,NA,0,6,2019,2022
AFA Lilley,Tests,35,52,903,20.522727272727273,NA,0,4,1896,1909
PA Jaques,Tests,11,19,902,47.473684210526315,NA,3,6,2005,2008
Azhar Mahmood,Tests,21,34,900,30,NA,3,1,1997,2001
BR Taylor,Tests,30,50,898,20.40909090909091,NA,2,2,1965,1973
GJ Cosier,Tests,18,32,897,28.93548387096774,NA,2,3,1975,1978
RD Rickelton,Tests,15,27,897,37.375,NA,2,1,2022,2025
RJ Christiani,Tests,22,37,896,26.352941176470587,NA,1,4,1948,1954
GF Lawson,Tests,46,68,894,15.964285714285714,NA,0,4,1980,1989
A Melville,Tests,11,19,894,52.588235294117645,NA,4,3,1938,1949
PM Toohey,Tests,15,29,893,31.892857142857142,NA,1,7,1977,1980
SN McGregor,Tests,25,47,892,19.822222222222223,NA,1,3,1955,1965
ATW Grout,Tests,51,67,890,15.084745762711865,NA,0,3,1957,1966
KAR Hodge,Tests,17,32,889,28.677419354838708,NA,2,4,2024,2026
DB Close,Tests,22,37,887,25.34285714285714,NA,0,4,1949,1976
AM Blignaut,Tests,19,36,886,26.848484848484848,NA,0,6,2001,2005
JE Cheetham,Tests,24,43,883,23.864864864864863,NA,0,5,1949,1955
JDB Robertson,Tests,11,21,881,46.36842105263158,NA,2,6,1947,1952
A Sandham,Tests,14,23,879,38.21739130434783,NA,2,3,1921,1930
W Watson,Tests,23,37,879,25.852941176470587,NA,2,3,1951,1959
L Amarnath,Tests,24,40,878,24.38888888888889,NA,1,4,1933,1952
PH Edmonds,Tests,51,65,875,17.5,NA,0,2,1975,1987
N Wagner,Tests,64,84,875,14.583333333333334,NA,0,1,2012,2024
H Carter,Tests,28,47,873,22.973684210526315,NA,0,4,1907,1921
HR Adhikari,Tests,21,36,872,31.142857142857142,NA,1,4,1947,1959
GC White,Tests,17,31,872,30.06896551724138,NA,2,4,1906,1912
HDPK Dharmasena,Tests,31,51,868,19.727272727272727,NA,0,3,1993,2004
BD Julien,Tests,24,34,866,30.928571428571427,NA,2,3,1973,1977
DG Cork,Tests,37,56,864,18,NA,0,3,1995,2002
HJ Tayfield,Tests,37,60,862,16.901960784313726,NA,0,2,1949,1960
AR Caddick,Tests,62,95,861,10.373493975903614,NA,0,0,1993,2003
GRJ Roope,Tests,21,32,860,30.714285714285715,NA,0,7,1973,1978
JDC Goddard,Tests,27,39,859,30.678571428571427,NA,0,4,1948,1957
VM Merchant,Tests,10,18,859,47.72222222222222,NA,3,3,1933,1951
Basit Ali,Tests,19,33,858,26.8125,NA,1,5,1993,1995
DW Lawrence,Tests,17,31,858,29.586206896551722,NA,0,7,2021,2026
JE Taylor,Tests,46,73,856,12.969696969696969,NA,1,1,2003,2016
D Gough,Tests,58,86,855,12.573529411764707,NA,0,2,1994,2003
TG McIntosh,Tests,17,33,854,27.548387096774192,NA,2,4,2008,2011
H Trumble,Tests,32,57,851,19.790697674418606,NA,0,4,1890,1904
Haris Sohail,Tests,16,27,847,32.57692307692308,NA,2,3,2017,2021
CM Old,Tests,46,66,845,14.824561403508772,NA,0,2,1972,1981
RGD Willis,Tests,90,128,840,11.506849315068493,NA,0,0,1971,1984
PA Strang,Tests,24,41,839,27.06451612903226,NA,1,2,1994,2001
GH Vihari,Tests,16,28,839,33.56,NA,1,5,2018,2022
SO Hetmyer,Tests,16,30,838,27.933333333333334,NA,0,5,2017,2019
AM Bacher,Tests,19,33,833,26.03125,NA,0,5,1996,1999
Soumya Sarkar,Tests,16,30,831,27.7,NA,1,4,2015,2021
RMH Binny,Tests,27,41,830,23.055555555555557,NA,0,5,1979,1987
DG Bedingham,Tests,15,26,828,36,NA,1,4,2023,2025
TJ Franklin,Tests,21,37,828,23,NA,1,4,1983,1991
JL Denly,Tests,15,28,827,29.535714285714285,NA,0,6,2019,2020
KJ Funston,Tests,18,33,824,25.75,NA,0,5,1952,1958
SM Warnapura,Tests,14,24,821,35.69565217391305,NA,2,7,2007,2009
AJ Pithey,Tests,17,27,819,31.5,NA,1,4,1957,1965
WW Hall,Tests,48,66,818,15.73076923076923,NA,0,2,1958,1969
Khurram Manzoor,Tests,16,30,817,28.17241379310345,NA,1,7,2009,2014
J Briggs,Tests,33,50,815,18.11111111111111,NA,1,2,1884,1899
SM Curran,Tests,24,38,815,24.696969696969695,NA,0,3,2018,2021
AR MacGibbon,Tests,26,46,814,19.853658536585368,NA,0,3,1951,1958
TR Veivers,Tests,21,30,813,31.26923076923077,NA,0,7,1963,1967
BR Knight,Tests,29,38,812,26.193548387096776,NA,2,0,1961,1969
NWD Yardley,Tests,20,34,812,25.375,NA,0,4,1938,1950
SS Iyer,Tests,14,24,811,36.86363636363637,NA,1,5,2021,2024
MA Wood,Tests,38,64,811,15.596153846153847,NA,0,1,2015,2025
AJ Watkins,Tests,15,24,810,40.5,NA,2,4,1948,1952
TR Gripper,Tests,20,38,809,21.864864864864863,NA,1,5,1999,2004
JEC Franklin,Tests,31,46,808,20.71794871794872,NA,1,2,2001,2013
FA Iredale,Tests,14,23,807,36.68181818181818,NA,2,4,1894,1899
JR Ratnayeke,Tests,22,38,807,25.21875,NA,0,5,1982,1989
JW Hearne,Tests,24,36,806,26,NA,1,2,1911,1926
AS Joseph,Tests,42,67,804,12.36923076923077,NA,0,2,2016,2026
NE Bonner,Tests,15,25,803,38.23809523809524,NA,2,3,2021,2022
Wazir Mohammad,Tests,20,33,801,27.620689655172413,NA,2,3,1952,1959
JM Blackham,Tests,35,62,800,15.686274509803921,NA,0,4,1877,1894
Mashrafe Mortaza,Tests,36,67,797,12.85483870967742,NA,0,3,2001,2009
Hashmatullah Shahidi,Tests,12,23,796,44.22222222222222,NA,2,2,2018,2026
GH Hirst,Tests,24,38,790,22.571428571428573,NA,0,5,1897,1909
GB Hole,Tests,18,33,789,25.451612903225808,NA,0,6,1951,1955
PJ Sharpe,Tests,12,21,786,46.23529411764706,NA,1,4,1963,1969
MG Bevan,Tests,18,30,785,29.074074074074073,NA,0,6,1994,1998
PR Downton,Tests,30,48,785,19.625,NA,0,4,1981,1988
I Sharma,Tests,105,142,785,8.263157894736842,NA,0,1,2007,2021
CF Walters,Tests,11,18,784,52.266666666666666,NA,1,7,1933,1934
W Mathias,Tests,21,36,783,23.727272727272727,NA,0,3,1955,1962
Mohammad Wasim,Tests,18,28,783,30.115384615384617,NA,2,2,1996,2000
SFAF Bacchus,Tests,19,30,782,26.066666666666666,NA,1,3,1978,1982
A Athanaze,Tests,17,33,781,23.666666666666668,NA,0,4,2023,2025
KK Jennings,Tests,17,32,781,25.193548387096776,NA,2,1,2016,2019
WK Lees,Tests,21,37,778,23.575757575757574,NA,1,1,1976,1983
CZ Harris,Tests,23,42,777,20.44736842105263,NA,0,5,1992,2002
NRD Compton,Tests,16,30,775,28.703703703703702,NA,2,2,2012,2016
RWT Key,Tests,15,26,775,31,NA,1,3,2002,2005
JM How,Tests,19,35,772,22.705882352941178,NA,0,4,2006,2009
JA Snow,Tests,49,71,772,13.543859649122806,NA,0,2,1965,1976
DAJ Holford,Tests,24,39,768,22.58823529411765,NA,1,3,1966,1977
SK Raina,Tests,18,31,768,26.482758620689655,NA,1,7,2010,2015
A Turner,Tests,14,27,768,29.53846153846154,NA,1,3,1975,1977
AME Roberts,Tests,47,62,762,14.941176470588236,NA,0,3,1974,1983
AJ Hall,Tests,21,33,760,26.20689655172414,NA,1,3,2002,2007
TA Boult,Tests,78,94,759,15.8125,NA,0,1,2011,2022
T Stubbs,Tests,14,26,759,31.625,NA,2,3,2024,2025
T Chanderpaul,Tests,15,29,758,28.074074074074073,NA,1,2,2022,2026
Sami Aslam,Tests,13,25,758,31.583333333333332,NA,0,7,2015,2017
LE Favell,Tests,19,31,757,27.035714285714285,NA,1,5,1954,1961
HD Rutherford,Tests,16,29,755,26.964285714285715,NA,1,1,2013,2015
LJ Tucker,Tests,10,20,753,41.833333333333336,NA,1,5,2023,2026
Mohammad Amir,Tests,36,67,751,13.410714285714286,NA,0,0,2009,2019
GOB Allen,Tests,25,33,750,24.193548387096776,NA,1,3,1930,1948
Mohammed Shami,Tests,64,89,750,12.096774193548388,NA,0,2,2013,2023
S Venkataraghavan,Tests,57,76,748,11.6875,NA,0,2,1965,1983
Nasim-ul-Ghani,Tests,29,50,747,16.6,NA,1,2,1958,1973
R Abel,Tests,13,22,744,37.2,NA,2,2,1888,1902
SJ Harmison,Tests,63,86,743,11.793650793650794,NA,0,0,2002,2009
GAR Lock,Tests,49,63,742,13.74074074074074,NA,0,3,1952,1968
PL Symcox,Tests,20,27,741,28.5,NA,1,4,1993,1998
RS Modi,Tests,10,17,736,46,NA,1,6,1946,1952
EAS Prasanna,Tests,49,84,735,11.484375,NA,0,0,1962,1978
FR Brown,Tests,22,30,734,25.310344827586206,NA,0,5,1931,1953
PJ Moor,Tests,15,30,734,25.310344827586206,NA,0,6,2016,2025
RW Morgan,Tests,20,34,734,22.242424242424242,NA,0,5,1965,1972
JJ Lyons,Tests,14,27,731,27.074074074074073,NA,1,3,1887,1897
J Arun Lal,Tests,16,29,729,26.035714285714285,NA,0,6,1982,1989
MD Bell,Tests,18,32,729,24.3,NA,2,3,1998,2008
DJ Nash,Tests,32,45,729,23.516129032258064,NA,0,4,1992,2001
W Barnes,Tests,21,33,725,23.387096774193548,NA,1,5,1880,1890
N Deonarine,Tests,18,30,725,25.892857142857142,NA,0,5,2005,2013
CB van Ryneveld,Tests,19,33,724,26.814814814814813,NA,0,3,1951,1958
CS Dempster,Tests,10,15,723,65.72727272727273,NA,2,5,1930,1933
WW Read,Tests,18,27,720,27.692307692307693,NA,1,5,1882,1893
NV Knight,Tests,17,30,719,23.966666666666665,NA,1,4,1995,2001
Asim Kamal,Tests,12,20,717,37.73684210526316,NA,0,8,2003,2005
AV Bedser,Tests,51,71,714,12.75,NA,0,1,1946,1955
RG Archer,Tests,19,30,713,24.586206896551722,NA,1,2,1953,1956
DG Brownlie,Tests,14,25,711,29.625,NA,1,4,2011,2013
JDS Neesham,Tests,12,22,709,33.76190476190476,NA,2,4,2014,2017
D Bishoo,Tests,36,61,707,15.369565217391305,NA,0,0,2011,2018
VY Richardson,Tests,19,30,706,23.533333333333335,NA,1,1,1924,1936
KD Petersen,Tests,14,25,704,28.16,NA,0,4,2021,2024
W Bruce,Tests,14,26,702,29.25,NA,0,5,1885,1895
ARS Silva,Tests,12,23,702,35.1,NA,1,5,2017,2019
EJG Morgan,Tests,16,24,700,30.434782608695652,NA,2,3,2010,2012
M Ntini,Tests,101,116,699,9.845070422535212,NA,0,0,1998,2009
EL Dalton,Tests,15,24,698,31.727272727272727,NA,2,3,1929,1939
WM Darling,Tests,14,27,697,26.807692307692307,NA,0,6,1978,1979
DR Pringle,Tests,30,50,695,15.108695652173912,NA,0,1,1982,1992
IC Davis,Tests,15,27,692,26.615384615384617,NA,1,4,1973,1977
AR Patel,Tests,15,24,688,34.4,NA,0,4,2021,2025
Faheem Ashraf,Tests,17,27,687,26.423076923076923,NA,0,4,2018,2023
Hanumant Singh,Tests,14,24,686,31.181818181818183,NA,1,5,1964,1969
Al Sahariar,Tests,15,30,683,22.766666666666666,NA,0,4,2000,2003
CJ Anderson,Tests,13,22,683,32.523809523809526,NA,1,4,2013,2016
FL Fane,Tests,14,27,682,26.23076923076923,NA,1,3,1906,1910
VA Holder,Tests,40,59,682,14.208333333333334,NA,0,0,1969,1979
A Bacher,Tests,12,22,679,32.333333333333336,NA,0,6,1965,1970
JR Thomson,Tests,51,73,679,12.81132075471698,NA,0,0,1972,1985
MJ Henry,Tests,35,49,676,15.720930232558139,NA,0,4,2015,2026
JC Laker,Tests,46,63,676,14.083333333333334,NA,0,2,1948,1959
JB Statham,Tests,70,87,675,11.440677966101696,NA,0,0,1951,1965
DS Steele,Tests,8,16,673,42.0625,NA,1,5,1975,1976
J Garner,Tests,58,68,672,12.444444444444445,NA,0,1,1977,1987
H Verity,Tests,40,44,669,20.90625,NA,0,3,1931,1939
AR McBrine,Tests,12,23,667,35.10526315789474,NA,0,6,2019,2026
BA Pocock,Tests,15,29,665,22.93103448275862,NA,0,6,1993,1997
JJ Kelly,Tests,36,56,664,17.025641025641026,NA,0,0,1896,1905
DPB Morkel,Tests,16,28,663,24.555555555555557,NA,0,4,1927,1932
Hannan Sarkar,Tests,17,33,662,20.060606060606062,NA,0,5,2002,2004
AB Barath,Tests,15,28,657,23.464285714285715,NA,1,4,2009,2012
KD Boyce,Tests,21,30,657,24.333333333333332,NA,0,4,1971,1976
W Bates,Tests,15,26,656,27.333333333333332,NA,0,5,1881,1887
BS Bedi,Tests,67,101,656,8.986301369863014,NA,0,1,1966,1979
JFM Morrison,Tests,17,29,656,22.620689655172413,NA,1,3,1973,1982
Mushtaq Ahmed,Tests,52,72,656,11.714285714285714,NA,0,2,1990,2003
Mansoor Akhtar,Tests,19,29,655,25.192307692307693,NA,1,3,1980,1990
C Milburn,Tests,9,16,654,46.714285714285715,NA,2,2,1966,1969
MT Renshaw,Tests,15,25,653,28.391304347826086,NA,1,3,2016,2026
JH Wardle,Tests,28,41,653,19.78787878787879,NA,0,2,1948,1957
AA Donald,Tests,72,94,652,10.688524590163935,NA,0,0,1992,2002
HJH Marshall,Tests,13,19,652,38.35294117647059,NA,2,2,2000,2006
DC Jurel,Tests,12,19,651,40.6875,NA,2,2,2024,2026
A Mishra,Tests,22,32,648,21.6,NA,0,4,2008,2016
KJ O'Keeffe,Tests,24,34,644,25.76,NA,0,1,1971,1977
GD McGrath,Tests,124,138,641,7.367816091954023,NA,0,1,1993,2007
GS Camacho,Tests,11,22,640,29.09090909090909,NA,0,4,1968,1971
AFG Griffith,Tests,14,27,638,24.53846153846154,NA,1,4,1997,2000
LN Constantine,Tests,18,33,635,19.242424242424242,NA,0,4,1928,1939
IR Bishop,Tests,43,63,632,12.153846153846153,NA,0,0,1989,1998
SC Cook,Tests,11,19,632,33.26315789473684,NA,3,2,2016,2017
HG Deane,Tests,17,27,628,25.12,NA,0,3,1924,1931
Nishan Madushka,Tests,13,24,628,27.304347826086957,NA,1,2,2023,2026
RG Twose,Tests,16,27,628,25.12,NA,0,6,1995,1999
PN Kirsten,Tests,12,22,626,31.3,NA,1,4,1992,1994
TW Jarvis,Tests,13,22,625,29.761904761904763,NA,1,2,1965,1973
M Jansen,Tests,21,32,624,23.11111111111111,NA,0,4,2021,2025
M Kaif,Tests,13,22,624,32.8421052631579,NA,1,3,2000,2006
PF Warner,Tests,15,28,622,23.923076923076923,NA,1,3,1899,1912
Fazal Mahmood,Tests,34,50,620,14.090909090909092,NA,0,1,1952,1962
JAJ Christy,Tests,10,18,618,34.333333333333336,NA,1,5,1929,1932
UDU Chandana,Tests,16,24,616,26.782608695652176,NA,0,2,1999,2005
TMK Mawoyo,Tests,11,22,615,29.285714285714285,NA,1,3,2011,2016
RC Motz,Tests,32,56,612,11.547169811320755,NA,0,3,1961,1969
S Mushtaq Ali,Tests,11,20,612,32.21052631578947,NA,2,3,1934,1952
RWV Robins,Tests,19,27,612,26.608695652173914,NA,1,4,1929,1937
JC Watkins,Tests,15,27,612,23.53846153846154,NA,0,3,1949,1957
CS Baugh,Tests,21,36,610,17.941176470588236,NA,0,3,2003,2012
MS Harris,Tests,14,26,607,25.291666666666668,NA,0,3,2018,2022
PM Pollock,Tests,28,41,607,21.678571428571427,NA,0,2,1961,1970
GS Dinusha,Tests,5,9,606,86.57142857142857,NA,3,2,2025,2026
JT Ikin,Tests,18,31,606,20.896551724137932,NA,0,3,1946,1955
RJ Harris,Tests,27,39,603,21.535714285714285,NA,0,3,2010,2015
RE Foster,Tests,8,14,602,46.30769230769231,NA,1,1,1903,1907
Ibrahim Zadran,Tests,8,16,602,37.625,NA,1,4,2019,2025
DA Murray,Tests,19,31,601,21.464285714285715,NA,0,3,1978,1982
AG Steel,Tests,13,20,600,35.294117647058826,NA,2,0,1880,1888
BAG Murray,Tests,13,26,598,23.92,NA,0,5,1968,1971
Zakir Hasan,Tests,13,26,593,23.72,NA,1,4,2022,2024
TJE Andrews,Tests,16,23,592,26.90909090909091,NA,0,4,1921,1926
Adnan Akmal,Tests,21,29,591,24.625,NA,0,3,2010,2014
RG Barlow,Tests,17,30,591,22.73076923076923,NA,0,2,1881,1887
HR Lance,Tests,13,22,591,28.142857142857142,NA,0,5,1962,1970
V Sibanda,Tests,14,28,591,21.107142857142858,NA,0,2,2003,2014
MD Craig,Tests,15,25,589,36.8125,NA,0,3,2014,2016
AAP Atkinson,Tests,21,31,587,19.566666666666666,NA,1,0,2024,2026
MHN Walker,Tests,34,43,586,19.533333333333335,NA,0,1,1972,1977
Alok Kapali,Tests,17,34,584,17.696969696969695,NA,0,2,2002,2006
Aftab Ahmed,Tests,16,31,582,20.785714285714285,NA,0,1,2004,2010
MP Donnelly,Tests,7,12,582,52.90909090909091,NA,1,4,1937,1949
PA Gibb,Tests,8,13,581,44.69230769230769,NA,2,3,1938,1946
MLC Foster,Tests,14,24,580,30.526315789473685,NA,1,1,1969,1978
JG Bethell,Tests,9,18,579,34.05882352941177,NA,1,4,2024,2026
KK Nair,Tests,10,15,579,41.357142857142854,NA,1,1,2016,2025
Umar Gul,Tests,47,67,577,9.948275862068966,NA,0,1,2003,2013
MN Waller,Tests,14,28,577,21.37037037037037,NA,0,4,2011,2017
A Jadeja,Tests,15,24,576,26.181818181818183,NA,0,4,1992,2000
A Balbirnie,Tests,13,26,575,23,NA,0,5,2018,2026
RS Bopara,Tests,13,19,575,31.944444444444443,NA,3,0,2007,2012
TT Bresnan,Tests,23,26,575,26.136363636363637,NA,0,3,2009,2013
JR Hazlewood,Tests,78,99,575,11.5,NA,0,0,2014,2026
AD Hales,Tests,11,21,573,27.285714285714285,NA,0,5,2015,2016
CE McLeod,Tests,17,29,573,23.875,NA,1,4,1894,1905
RS Morton,Tests,15,27,573,22.03846153846154,NA,0,4,2005,2008
AB Agarkar,Tests,26,39,571,16.794117647058822,NA,1,0,1998,2006
SB Doull,Tests,32,50,570,14.615384615384615,NA,0,0,1992,2000
E Chigumbura,Tests,14,27,569,21.074074074074073,NA,0,4,2004,2014
GL Jessop,Tests,18,26,569,21.884615384615383,NA,1,3,1899,1912
BJ Bennett,Tests,12,20,568,31.555555555555557,NA,2,3,2024,2026
DAJ Bracewell,Tests,28,45,568,13.853658536585366,NA,0,0,2011,2023
Aamer Malik,Tests,14,19,565,35.3125,NA,2,3,1987,1994
EDAS McMorris,Tests,13,21,564,26.857142857142858,NA,1,3,1958,1966
GO Rabone,Tests,12,20,562,31.22222222222222,NA,1,2,1949,1955
IS Sodhi,Tests,21,31,561,20.77777777777778,NA,0,4,2013,2024
CV Grimmett,Tests,37,50,557,13.925,NA,0,1,1925,1936
MF Maharoof,Tests,22,34,556,18.533333333333335,NA,0,3,2004,2011
GP Wickramasinghe,Tests,40,64,555,9.40677966101695,NA,0,1,1991,2001
SJE Loxton,Tests,12,15,554,36.93333333333333,NA,1,3,1948,1951
SSJ Brooks,Tests,13,24,553,23.041666666666668,NA,1,3,2019,2022
AG Chipperfield,Tests,14,20,552,32.470588235294116,NA,1,2,1934,1938
B Kumar,Tests,21,29,552,22.08,NA,0,3,2013,2018
D Lloyd,Tests,9,15,552,42.46153846153846,NA,1,0,1974,1975
S Amarnath,Tests,10,18,550,30.555555555555557,NA,1,3,1976,1978
M Dillon,Tests,38,68,549,8.446153846153846,NA,0,0,1997,2004
Iqbal Qasim,Tests,50,57,549,13.071428571428571,NA,0,1,1976,1988
JM Vince,Tests,13,22,548,24.90909090909091,NA,0,3,2016,2018
CB Llewellyn,Tests,15,28,544,20.14814814814815,NA,0,4,1896,1912
Shoaib Akhtar,Tests,46,67,544,10.074074074074074,NA,0,0,1997,2007
WA Hadlee,Tests,11,19,543,30.166666666666668,NA,1,2,1937,1951
ML Apte,Tests,7,13,542,49.27272727272727,NA,1,3,1952,1953
AG Cremer,Tests,19,38,540,16.363636363636363,NA,1,0,2005,2017
AU Rashid,Tests,19,33,540,19.285714285714285,NA,0,2,2015,2019
BJ Curran,Tests,9,16,537,33.5625,NA,1,1,2024,2026
LPC Silva,Tests,11,17,537,33.5625,NA,1,2,2006,2008
RA Harper,Tests,25,32,535,18.448275862068964,NA,0,3,1983,1993
RO Collinge,Tests,35,50,533,14.405405405405405,NA,0,2,1965,1978
PL van der Merwe,Tests,15,23,533,25.38095238095238,NA,0,3,1963,1967
NC Johnson,Tests,13,23,532,24.181818181818183,NA,1,4,1998,2000
HH Pandya,Tests,11,18,532,31.294117647058822,NA,1,4,2017,2018
S Ranatunga,Tests,9,17,531,33.1875,NA,2,2,1994,1997
DT Tiripano,Tests,16,31,531,22.125,NA,0,2,2014,2023
Aminul Islam,Tests,13,26,530,21.2,NA,1,2,2000,2002
CC Griffith,Tests,28,42,530,16.5625,NA,0,1,1960,1969
DR Hadlee,Tests,26,42,530,14.324324324324325,NA,0,1,1969,1978
LJ Tancred,Tests,14,26,530,21.2,NA,0,2,1902,1913
MD Stoneman,Tests,11,20,526,27.68421052631579,NA,0,5,2017,2018
CL Vincent,Tests,25,38,526,20.23076923076923,NA,0,2,1927,1935
KA Jamieson,Tests,21,30,523,20.92,NA,0,1,2020,2026
CS Serjeant,Tests,12,23,522,23.727272727272727,NA,1,2,1977,1978
GR Dilley,Tests,41,58,521,13.35897435897436,NA,0,2,1979,1989
Shahadat Hossain,Tests,38,69,521,10.01923076923077,NA,0,0,2005,2015
PR Stirling,Tests,10,20,521,26.05,NA,1,2,2018,2025
Nafees Iqbal,Tests,11,22,518,23.545454545454547,NA,1,2,2004,2006
GJ Bonnor,Tests,17,30,512,17.066666666666666,NA,1,2,1880,1888
WW Wade,Tests,11,19,511,28.38888888888889,NA,1,3,1938,1950
WH Scotton,Tests,15,25,510,22.17391304347826,NA,0,3,1881,1887
AJY Hopkins,Tests,20,33,509,16.419354838709676,NA,0,0,1902,1909
BA Richards,Tests,4,7,508,72.57142857142857,NA,2,2,1970,1970
Maqsood Ahmed,Tests,16,27,507,19.5,NA,0,2,1952,1955
JT Murray,Tests,21,28,506,22,NA,1,2,1961,1967
RO Hinds,Tests,15,25,505,21.041666666666668,NA,0,2,2002,2009
BJ Hodge,Tests,6,11,503,55.888888888888886,NA,1,2,2005,2008
BK Shepherd,Tests,9,14,502,41.833333333333336,NA,0,5,1963,1965
Taslim Arif,Tests,6,10,501,62.625,NA,1,2,1980,1980
MJ Leach,Tests,39,59,498,13.45945945945946,NA,0,1,2018,2024
OE Robinson,Tests,24,39,498,14.647058823529411,NA,0,2,2021,2026
ME Chapple,Tests,14,27,497,19.115384615384617,NA,0,3,1953,1966
JB Bolus,Tests,7,12,496,41.333333333333336,NA,0,4,1963,1964
BA King,Tests,10,18,494,29.058823529411764,NA,0,4,2025,2026
W Larkins,Tests,13,25,493,20.541666666666668,NA,0,3,1980,1991
ML Page,Tests,14,20,492,24.6,NA,1,2,1930,1937
HT Tector,Tests,10,20,492,24.6,NA,0,5,2023,2026
LR Gibbs,Tests,79,109,488,6.9714285714285715,NA,0,0,1958,1976
Mohammad Sami,Tests,36,56,487,11.595238095238095,NA,0,0,2001,2012
A Ward,Tests,7,13,487,37.46153846153846,NA,1,3,1893,1895
SJ Benn,Tests,26,39,486,14.294117647058824,NA,0,0,2008,2015
FR Martin,Tests,9,18,486,28.58823529411765,NA,1,0,1928,1931
H Larwood,Tests,21,28,485,19.4,NA,0,2,1926,1933
CE Pellew,Tests,10,14,484,37.23076923076923,NA,2,1,1920,1921
GJ Gilmour,Tests,15,22,483,23,NA,1,3,1973,1977
PR Sleep,Tests,14,21,483,24.15,NA,0,3,1979,1990
CT Radley,Tests,8,10,481,48.1,NA,2,2,1978,1978
Sabbir Rahman,Tests,11,22,481,24.05,NA,0,4,2016,2018
RH Spooner,Tests,10,15,481,32.06666666666667,NA,1,4,1905,1912
BW Yuile,Tests,17,33,481,17.814814814814813,NA,0,1,1963,1969
SJ Erwee,Tests,10,19,479,26.61111111111111,NA,1,1,2022,2023
JED Sealy,Tests,11,19,478,28.11764705882353,NA,0,3,1930,1939
J Worrall,Tests,11,22,478,25.157894736842106,NA,0,5,1885,1899
KTGD Prasad,Tests,25,39,476,12.864864864864865,NA,0,0,2008,2015
LS Darling,Tests,12,18,474,27.88235294117647,NA,0,3,1933,1937
A Jackson,Tests,8,11,474,47.4,NA,1,2,1929,1931
MJ Hoggard,Tests,67,92,473,7.276923076923077,NA,0,0,2000,2008
TP Horan,Tests,15,27,471,18.84,NA,1,1,1877,1885
SB Bangar,Tests,12,18,470,29.375,NA,1,3,2001,2002
WKM Benjamin,Tests,21,26,470,18.8,NA,0,2,1987,1995
JT Brown,Tests,8,16,470,36.15384615384615,NA,1,1,1894,1899
JN Crawford,Tests,12,23,469,22.333333333333332,NA,0,2,1906,1908
BJ Webster,Tests,10,16,469,33.5,NA,0,5,2025,2026
AB Williams,Tests,7,12,469,39.083333333333336,NA,2,1,1978,1979
TB de Bruyn,Tests,13,25,468,19.5,NA,1,0,2017,2022
PM Nevill,Tests,17,23,468,22.285714285714285,NA,0,3,2015,2016
C Campher,Tests,10,20,466,25.88888888888889,NA,1,1,2023,2026
BC Strang,Tests,26,45,465,12.916666666666666,NA,0,1,1995,2001
RJ Peterson,Tests,15,20,464,27.294117647058822,NA,0,3,2003,2014
JM Read,Tests,17,29,461,17.074074074074073,NA,0,2,1882,1893
PL Harris,Tests,37,48,460,10.69767441860465,NA,0,0,2007,2011
PGV van der Bijl,Tests,5,9,460,51.111111111111114,NA,1,2,1938,1939
UT Yadav,Tests,57,68,460,11.21951219512195,NA,0,0,2011,2023
CL McCool,Tests,14,17,459,35.30769230769231,NA,1,1,1946,1950
TA Ward,Tests,23,42,459,13.909090909090908,NA,0,2,1912,1924
VJ Scott,Tests,10,17,458,28.625,NA,0,3,1946,1952
A Cotter,Tests,21,37,457,13.057142857142857,NA,0,0,1904,1912
AR Lewis,Tests,9,16,457,32.642857142857146,NA,1,3,1972,1973
TE Blain,Tests,11,20,456,26.823529411764707,NA,0,2,1986,1994
TM Moody,Tests,8,14,456,32.57142857142857,NA,2,3,1989,1992
JM Blanckenberg,Tests,18,30,455,19.782608695652176,NA,0,2,1913,1924
DAS Gunaratne,Tests,6,10,455,56.875,NA,1,3,2016,2017
MD Moxon,Tests,10,17,455,28.4375,NA,0,3,1986,1989
BH Pairaudeau,Tests,13,21,454,21.61904761904762,NA,1,3,1953,1957
BH Valentine,Tests,7,9,454,64.85714285714286,NA,2,1,1933,1939
B Wood,Tests,12,21,454,21.61904761904762,NA,0,2,1972,1978
AZ Lees,Tests,10,19,453,23.842105263157894,NA,0,2,2022,2022
PS Masvaure,Tests,10,19,451,25.055555555555557,NA,0,4,2016,2025
Saeed Ajmal,Tests,35,53,451,11,NA,0,1,2009,2014
MA Vermeulen,Tests,9,18,449,24.944444444444443,NA,1,2,2002,2014
WV Raman,Tests,11,19,448,24.88888888888889,NA,0,4,1988,1997
TR Ambrose,Tests,11,16,447,29.8,NA,1,3,2008,2009
TJ Friend,Tests,13,19,447,29.8,NA,0,3,2001,2004
JL Hendriks,Tests,20,32,447,18.625,NA,0,2,1962,1969
CT Bancroft,Tests,10,18,446,26.235294117647058,NA,0,3,2017,2019
NA Foster,Tests,29,45,446,11.736842105263158,NA,0,0,1983,1993
RJ Bright,Tests,25,39,445,14.35483870967742,NA,0,0,1977,1986
MS Kasprowicz,Tests,38,54,445,10.595238095238095,NA,0,0,1996,2006
CD Cumming,Tests,11,19,441,25.941176470588236,NA,0,1,2005,2008
Mohammad Ilyas,Tests,10,19,441,23.210526315789473,NA,1,2,1964,1969
Asghar Afghan,Tests,6,10,440,44,NA,1,3,2018,2021
JW Guy,Tests,12,23,440,20.952380952380953,NA,1,3,1955,1961
Nurul Hasan,Tests,11,21,440,22,NA,0,3,2017,2023
H Hameed,Tests,10,19,439,24.38888888888889,NA,0,4,2016,2022
RM Hogg,Tests,38,58,439,9.755555555555556,NA,0,1,1978,1984
WM Wallace,Tests,13,21,439,20.904761904761905,NA,0,5,1937,1953
A Chopra,Tests,10,19,437,23,NA,0,2,2003,2004
Saleem Elahi,Tests,13,24,436,18.956521739130434,NA,0,1,1995,2003
RJ Ratnayake,Tests,23,36,433,14.433333333333334,NA,0,2,1983,1992
PL Taylor,Tests,13,19,431,26.9375,NA,0,2,1987,1991
AA Mallett,Tests,38,50,430,11.621621621621621,NA,0,0,1968,1980
AA Baig,Tests,10,18,428,23.77777777777778,NA,1,2,1959,1967
SP Jones,Tests,12,24,428,21.4,NA,0,1,1882,1888
Imran Nazir,Tests,8,13,427,32.84615384615385,NA,2,1,1999,2002
R Peel,Tests,20,33,427,14.724137931034482,NA,0,3,1884,1896
PW Sherwell,Tests,13,22,427,23.72222222222222,NA,1,1,1906,1911
DR Tuffey,Tests,26,36,427,16.423076923076923,NA,0,1,2000,2010
NM Hauritz,Tests,17,24,426,25.058823529411764,NA,0,2,2004,2010
DT Ring,Tests,13,21,426,22.42105263157895,NA,0,4,1948,1953
PK Amre,Tests,11,13,425,42.5,NA,1,3,1992,1993
D Denton,Tests,11,22,424,20.19047619047619,NA,1,1,1905,1910
RW Anderson,Tests,9,18,423,23.5,NA,0,3,1976,1978
AG Kripal Singh,Tests,14,20,422,28.133333333333333,NA,1,2,1955,1964
GG Arnold,Tests,34,46,421,12.028571428571428,NA,0,1,1967,1975
RDB Croft,Tests,21,34,421,16.192307692307693,NA,0,0,1996,2001
HG Vivian,Tests,7,10,421,42.1,NA,1,5,1931,1937
RB Desai,Tests,28,44,418,13.483870967741936,NA,0,1,1959,1968
CK Kapugedera,Tests,8,15,418,34.833333333333336,NA,0,4,2006,2009
CL King,Tests,9,16,418,32.15384615384615,NA,1,2,1976,1980
D Padikkal,Tests,4,6,418,69.66666666666667,NA,2,1,2024,2026
JL Pattinson,Tests,21,25,417,26.0625,NA,0,0,2011,2020
Naeem Islam,Tests,8,15,416,32,NA,1,1,2008,2012
AE Relf,Tests,13,21,416,23.11111111111111,NA,0,1,1903,1914
GL Weir,Tests,11,16,416,29.714285714285715,NA,0,3,1930,1937
GC Grant,Tests,12,22,413,25.8125,NA,0,3,1930,1935
AG Fairfax,Tests,10,12,410,51.25,NA,0,4,1929,1931
WJ O'Reilly,Tests,27,39,410,12.8125,NA,0,1,1932,1946
AH Bakewell,Tests,6,9,409,45.44444444444444,NA,1,3,1931,1935
DJ Insole,Tests,9,17,408,27.2,NA,1,1,1950,1957
RTM Mendis,Tests,16,24,408,17.73913043478261,NA,0,0,2021,2025
Hasan Ali,Tests,27,44,407,11.305555555555555,NA,0,0,2017,2026
DBL Powell,Tests,37,57,407,7.826923076923077,NA,0,0,2002,2009
DS de Silva,Tests,12,22,406,21.36842105263158,NA,0,2,1982,1984
JH Hampshire,Tests,8,16,403,26.866666666666667,NA,1,2,1969,1975
LR Johnson,Tests,9,16,403,25.1875,NA,0,2,2014,2016
AJ Richardson,Tests,9,13,403,31,NA,1,2,1924,1926
NS Yadav,Tests,35,40,403,14.392857142857142,NA,0,0,1979,1987
TL Best,Tests,25,38,401,12.53125,NA,0,1,2003,2013
KE Rigg,Tests,8,12,401,33.416666666666664,NA,1,1,1931,1937
BN Jarman,Tests,19,30,400,14.814814814814815,NA,0,2,1959,1969
NBF Mann,Tests,19,31,400,13.333333333333334,NA,0,1,1947,1951
S Joseph,Tests,15,28,399,16.625,NA,0,0,2024,2026
MR Adair,Tests,8,15,397,33.083333333333336,NA,0,2,2019,2026
M van Jaarsveld,Tests,9,15,397,30.53846153846154,NA,0,3,2002,2004
K Nitish Kumar Reddy,Tests,10,16,396,26.4,NA,1,0,2024,2025
C Sharma,Tests,23,27,396,22,NA,0,1,1984,1989
Abdur Rehman,Tests,22,31,395,14.107142857142858,NA,0,2,2007,2014
JW Gleeson,Tests,29,46,395,10.394736842105264,NA,0,0,1967,1972
Shujauddin,Tests,19,32,395,15.192307692307692,NA,0,0,1954,1962
S van Zyl,Tests,12,17,395,26.333333333333332,NA,1,0,2014,2016
JEF Beck,Tests,8,15,394,26.266666666666666,NA,0,3,1953,1956
FH Edwards,Tests,55,88,394,6.566666666666666,NA,0,0,2003,2012
SJ Rixon,Tests,13,24,394,18.761904761904763,NA,0,2,1977,1985
D Tallon,Tests,21,26,394,17.130434782608695,NA,0,2,1946,1953
W Gunn,Tests,11,20,392,21.77777777777778,NA,1,1,1887,1899
CL Smith,Tests,8,14,392,30.153846153846153,NA,0,2,1983,1986
KMDN Kulasekara,Tests,21,28,391,14.481481481481481,NA,0,1,2005,2014
RB Minnett,Tests,9,15,391,26.066666666666666,NA,0,3,1911,1912
Noman Ali,Tests,22,32,391,14.481481481481481,NA,0,1,2021,2026
ARC Fraser,Tests,46,67,388,7.461538461538462,NA,0,0,1989,1998
S Muthusamy,Tests,8,11,388,55.42857142857143,NA,1,2,2019,2025
CO Browne,Tests,20,30,387,16.125,NA,0,1,1995,2005
VC Drakes,Tests,12,20,386,21.444444444444443,NA,0,1,2002,2004
J Mubarak,Tests,13,23,385,17.5,NA,0,0,2002,2015
MJ Stewart,Tests,8,12,385,35,NA,0,2,1962,1964
Tapash Baisya,Tests,21,40,384,11.294117647058824,NA,0,2,2002,2005
EE Hemmings,Tests,16,21,383,22.529411764705884,NA,0,2,1982,1991
J Moroney,Tests,7,12,383,34.81818181818182,NA,2,1,1949,1952
B Sai Sudharsan,Tests,7,12,383,31.916666666666668,NA,0,3,2025,2026
LK Germon,Tests,12,21,382,21.22222222222222,NA,0,1,1995,1997
DR Parry,Tests,12,20,381,22.41176470588235,NA,0,3,1978,1980
JS Patel,Tests,24,38,381,12.7,NA,0,0,2006,2017
PGH Fender,Tests,13,21,380,19,NA,0,2,1921,1929
RIC Holder,Tests,11,17,380,25.333333333333332,NA,0,2,1997,1999
DK Morrison,Tests,48,71,379,8.422222222222222,NA,0,0,1987,1997
S Shivnarine,Tests,8,14,379,29.153846153846153,NA,0,4,1978,1979
Afsar Zazai,Tests,10,17,378,23.625,NA,1,0,2018,2026
PGZ Harris,Tests,9,18,378,22.235294117647058,NA,1,1,1955,1965
GN Edwards,Tests,8,15,377,25.133333333333333,NA,0,3,1977,1981
SN Thakur,Tests,13,21,377,18.85,NA,0,4,2018,2025
FG Mann,Tests,7,12,376,37.6,NA,1,0,1948,1949
DJ Capel,Tests,15,25,374,15.583333333333334,NA,0,2,1987,1990
GRA Langley,Tests,26,37,374,14.96,NA,0,1,1951,1956
RO Schwarz,Tests,20,35,374,13.851851851851851,NA,0,1,1906,1912
WGA Parkhouse,Tests,7,13,373,28.692307692307693,NA,0,2,1950,1959
RG Samuels,Tests,6,12,372,37.2,NA,1,1,1996,1997
SN Khan,Tests,6,11,371,37.1,NA,1,3,2024,2024
JA Warrican,Tests,25,45,371,13.25,NA,0,0,2015,2026
AE Dick,Tests,17,30,370,14.23076923076923,NA,0,1,1961,1965
Talat Ali,Tests,10,18,370,23.125,NA,0,2,1972,1979
KDK Vithanage,Tests,10,16,370,26.428571428571427,NA,1,1,2013,2015
M Louis,Tests,10,20,369,18.45,NA,0,2,2024,2025
NAM McLean,Tests,19,32,368,12.266666666666667,NA,0,0,1998,2001
IDK Salisbury,Tests,15,25,368,16.727272727272727,NA,0,1,1992,2000
NR Welch,Tests,8,15,368,26.285714285714285,NA,0,3,2025,2025
PJ Wiseman,Tests,25,34,366,14.076923076923077,NA,0,0,1998,2005
NJN Hawke,Tests,27,37,365,16.59090909090909,NA,0,0,1963,1968
JC Archer,Tests,23,37,364,12.133333333333333,NA,0,1,2019,2026
Saim Ayub,Tests,9,16,364,22.75,NA,0,3,2024,2026
WE Russell,Tests,10,18,362,21.294117647058822,NA,0,2,1961,1967
S Ramadhin,Tests,43,58,361,8.204545454545455,NA,0,0,1950,1961
PR Adams,Tests,45,55,360,9,NA,0,0,1995,2004
Danish Kaneria,Tests,61,84,360,7.0588235294117645,NA,0,0,2000,2010
CMW Read,Tests,15,23,360,18.94736842105263,NA,0,1,1999,2007
PS de Villiers,Tests,18,26,359,18.894736842105264,NA,0,2,1993,1998
HJH Scott,Tests,8,14,359,27.615384615384617,NA,1,1,1884,1886
ID Craig,Tests,11,18,358,19.88888888888889,NA,0,2,1953,1958
BC Rose,Tests,9,16,358,25.571428571428573,NA,0,2,1977,1981
Azan Awais,Tests,7,14,357,25.5,NA,1,2,2026,2026
BA Carse,Tests,14,23,357,17.85,NA,0,1,2024,2026
P Holmes,Tests,7,14,357,27.46153846153846,NA,0,4,1921,1932
SJ Pegler,Tests,16,28,356,15.478260869565217,NA,0,0,1910,1924
Aamer Jamal,Tests,9,17,355,23.666666666666668,NA,0,2,2023,2026
AJ Bichel,Tests,19,22,355,16.904761904761905,NA,0,1,1997,2003
JMM Commaille,Tests,12,22,355,16.904761904761905,NA,0,0,1910,1928
BW Hilfenhaus,Tests,27,38,355,13.653846153846153,NA,0,1,2009,2012
PNF Mansell,Tests,13,22,355,17.75,NA,0,2,1951,1955
MS Nichols,Tests,14,19,355,29.583333333333332,NA,0,2,1930,1939
MB Poore,Tests,14,24,355,15.434782608695652,NA,0,0,1953,1956
WA Shalders,Tests,12,23,355,16.136363636363637,NA,0,0,1899,1907
RT Spooner,Tests,7,14,354,27.23076923076923,NA,0,3,1951,1955
MN Hart,Tests,14,24,353,17.65,NA,0,0,1994,1995
BL Irvine,Tests,4,7,353,50.42857142857143,NA,1,2,1970,1970
SAR Silva,Tests,9,16,353,25.214285714285715,NA,2,0,1983,1988
HB Taber,Tests,16,27,353,16.045454545454547,NA,0,0,1966,1970
SB Joshi,Tests,15,19,352,20.705882352941178,NA,0,1,1996,2000
JG Leggat,Tests,9,18,351,21.9375,NA,0,2,1952,1956
S Matsikenyeri,Tests,8,16,351,23.4,NA,0,2,2003,2005
DK Gaekwad,Tests,11,20,350,18.42105263157895,NA,0,1,1952,1961
P Lever,Tests,17,18,350,21.875,NA,0,2,1970,1975
CK Nayudu,Tests,7,14,350,25,NA,0,2,1932,1936
SCG MacGill,Tests,44,47,349,9.694444444444445,NA,0,0,1998,2008
JJ Bumrah,Tests,52,78,348,6.566037735849057,NA,0,0,2018,2025
CR Matthews,Tests,18,25,348,18.31578947368421,NA,0,1,1992,1995
EP Nupen,Tests,17,31,348,14.5,NA,0,2,1921,1936
Jahurul Islam,Tests,7,14,347,26.692307692307693,NA,0,0,2010,2013
LSM Miller,Tests,13,25,346,13.84,NA,0,0,1953,1958
MA Carberry,Tests,6,12,345,28.75,NA,0,1,2010,2014
EW Freeman,Tests,11,18,345,19.166666666666668,NA,0,2,1968,1970
Rizwan-uz-Zaman,Tests,11,19,345,19.166666666666668,NA,0,3,1981,1989
Sanuar Hossain,Tests,9,18,345,19.166666666666668,NA,0,0,2001,2003
Lord Tennyson,Tests,9,12,345,31.363636363636363,NA,0,4,1913,1921
D Dasgupta,Tests,8,13,344,28.666666666666668,NA,1,2,2001,2002
FA Rose,Tests,19,28,344,13.23076923076923,NA,0,1,1997,2000
LA Stricker,Tests,13,24,344,14.333333333333334,NA,0,0,1910,1912
TM Dowlin,Tests,6,11,343,31.181818181818183,NA,0,3,2009,2010
FLH Mooney,Tests,14,22,343,17.15,NA,0,0,1949,1954
CA Best,Tests,8,13,342,28.5,NA,1,1,1986,1990
DJ Brown,Tests,26,34,342,11.793103448275861,NA,0,0,1965,1969
KL Hutchings,Tests,7,12,341,28.416666666666668,NA,1,1,1907,1909
CFK van Wyk,Tests,9,17,341,21.3125,NA,0,1,2012,2012
AEE Vogler,Tests,15,26,340,17,NA,0,2,1906,1911
MG Bracewell,Tests,10,17,339,21.1875,NA,0,1,2022,2025
TW Garrett,Tests,19,33,339,12.555555555555555,NA,0,1,1877,1888
GJ Maxwell,Tests,7,14,339,26.076923076923077,NA,1,0,2013,2017
PP Shaw,Tests,5,9,339,42.375,NA,1,2,2018,2020
Jaker Ali,Tests,6,11,337,30.636363636363637,NA,0,4,2024,2025
A Nel,Tests,36,42,337,9.911764705882353,NA,0,0,2001,2008
AA Jangoo,Tests,5,8,336,42,NA,1,0,2025,2026
Mahmood Hussain,Tests,27,39,336,10.181818181818182,NA,0,0,1952,1962
Raqibul Hasan,Tests,9,18,336,19.764705882352942,NA,0,1,2008,2011
SD Robson,Tests,7,11,336,30.545454545454547,NA,1,1,2014,2014
Taskin Ahmed,Tests,21,36,336,11.2,NA,0,1,2017,2026
HSTL Hendry,Tests,11,18,335,20.9375,NA,1,0,1921,1929
R Rampaul,Tests,18,31,335,14.565217391304348,NA,0,0,2009,2012
MH Dekker,Tests,14,22,333,15.857142857142858,NA,0,2,1993,1996
Mohammad Mithun,Tests,10,18,333,18.5,NA,0,2,2018,2021
RC Blunt,Tests,9,13,330,27.5,NA,0,1,1930,1932
FR Foster,Tests,11,15,330,23.571428571428573,NA,0,3,1911,1912
VL Mehra,Tests,8,14,329,25.307692307692307,NA,0,2,1955,1964
Wajahatullah Wasti,Tests,6,10,329,36.55555555555556,NA,2,0,1999,2000
AM Moir,Tests,17,30,327,14.863636363636363,NA,0,0,1951,1959
MC Snedden,Tests,25,30,327,14.863636363636363,NA,0,0,1981,1990
HF Wade,Tests,10,18,327,20.4375,NA,0,0,1935,1936
ALF de Mel,Tests,17,28,326,14.173913043478262,NA,0,0,1982,1986
GM Fullerton,Tests,7,13,325,25,NA,0,3,1947,1951
CMH Hathorn,Tests,12,20,325,17.105263157894736,NA,1,0,1902,1911
AJ Redmond,Tests,8,16,325,21.666666666666668,NA,0,2,2008,2013
Sohag Gazi,Tests,10,16,325,21.666666666666668,NA,1,0,2012,2014
G Thomas,Tests,8,12,325,29.545454545454547,NA,0,3,1965,1966
CTB Turner,Tests,17,32,323,11.535714285714286,NA,0,0,1887,1895
W Madhevere,Tests,9,16,321,22.928571428571427,NA,0,2,2021,2026
Sajid Khan,Tests,16,23,321,15.285714285714286,NA,0,0,2021,2026
TS Worthington,Tests,9,11,321,29.181818181818183,NA,1,1,1930,1937
DSBP Kuruppu,Tests,4,7,320,53.333333333333336,NA,1,0,1987,1991
A Mukund,Tests,7,14,320,22.857142857142858,NA,0,2,2011,2017
DR Smith,Tests,10,14,320,24.615384615384617,NA,1,0,2004,2006
DM Bess,Tests,14,19,319,22.785714285714285,NA,0,1,2018,2021
JF Crapp,Tests,7,13,319,29,NA,0,3,1948,1949
L Ronchi,Tests,4,8,319,39.875,NA,0,2,2015,2016
OAC Banks,Tests,10,16,318,26.5,NA,0,1,2003,2005
HJ Keith,Tests,8,16,318,21.2,NA,0,2,1953,1957
Tauseef Ahmed,Tests,34,38,318,17.666666666666668,NA,0,0,1980,1993
Lahiru Udara,Tests,5,9,313,34.77777777777778,NA,1,0,2025,2026
RJ Sidebottom,Tests,22,31,313,15.65,NA,0,0,2001,2010
I Kaia,Tests,3,5,312,62.4,NA,1,1,2023,2026
Kamran Ghulam,Tests,6,11,312,28.363636363636363,NA,1,1,2024,2025
JWA Taylor,Tests,7,13,312,26,NA,0,2,2012,2016
J Hardstaff snr,Tests,5,10,311,31.1,NA,0,3,1907,1908
BN French,Tests,16,21,308,18.11764705882353,NA,0,1,1986,1988
S Samarawickrama,Tests,9,14,308,23.692307692307693,NA,1,0,2017,2024
W Voce,Tests,27,38,308,13.391304347826088,NA,0,1,1930,1947
Zubayr Hamza,Tests,8,16,307,19.1875,NA,0,1,2019,2024
JK Lever,Tests,21,31,306,11.76923076923077,NA,0,1,1976,1986
Q McMillan,Tests,13,21,306,18,NA,0,1,1929,1932
Wahab Riaz,Tests,27,41,306,8.5,NA,0,0,2010,2018
DW Fleming,Tests,20,19,305,19.0625,NA,0,2,1994,2001
Shamsur Rahman,Tests,6,12,305,25.416666666666668,NA,1,0,2014,2014
BR Hartland,Tests,9,18,303,16.833333333333332,NA,0,1,1992,1994
AH Jarvis,Tests,11,21,303,16.833333333333332,NA,0,1,1885,1895
DJ Murray,Tests,8,16,303,20.2,NA,0,1,1994,1995
KJ Arnott,Tests,4,8,302,43.142857142857146,NA,1,1,1992,1993
H Graham,Tests,6,10,301,30.1,NA,2,0,1893,1896
PAM Hands,Tests,7,12,300,25,NA,0,2,1913,1924
Shadab Khan,Tests,6,11,300,33.333333333333336,NA,0,3,2017,2020
Tahir Naqqash,Tests,15,19,300,21.428571428571427,NA,0,1,1982,1985
G Brown,Tests,7,12,299,29.9,NA,0,2,1921,1923
MD Gunathilaka,Tests,8,16,299,18.6875,NA,0,2,2017,2018
GB Legge,Tests,5,7,299,49.833333333333336,NA,1,0,1927,1930
ACB Langton,Tests,15,23,298,15.68421052631579,NA,0,2,1935,1939
A Mitchell,Tests,6,10,298,29.8,NA,0,2,1933,1936
RA Reifer,Tests,8,14,298,22.923076923076923,NA,0,3,2017,2023
TAM Siriwardana,Tests,5,9,298,33.111111111111114,NA,0,2,2015,2016
S O'Linn,Tests,7,12,297,27,NA,0,2,1960,1961
N Phillip,Tests,9,15,297,29.7,NA,0,0,1978,1979
GE Palmer,Tests,17,25,296,14.095238095238095,NA,0,0,1880,1886
RS Cunis,Tests,20,31,295,12.826086956521738,NA,0,1,1964,1972
RS Kalpage,Tests,11,18,294,18.375,NA,0,2,1993,1999
SJ Rhodes,Tests,11,17,294,24.5,NA,0,1,1994,1995
OC Dawson,Tests,9,15,293,20.928571428571427,NA,0,1,1947,1949
NGRP Jayasuriya,Tests,25,40,293,7.918918918918919,NA,0,0,2022,2026
DF Whatmore,Tests,7,13,293,22.53846153846154,NA,0,2,1979,1979
L Amar Singh,Tests,7,14,292,22.46153846153846,NA,0,1,1932,1936
HJ Howarth,Tests,30,42,291,12.125,NA,0,1,1969,1977
AO Jones,Tests,12,21,291,13.857142857142858,NA,0,0,1899,1909
AMB Rowan,Tests,15,23,290,17.058823529411764,NA,0,0,1947,1951
KD Mills,Tests,19,30,289,11.56,NA,0,1,2004,2009
ARA Murray,Tests,10,14,289,22.23076923076923,NA,1,1,1952,1954
DVP Wright,Tests,34,39,289,11.115384615384615,NA,0,0,1938,1951
B Muzarabani,Tests,19,33,288,12,NA,0,0,2017,2026
Zahid Fazal,Tests,9,16,288,18,NA,0,1,1990,1995
DNT Zoysa,Tests,30,40,288,8.470588235294118,NA,0,0,1997,2004
PT Barton,Tests,7,14,285,20.357142857142858,NA,1,1,1961,1963
CJ Richards,Tests,8,13,285,21.923076923076923,NA,1,0,1986,1988
CB Lambert,Tests,5,9,284,31.555555555555557,NA,1,1,1991,1998
FT Mann,Tests,5,9,281,35.125,NA,0,2,1922,1923
S Sreesanth,Tests,27,40,281,10.407407407407407,NA,0,0,2006,2011
JM Wiener,Tests,6,11,281,25.545454545454547,NA,0,2,1979,1980
MC Bird,Tests,10,16,280,18.666666666666668,NA,0,2,1910,1914
ST Finn,Tests,36,47,279,11.16,NA,0,1,2010,2016
Ijaz Butt,Tests,8,16,279,19.928571428571427,NA,0,1,1959,1962
JWH Makepeace,Tests,4,8,279,34.875,NA,1,2,1920,1921
PA Wallace,Tests,7,13,279,21.46153846153846,NA,0,2,1997,1999
AJ Finch,Tests,5,10,278,27.8,NA,0,2,2018,2018
LMP Simmons,Tests,8,16,278,17.375,NA,0,0,2009,2011
GR Stead,Tests,5,8,278,34.75,NA,0,2,1999,1999
Nazar Mohammad,Tests,5,8,277,39.57142857142857,NA,1,1,1952,1952
IM Barrow,Tests,11,19,276,16.235294117647058,NA,1,0,1930,1939
Saleem Altaf,Tests,21,31,276,14.526315789473685,NA,0,1,1967,1978
SL Malinga,Tests,30,37,275,11.458333333333334,NA,0,1,2004,2010
SR Harmer,Tests,14,20,273,17.0625,NA,0,0,2015,2025
WA Johnston,Tests,40,49,273,11.375,NA,0,0,1947,1955
GJ Thompson,Tests,6,10,273,30.333333333333332,NA,0,2,1909,1910
Abdul Kadir,Tests,4,8,272,34,NA,0,2,1964,1965
JC Alabaster,Tests,21,34,272,9.714285714285714,NA,0,0,1955,1972
EN Gay,Tests,6,11,271,24.636363636363637,NA,0,3,2026,2026
WE Midwinter,Tests,12,21,269,13.45,NA,0,0,1877,1887
OA Shah,Tests,6,10,269,26.9,NA,0,2,2006,2009
Shaheen Shah Afridi,Tests,34,47,269,7.27027027027027,NA,0,0,2018,2026
MJ Susskind,Tests,5,8,268,33.5,NA,0,4,1924,1924
Khaled Mahmud,Tests,12,23,266,12.090909090909092,NA,0,0,2001,2003
S Shillingford,Tests,16,26,266,13.3,NA,0,1,2010,2014
A Lyth,Tests,7,13,265,20.384615384615383,NA,1,0,2015,2015
G Motie,Tests,11,17,265,22.083333333333332,NA,0,1,2022,2025
Rubel Hossain,Tests,27,47,265,9.464285714285714,NA,0,0,2009,2020
MJF Shrimpton,Tests,10,19,265,13.947368421052632,NA,0,0,1963,1974
GA Bartlett,Tests,10,18,263,15.470588235294118,NA,0,0,1961,1968
GC Small,Tests,17,24,263,15.470588235294118,NA,0,1,1986,1991
GTS Stevens,Tests,10,17,263,15.470588235294118,NA,0,1,1922,1930
V Subramanya,Tests,9,15,263,18.785714285714285,NA,0,2,1965,1968
RRS Cornwall,Tests,10,17,261,18.642857142857142,NA,0,2,2019,2023
SM Ervine,Tests,5,8,261,32.625,NA,0,3,2003,2004
RW Price,Tests,22,38,261,8.7,NA,0,0,1999,2013
AN Connolly,Tests,29,45,260,10.4,NA,0,0,1963,1971
RG Hart,Tests,11,19,260,16.25,NA,0,1,2002,2003
Akram Khan,Tests,8,16,259,16.1875,NA,0,0,2000,2003
DM Lewis,Tests,3,5,259,86.33333333333333,NA,0,3,1971,1971
T Kaitano,Tests,6,12,258,21.5,NA,0,1,2021,2025
KJ O'Brien,Tests,3,6,258,51.6,NA,1,1,2018,2019
EC Petrie,Tests,14,25,258,12.9,NA,0,1,1955,1966
Arshad Ayub,Tests,13,19,257,17.133333333333333,NA,0,1,1987,1989
Manjural Islam Rana,Tests,6,11,257,25.7,NA,0,1,2004,2004
DM Wellham,Tests,6,11,257,23.363636363636363,NA,1,0,1981,1987
J Selby,Tests,6,12,256,23.272727272727273,NA,0,2,1877,1882
BB Chari,Tests,7,14,254,18.142857142857142,NA,0,2,2014,2018
JM Cox,Tests,4,7,254,42.333333333333336,NA,0,3,2026,2026
Dilawar Hussain,Tests,3,6,254,42.333333333333336,NA,0,3,1934,1936
W Flowers,Tests,8,14,254,18.142857142857142,NA,0,1,1884,1893
HV Hordern,Tests,7,13,254,23.09090909090909,NA,0,1,1911,1912
ADG Roberts,Tests,7,12,254,23.09090909090909,NA,0,1,1976,1976
R Swetman,Tests,11,17,254,16.933333333333334,NA,0,1,1959,1960
Khalid Ibadulla,Tests,4,8,253,31.625,NA,1,0,1964,1967
EH Bowley,Tests,5,7,252,36,NA,1,0,1929,1930
TB Burtt,Tests,10,15,252,21,NA,0,0,1947,1953
NF Druce,Tests,5,9,252,28,NA,0,1,1897,1898
CM Francois,Tests,5,9,252,31.5,NA,0,1,1922,1923
Kuldeep Yadav,Tests,19,24,252,12.6,NA,0,0,2017,2026
PA McAlister,Tests,8,16,252,16.8,NA,0,0,1904,1909
HGO Owen-Smith,Tests,5,8,252,42,NA,1,1,1929,1929
RMMP Rathnayaka,Tests,7,10,252,28,NA,0,1,2024,2026
Sohail Khan,Tests,9,12,252,25.2,NA,0,1,2009,2016
AJL Hill,Tests,3,4,251,62.75,NA,1,1,1896,1896
JNT Seales,Tests,30,50,251,8.366666666666667,NA,0,0,2021,2026
CRD Fernando,Tests,40,47,249,8.3,NA,0,0,2000,2012
G Geary,Tests,14,20,249,15.5625,NA,0,2,1924,1934
KT Kasuza,Tests,7,12,249,22.636363636363637,NA,0,1,2020,2021
VJ Marks,Tests,6,10,249,27.666666666666668,NA,0,3,1982,1984
HH Massie,Tests,9,16,249,15.5625,NA,0,1,1881,1885
Abdur Razzak,Tests,13,22,248,15.5,NA,0,0,2006,2018
SR Clark,Tests,24,26,248,13.052631578947368,NA,0,0,2006,2009
EJ Gray,Tests,10,16,248,15.5,NA,0,1,1983,1988
AW Roberts,Tests,5,10,248,27.555555555555557,NA,0,3,1930,1937
J Yadav,Tests,6,9,248,31,NA,1,1,2016,2022
MHW Papps,Tests,8,16,246,16.4,NA,0,2,2004,2007
TJ Zoehrer,Tests,10,14,246,20.5,NA,0,1,1986,1987
C Bosch,Tests,4,6,245,61.25,NA,1,1,2024,2025
BA Davis,Tests,4,8,245,30.625,NA,0,3,1965,1965
RB Kenny,Tests,5,10,245,27.22222222222222,NA,0,3,1958,1960
FA Lowson,Tests,7,13,245,18.846153846153847,NA,0,2,1951,1955
RK Nunes,Tests,4,8,245,30.625,NA,0,2,1928,1930
FC Hayes,Tests,9,17,244,15.25,NA,1,0,1973,1976
Shuvagata Hom,Tests,8,15,244,22.181818181818183,NA,0,1,2014,2016
XM Marshall,Tests,7,12,243,20.25,NA,0,2,2005,2009
Mehrab Hossain jnr,Tests,7,13,243,20.25,NA,0,1,2007,2009
JB Mortimore,Tests,9,12,243,24.3,NA,0,1,1959,1964
JW Trumble,Tests,7,13,243,20.25,NA,0,1,1885,1886
Ali Naqvi,Tests,5,9,242,30.25,NA,1,0,1997,1998
SF Barnes,Tests,27,39,242,8.066666666666666,NA,0,0,1901,1914
CD Gopinath,Tests,8,12,242,22,NA,0,1,1951,1960
James Langridge,Tests,8,9,242,26.88888888888889,NA,0,1,1933,1946
D Williams,Tests,11,19,242,13.444444444444445,NA,0,1,1992,1998
Mehrab Hossain,Tests,9,18,241,13.38888888888889,NA,0,1,2000,2003
JE Mills,Tests,7,10,241,26.77777777777778,NA,1,0,1930,1933
Mohammad Abbas,Tests,33,52,240,8.571428571428571,NA,0,0,2017,2026
SLV Raju,Tests,28,34,240,10,NA,0,0,1990,2001
C Bannerman,Tests,3,6,239,59.75,NA,1,0,1877,1879
Naved-ul-Hasan,Tests,9,15,239,19.916666666666668,NA,0,0,2004,2007
JC White,Tests,15,22,239,18.384615384615383,NA,0,0,1921,1931
LE Plunkett,Tests,13,20,238,15.866666666666667,NA,0,1,2005,2014
AW Carr,Tests,11,13,237,19.75,NA,0,1,1922,1929
FB Smith,Tests,4,6,237,47.4,NA,0,2,1947,1952
S Wazir Ali,Tests,7,14,237,16.928571428571427,NA,0,0,1932,1936
G Dymock,Tests,21,32,236,9.44,NA,0,0,1974,1980
CN Frank,Tests,3,6,236,39.333333333333336,NA,1,0,1921,1921
DE Malcolm,Tests,40,58,236,6.051282051282051,NA,0,0,1989,1997
KU Carty,Tests,7,14,235,16.785714285714285,NA,0,0,2024,2025
PT Collins,Tests,32,47,235,5.875,NA,0,0,1999,2006
Hasan Raza,Tests,7,10,235,26.11111111111111,NA,0,2,1996,2005
Nayeem Hasan,Tests,14,22,235,13.823529411764707,NA,0,0,2018,2025
LG Pretorius,Tests,2,3,235,78.33333333333333,NA,1,1,2025,2025
KA Archer,Tests,5,9,234,26,NA,0,0,1950,1951
G Duckworth,Tests,24,28,234,14.625,NA,0,0,1924,1936
WG Jacks,Tests,6,11,234,21.272727272727273,NA,0,0,2022,2026
EAE Baptiste,Tests,10,11,233,23.3,NA,0,1,1983,1990
R Kilner,Tests,9,8,233,33.285714285714285,NA,0,2,1924,1926
ML Love,Tests,5,8,233,46.6,NA,1,1,2002,2003
FI de Caires,Tests,3,6,232,38.666666666666664,NA,0,2,1930,1930
Mushfiqur Rahman,Tests,10,19,232,13.647058823529411,NA,0,0,2001,2004
WH Lockwood,Tests,12,16,231,17.76923076923077,NA,0,1,1893,1902
H Strudwick,Tests,28,42,230,7.931034482758621,NA,0,0,1910,1926
FH Tyson,Tests,17,24,230,10.952380952380953,NA,0,0,1954,1959
Ashraf Ali,Tests,8,8,229,45.8,NA,0,2,1982,1987
HB Cave,Tests,19,31,229,8.807692307692308,NA,0,0,1949,1958
ST Gabriel,Tests,59,88,229,4.2407407407407405,NA,0,0,2012,2023
JM Ghorpade,Tests,8,15,229,15.266666666666667,NA,0,0,1953,1959
NS Harford,Tests,8,15,229,15.266666666666667,NA,0,2,1955,1958
JT Sparling,Tests,11,20,229,12.722222222222221,NA,0,1,1958,1964
AJ Tudor,Tests,10,16,229,19.083333333333332,NA,0,1,1998,2002
WG Quaife,Tests,7,13,228,19,NA,0,1,1899,1902
AE Trott,Tests,5,9,228,38,NA,0,2,1895,1899
JS Foster,Tests,7,12,226,25.11111111111111,NA,0,0,2001,2002
AO Malhotra,Tests,7,10,226,25.11111111111111,NA,0,1,1982,1985
MJ Procter,Tests,7,10,226,25.11111111111111,NA,0,0,1967,1970
TBA May,Tests,24,28,225,14.0625,NA,0,0,1987,1995
D Mohammed,Tests,5,8,225,32.142857142857146,NA,0,1,2004,2006
NS Tamhane,Tests,21,27,225,10.227272727272727,NA,0,1,1955,1961
MJL Turnbull,Tests,9,13,224,20.363636363636363,NA,0,1,1930,1936
J Weatherald,Tests,6,12,224,20.363636363636363,NA,0,1,2025,2026
J Benaud,Tests,3,5,223,44.6,NA,1,0,1972,1973
TC Lowry,Tests,7,8,223,27.875,NA,0,2,1930,1931
KCG Benjamin,Tests,26,36,222,7.928571428571429,NA,0,0,1992,1998
AE Greenidge,Tests,6,10,222,22.2,NA,0,2,1978,1979
AA Mailey,Tests,21,29,222,11.1,NA,0,0,1920,1926
CW Smith,Tests,5,10,222,24.666666666666668,NA,0,1,1960,1962
KS Bharat,Tests,7,12,221,20.09090909090909,NA,0,0,2023,2024
WS Farrer,Tests,6,10,221,27.625,NA,0,0,1962,1964
DRA Gehrs,Tests,6,11,221,20.09090909090909,NA,0,2,1904,1911
Shafqat Rana,Tests,5,7,221,31.571428571428573,NA,0,2,1964,1969
RS Grant,Tests,7,11,220,22,NA,0,1,1935,1939
MS Panesar,Tests,50,68,220,4.888888888888889,NA,0,0,2006,2013
NH Fairbrother,Tests,10,15,219,15.642857142857142,NA,0,1,1987,1993
RA Hutton,Tests,5,8,219,36.5,NA,0,2,1971,1971
RT Latham,Tests,4,7,219,31.285714285714285,NA,1,0,1992,1993
IE O'Brien,Tests,22,34,219,7.551724137931035,NA,0,0,2005,2009
AY Patel,Tests,22,32,219,11.526315789473685,NA,0,0,2018,2025
KJ Wright,Tests,10,18,219,16.846153846153847,NA,0,1,1979,1979
OE Wynne,Tests,6,12,219,18.25,NA,0,1,1948,1950
JAH Marshall,Tests,7,11,218,19.818181818181817,NA,0,1,2005,2008
IT Shillingford,Tests,4,7,218,31.142857142857142,NA,1,0,1977,1978
UWMBCA Welegedara,Tests,21,30,218,9.083333333333334,NA,0,0,2007,2014
R Mutumbami,Tests,6,12,217,19.727272727272727,NA,0,0,2013,2014
FR Spofforth,Tests,18,29,217,9.434782608695652,NA,0,1,1877,1887
W Storer,Tests,6,11,215,19.545454545454547,NA,0,1,1897,1899
JA Jameson,Tests,4,8,214,26.75,NA,0,1,1971,1974
JW Martin,Tests,8,13,214,17.833333333333332,NA,0,1,1960,1967
DL Piedt,Tests,12,17,214,15.285714285714286,NA,0,1,2014,2024
BS Sandhu,Tests,8,11,214,30.571428571428573,NA,0,2,1983,1983
PJW Allott,Tests,13,18,213,14.2,NA,0,1,1981,1985
GA Lohmann,Tests,18,26,213,8.875,NA,0,1,1886,1896
BAW Mendis,Tests,19,19,213,16.384615384615383,NA,0,1,2008,2014
TM Findlay,Tests,10,16,212,16.307692307692307,NA,0,0,1969,1973
JL Kerr,Tests,7,12,212,19.272727272727273,NA,0,1,1931,1937
LPJ O'Brien,Tests,5,8,211,26.375,NA,0,2,1932,1936
DP Samaraweera,Tests,7,14,211,15.071428571428571,NA,0,0,1993,1995
Shafiul Islam,Tests,11,21,211,10.55,NA,0,1,2010,2017
MA Ealham,Tests,8,13,210,21,NA,0,2,1996,1998
Naimur Rahman,Tests,8,15,210,15,NA,0,0,2000,2002
NG Smith,Tests,8,13,210,17.5,NA,0,0,2024,2026
K Cranston,Tests,8,14,209,14.928571428571429,NA,0,0,1947,1948
AER Gilligan,Tests,11,16,209,16.076923076923077,NA,0,0,1922,1925
GA Greenidge,Tests,5,9,209,29.857142857142858,NA,0,1,1972,1973
PS Heine,Tests,14,24,209,9.952380952380953,NA,0,0,1955,1962
WW Whysall,Tests,4,7,209,29.857142857142858,NA,0,2,1925,1930
TJ Jenner,Tests,9,14,208,23.11111111111111,NA,0,1,1970,1975
VWC Jupp,Tests,8,13,208,17.333333333333332,NA,0,0,1921,1928
CT Sarwate,Tests,9,17,208,13,NA,0,0,1946,1951
KJ Barnett,Tests,4,7,207,29.571428571428573,NA,0,2,1988,1989
SL Boock,Tests,30,41,207,6.2727272727272725,NA,0,0,1978,1989
PG Joshi,Tests,12,20,207,10.894736842105264,NA,0,1,1951,1960
TE Tsiga,Tests,10,18,207,13.8,NA,0,0,2023,2026
RH Vance,Tests,4,7,207,29.571428571428573,NA,0,1,1988,1989
MRJ Veletta,Tests,8,11,207,18.818181818181817,NA,0,0,1987,1990
SP O'Donnell,Tests,6,10,206,29.428571428571427,NA,0,0,1985,1985
PI Pocock,Tests,25,37,206,6.242424242424242,NA,0,0,1968,1985
Gul Mohammad,Tests,9,17,205,12.8125,NA,0,0,1946,1956
TG Hogan,Tests,7,12,205,18.636363636363637,NA,0,0,1983,1984
SP Jones,Tests,18,18,205,15.76923076923077,NA,0,0,2002,2005
Yasir Ali,Tests,6,11,205,20.5,NA,0,1,2021,2022
DJ Gandhi,Tests,4,7,204,34,NA,0,2,1999,1999
CA Milton,Tests,6,9,204,25.5,NA,1,0,1958,1959
H Wood,Tests,4,4,204,68,NA,1,1,1888,1892
TM Alderman,Tests,41,53,203,6.548387096774194,NA,0,0,1981,1991
G Cook,Tests,7,13,203,15.615384615384615,NA,0,2,1982,1983
KSA McKenzie,Tests,6,12,203,16.916666666666668,NA,0,1,2023,2024
NLTC Perera,Tests,6,10,203,20.3,NA,0,1,2011,2012
BKV Prasad,Tests,33,47,203,7.518518518518518,NA,0,0,1996,2001
DE Bernard,Tests,3,6,202,40.4,NA,0,3,2003,2009
W Brockwell,Tests,7,12,202,16.833333333333332,NA,0,0,1893,1899
WW Davis,Tests,15,17,202,15.538461538461538,NA,0,1,1983,1988
AIC Dodemaide,Tests,10,15,202,22.444444444444443,NA,0,1,1987,1992
RM Ellison,Tests,11,16,202,13.466666666666667,NA,0,0,1984,1986
SC Guillen,Tests,8,12,202,20.2,NA,0,1,1951,1956
CA McWatt,Tests,6,9,202,28.857142857142858,NA,0,2,1954,1955
A McGrath,Tests,4,5,201,40.2,NA,0,2,2003,2003
T Panyangara,Tests,9,18,201,16.75,NA,0,0,2004,2014
JTC Vaughan,Tests,6,12,201,18.272727272727273,NA,0,0,1992,1997
W Ferguson,Tests,8,10,200,28.571428571428573,NA,0,2,1948,1954
Zulfiqar Ahmed,Tests,9,10,200,33.333333333333336,NA,0,1,1952,1956
Hasan Mahmud,Tests,16,26,199,11.705882352941176,NA,0,0,2024,2026
JA McCollum,Tests,6,12,199,18.09090909090909,NA,0,0,2019,2023
Nawab of Pataudi snr,Tests,6,10,199,19.9,NA,1,0,1932,1946
RO Jenkins,Tests,9,12,198,18,NA,0,0,1948,1952
H Moses,Tests,6,10,198,19.8,NA,0,0,1887,1895
CD Collymore,Tests,30,52,197,7.88,NA,0,0,1999,2007
PB Dassanayake,Tests,11,17,196,13.066666666666666,NA,0,0,1993,1994
PW Hasaranga,Tests,4,7,196,28,NA,0,1,2020,2021
FJ Laver,Tests,15,23,196,11.529411764705882,NA,0,0,1899,1909
AC Agar,Tests,5,7,195,32.5,NA,0,1,2013,2023
BA Barnett,Tests,4,8,195,27.857142857142858,NA,0,1,1938,1938
STR Binny,Tests,6,10,194,21.555555555555557,NA,0,1,2014,2015
Shahid Nazir,Tests,15,19,194,12.125,NA,0,0,1996,2007
RMS Eranga,Tests,19,26,193,12.866666666666667,NA,0,0,2011,2016
SG Gedye,Tests,4,8,193,24.125,NA,0,2,1964,1965
T Westley,Tests,5,9,193,24.125,NA,0,1,2017,2017
Fakhar Zaman,Tests,3,6,192,32,NA,0,2,2018,2019
Ghulam Ahmed,Tests,22,31,192,8.727272727272727,NA,0,1,1948,1959
D Kenyon,Tests,8,15,192,12.8,NA,0,1,1951,1955
Mohammed Siraj,Tests,48,65,192,5.052631578947368,NA,0,0,2020,2026
AJ Doolan,Tests,4,8,191,23.875,NA,0,1,2014,2014
L Embuldeniya,Tests,17,27,191,7.346153846153846,NA,0,0,2019,2022
WE Astill,Tests,9,15,190,12.666666666666666,NA,0,0,1927,1930
PR Carlstein,Tests,8,14,190,14.615384615384615,NA,0,0,1958,1964
CBRLS Kumara,Tests,37,56,190,5.588235294117647,NA,0,0,2016,2026
Shahadat Hossain (3),Tests,6,12,190,15.833333333333334,NA,0,0,2023,2024
RW Blair,Tests,19,34,189,6.75,NA,0,1,1953,1964
AL Mann,Tests,4,8,189,23.625,NA,1,0,1977,1978
EA Halliwell,Tests,8,15,188,12.533333333333333,NA,0,1,1892,1902
J Sharp,Tests,3,6,188,47,NA,1,1,1909,1909
CC Depeiaza,Tests,5,8,187,31.166666666666668,NA,1,0,1955,1956
ML Nkala,Tests,10,15,187,14.384615384615385,NA,0,0,2000,2005
A Nortje,Tests,19,33,187,7.791666666666667,NA,0,0,2019,2023
JJ Roy,Tests,5,10,187,18.7,NA,0,1,2019,2019
PH Sharma,Tests,5,10,187,18.7,NA,0,1,1974,1977
DW Headley,Tests,15,26,186,8.454545454545455,NA,0,0,1997,1999
GB Hogg,Tests,7,10,186,26.571428571428573,NA,0,1,1996,2008
DA Marillier,Tests,5,7,186,31,NA,0,2,2000,2002
PL Winslow,Tests,5,9,186,20.666666666666668,NA,1,0,1950,1955
EAR de Silva,Tests,10,16,185,15.416666666666666,NA,0,1,1985,1991
TW Hartley,Tests,5,10,185,18.5,NA,0,0,2024,2024
K Higgs,Tests,15,19,185,11.5625,NA,0,1,1965,1968
MV Nagamootoo,Tests,5,8,185,26.428571428571427,NA,0,1,2000,2002
L Baichan,Tests,3,6,184,46,NA,1,0,1975,1976
JP Inglis,Tests,5,7,184,26.285714285714285,NA,1,0,2025,2025
HK Olonga,Tests,30,45,184,5.411764705882353,NA,0,0,1995,2002
GJ Bailey,Tests,5,8,183,26.142857142857142,NA,0,1,2013,2014
C Blythe,Tests,19,31,183,9.631578947368421,NA,0,0,1901,1910
SP Gupte,Tests,36,42,183,6.310344827586207,NA,0,0,1951,1961
Ijaz Faqih,Tests,5,8,183,26.142857142857142,NA,1,0,1980,1988
Aftab Gul,Tests,6,8,182,22.75,NA,0,0,1969,1971
LJ Moon,Tests,4,8,182,22.75,NA,0,0,1906,1906
C Overton,Tests,8,14,182,15.166666666666666,NA,0,0,2017,2022
Shoriful Islam,Tests,14,23,182,10.11111111111111,NA,0,0,2021,2026
CR Brathwaite,Tests,3,5,181,45.25,NA,0,3,2015,2016
CP Carter,Tests,10,15,181,18.1,NA,0,0,1912,1924
DA Gunawardene,Tests,6,11,181,16.454545454545453,NA,0,0,1999,2005
RH Shodhan,Tests,3,4,181,60.333333333333336,NA,1,0,1952,1953
EJ Chatfield,Tests,43,54,180,8.571428571428571,NA,0,0,1975,1989
Enamul Haque,Tests,10,19,180,12,NA,0,0,2001,2003
CJ Jordan,Tests,8,11,180,18,NA,0,0,2014,2015
NGB Cook,Tests,15,25,179,8.523809523809524,NA,0,0,1983,1989
N Gifford,Tests,15,20,179,16.272727272727273,NA,0,0,1964,1973
JFW Nicolson,Tests,3,5,179,35.8,NA,0,1,1928,1928
Imran Butt,Tests,6,10,178,17.8,NA,0,1,2021,2021
AD Ogilvie,Tests,5,10,178,17.8,NA,0,0,1977,1978
HM Goonatilleke,Tests,5,10,177,22.125,NA,0,1,1982,1982
LV Maddocks,Tests,7,12,177,17.7,NA,0,1,1954,1956
T Richardson,Tests,14,24,177,11.0625,NA,0,0,1893,1898
Younis Ahmed,Tests,4,7,177,29.5,NA,0,1,1969,1987
CR Browne,Tests,4,8,176,25.142857142857142,NA,0,1,1928,1930
CJ Chibhabha,Tests,5,10,175,17.5,NA,0,1,2016,2023
NG Cowans,Tests,19,29,175,7.954545454545454,NA,0,0,1982,1985
EW Dawson,Tests,5,9,175,19.444444444444443,NA,0,1,1928,1930
C Pringle,Tests,14,21,175,10.294117647058824,NA,0,0,1990,1995
XC Balaskas,Tests,9,13,174,14.5,NA,1,0,1930,1939
RJ Inverarity,Tests,6,11,174,17.4,NA,0,1,1968,1972
CR Miller,Tests,18,24,174,8.285714285714286,NA,0,0,1998,2001
D Myers,Tests,5,10,174,17.4,NA,0,1,2021,2025
CH Morris,Tests,4,7,173,24.714285714285715,NA,0,1,2016,2017
Mosaddek Hossain,Tests,4,8,173,28.833333333333332,NA,0,1,2017,2022
KH Weekes,Tests,2,3,173,57.666666666666664,NA,1,0,1939,1939
Inshan Ali,Tests,12,18,172,10.75,NA,0,0,1971,1977
ST Clarke,Tests,11,16,172,15.636363636363637,NA,0,0,1978,1982
P Sooriyabandara,Tests,2,3,172,57.333333333333336,NA,0,2,2026,2026
MF Kent,Tests,3,6,171,28.5,NA,0,2,1981,1981
CS Pandit,Tests,5,8,171,24.428571428571427,NA,0,0,1986,1992
OC Scott,Tests,8,13,171,17.1,NA,0,0,1928,1931
GM Carew,Tests,4,7,170,28.333333333333332,NA,1,0,1935,1949
C Gladwin,Tests,8,11,170,28.333333333333332,NA,0,1,1947,1949
MJ Hartigan,Tests,2,4,170,42.5,NA,1,0,1908,1908
J Iddon,Tests,5,7,170,28.333333333333332,NA,0,2,1935,1935
C Ramaswami,Tests,2,4,170,56.666666666666664,NA,0,1,1936,1936
Tanvir Ahmed,Tests,5,7,170,34,NA,0,1,2010,2013
KC Ibrahim,Tests,4,8,169,21.125,NA,0,1,1948,1949
TA Imlach,Tests,6,12,169,15.363636363636363,NA,0,0,2025,2025
RA Young,Tests,5,10,169,24.142857142857142,NA,0,1,2011,2011
SE Bond,Tests,18,20,168,12.923076923076923,NA,0,0,2001,2009
SH Curnow,Tests,7,14,168,12,NA,0,0,1930,1932
FGJ Ford,Tests,5,9,168,18.666666666666668,NA,0,0,1894,1895
F Hearne,Tests,6,10,168,16.8,NA,0,0,1889,1896
WVS Ling,Tests,6,10,168,16.8,NA,0,0,1921,1923
Anil Dalpat,Tests,9,12,167,15.181818181818182,NA,0,1,1984,1985
BS Chandrasekhar,Tests,58,80,167,4.073170731707317,NA,0,0,1964,1979
M Watkinson,Tests,4,6,167,33.4,NA,0,1,1995,1996
SW Ambris,Tests,6,12,166,15.090909090909092,NA,0,0,2017,2018
JP Fellows-Smith,Tests,4,8,166,27.666666666666668,NA,0,0,1960,1960
EAC Hunte,Tests,3,6,166,33.2,NA,0,2,1930,1930
KR Pushpakumara,Tests,23,31,166,8.736842105263158,NA,0,0,1994,2001
RJ Westcott,Tests,5,9,166,18.444444444444443,NA,0,1,1954,1958
Abul Hasan,Tests,3,5,165,82.5,NA,1,0,2012,2013
PK Sen,Tests,14,18,165,11.785714285714286,NA,0,0,1948,1952
ML Su'a,Tests,13,18,165,12.692307692307692,NA,0,0,1992,1995
MC Henriques,Tests,4,8,164,23.428571428571427,NA,0,2,2013,2016
PH Punjabi,Tests,5,10,164,16.4,NA,0,0,1955,1955
Akash Deep,Tests,10,15,163,11.642857142857142,NA,0,1,2024,2025
SJ Konstas,Tests,5,10,163,16.3,NA,0,1,2024,2025
A Ratra,Tests,6,10,163,18.11111111111111,NA,1,0,2002,2002
RE Redmond,Tests,1,2,163,81.5,NA,1,1,1973,1973
Anamul Haque,Tests,8,15,162,10.8,NA,0,0,2013,2025
HD Ackerman,Tests,4,8,161,20.125,NA,0,1,1998,1998
MVT Fernando,Tests,28,40,161,7,NA,0,0,2016,2025
CJ Poole,Tests,3,5,161,40.25,NA,0,2,1951,1952
WJ Whitty,Tests,14,19,161,13.416666666666666,NA,0,0,1909,1912
EG Arnold,Tests,10,15,160,13.333333333333334,NA,0,0,1903,1907
CL Badcock,Tests,7,12,160,14.545454545454545,NA,1,0,1936,1938
CI Dunusinghe,Tests,5,10,160,16,NA,0,1,1995,1995
T Emmett,Tests,7,13,160,13.333333333333334,NA,0,0,1877,1882
Nasir Jamal,Tests,5,10,160,22.857142857142858,NA,0,1,2019,2024
CH Parkin,Tests,10,16,160,12.307692307692308,NA,0,0,1920,1924
OJ Phillips,Tests,2,4,160,40,NA,0,1,2009,2009
CT Studd,Tests,5,9,160,20,NA,0,0,1882,1883
PD Lashley,Tests,4,7,159,22.714285714285715,NA,0,0,1960,1966
WP Masakadza,Tests,7,14,159,13.25,NA,0,1,2018,2025
Saif Hassan,Tests,6,11,159,14.454545454545455,NA,0,0,2020,2021
DD Taylor,Tests,3,5,159,31.8,NA,0,1,1947,1956
CEH Croft,Tests,27,37,158,10.533333333333333,NA,0,0,1977,1982
WP Howell,Tests,18,27,158,7.523809523809524,NA,0,0,1898,1904
GF Labrooy,Tests,9,14,158,14.363636363636363,NA,0,1,1986,1991
DR O'Sullivan,Tests,11,21,158,9.294117647058824,NA,0,0,1973,1976
SC Griffith,Tests,3,5,157,31.4,NA,1,0,1948,1949
AP Lucas,Tests,5,9,157,19.625,NA,0,1,1879,1884
PJ Malan,Tests,3,6,156,26,NA,0,1,2020,2020
DAR Moloney,Tests,3,6,156,26,NA,0,1,1937,1937
Naushad Ali,Tests,6,11,156,14.181818181818182,NA,0,0,1965,1965
Z de Bruyn,Tests,3,5,155,38.75,NA,0,1,2004,2004
Rashid Khan,Tests,4,6,155,51.666666666666664,NA,0,1,1982,1985
AP Freeman,Tests,12,16,154,14,NA,0,1,1924,1929
I Meckiff,Tests,18,20,154,11.846153846153847,NA,0,0,1957,1963
Rashid Khan,Tests,6,9,154,17.11111111111111,NA,0,1,2018,2025
SMJ Woods,Tests,6,10,154,15.4,NA,0,1,1888,1896
Akram Raza,Tests,9,12,153,15.3,NA,0,0,1989,1995
HF Boyle,Tests,12,16,153,12.75,NA,0,0,1879,1884
OC da Costa,Tests,5,9,153,19.125,NA,0,0,1930,1935
R Dumbrill,Tests,5,10,153,15.3,NA,0,0,1965,1967
RG Gregory,Tests,2,3,153,51,NA,0,2,1937,1937
TJ Matthews,Tests,8,10,153,17,NA,0,1,1912,1912
J O'Connor,Tests,4,7,153,21.857142857142858,NA,0,1,1929,1930
PCR Tufnell,Tests,42,59,153,5.1,NA,0,0,1990,2001
RG de Alwis,Tests,11,19,152,8,NA,0,0,1983,1988
AJ Pycroft,Tests,3,5,152,30.4,NA,0,1,1992,1992
EFS Tylecote,Tests,6,9,152,19,NA,0,1,1882,1886
FJ Cameron,Tests,5,7,151,25.166666666666668,NA,0,1,1948,1949
RK Oxenham,Tests,7,10,151,15.1,NA,0,0,1928,1931
SR Patel,Tests,6,9,151,16.77777777777778,NA,0,0,2012,2015
WR Playle,Tests,8,15,151,10.066666666666666,NA,0,1,1958,1963
W Attewell,Tests,10,15,150,16.666666666666668,NA,0,0,1884,1892
AE Fagg,Tests,5,8,150,18.75,NA,0,0,1936,1939
JD Nel,Tests,6,11,150,13.636363636363637,NA,0,0,1949,1957
GJ Batty,Tests,9,12,149,14.9,NA,0,0,2003,2016
P Kumar,Tests,6,10,149,14.9,NA,0,0,2011,2011
J Birkenshaw,Tests,5,7,148,21.142857142857142,NA,0,1,1973,1974
Khurram Shahzad,Tests,10,19,148,8.705882352941176,NA,0,0,2023,2026
Shadab Kabir,Tests,5,7,148,21.142857142857142,NA,0,1,1996,2002
BJT Bosanquet,Tests,7,14,147,13.363636363636363,NA,0,0,1903,1905
SC Joseph,Tests,5,10,147,14.7,NA,0,0,2004,2007
S Randiv,Tests,12,17,147,9.1875,NA,0,0,2010,2012
NB Mahwire,Tests,10,17,147,13.363636363636363,NA,0,1,2002,2005
CS Nayudu,Tests,11,19,147,9.1875,NA,0,0,1934,1952
NAT Adcock,Tests,26,39,146,5.407407407407407,NA,0,0,1953,1962
RW McLeod,Tests,6,11,146,13.272727272727273,NA,0,0,1892,1893
Sikander Bakht,Tests,26,35,146,6.3478260869565215,NA,0,0,1976,1983
CL White,Tests,4,7,146,29.2,NA,0,0,2008,2008
Lord Harris,Tests,4,6,145,29,NA,0,1,1879,1884
R Howorth,Tests,5,10,145,18.125,NA,0,0,1947,1948
EH Mattis,Tests,4,5,145,29,NA,0,1,1981,1981
J Neill,Tests,2,4,145,36.25,NA,0,0,2025,2025
BP Patterson,Tests,28,38,145,6.590909090909091,NA,0,0,1986,1992
V Permaul,Tests,9,13,145,13.181818181818182,NA,0,0,2012,2022
CAK Rajitha,Tests,19,26,145,6.904761904761905,NA,0,0,2018,2026
Mohammad Nawaz (3),Tests,6,10,144,16,NA,0,0,2016,2022
Mohammad Nazir,Tests,14,18,144,18,NA,0,0,1969,1983
Naseem Shah,Tests,20,27,144,7.578947368421052,NA,0,0,2019,2024
KR Patterson,Tests,2,2,144,144,NA,1,0,2019,2019
W Place,Tests,3,6,144,28.8,NA,1,0,1948,1948
Zulfiqar Babar,Tests,15,18,144,16,NA,0,1,2013,2016
EL a'Beckett,Tests,4,7,143,20.428571428571427,NA,0,0,1928,1932
RE Marshall,Tests,4,7,143,20.428571428571427,NA,0,0,1951,1952
CPH Ramanayake,Tests,18,24,143,9.533333333333333,NA,0,0,1988,1993
Abdullah Fazal,Tests,2,4,141,35.25,NA,0,2,2026,2026
SS Dighe,Tests,6,10,141,15.666666666666666,NA,0,0,2001,2001
DRE Joseph,Tests,4,7,141,20.142857142857142,NA,0,1,1999,1999
GB Lawrence,Tests,5,8,141,17.625,NA,0,0,1961,1962
Mohammad Asif,Tests,23,38,141,5.64,NA,0,0,2005,2010
SS Naik,Tests,3,6,141,23.5,NA,0,1,1974,1975
AL Valentine,Tests,36,51,141,4.7,NA,0,0,1950,1962
R Chandrika,Tests,5,10,140,14,NA,0,0,2015,2016
TS Curtis,Tests,5,9,140,15.555555555555555,NA,0,0,1988,1989
GR Robertson,Tests,4,7,140,20,NA,0,1,1998,1998
MD Shanaka,Tests,6,12,140,14,NA,0,1,2016,2021
Tanzid Hasan,Tests,3,6,140,23.333333333333332,NA,1,0,2026,2026
R Ngarava,Tests,12,19,139,9.266666666666667,NA,0,0,2021,2026
DW Begbie,Tests,5,7,138,19.714285714285715,NA,0,0,1948,1950
D Brevis,Tests,4,6,138,23,NA,0,2,2025,2025
DB Pithey,Tests,8,12,138,12.545454545454545,NA,0,1,1963,1967
FT Badcock,Tests,7,9,137,19.571428571428573,NA,0,2,1930,1933
LS Birkett,Tests,4,8,136,17,NA,0,1,1930,1931
JW D'Arcy,Tests,5,10,136,13.6,NA,0,0,1958,1958
TV Hohns,Tests,7,7,136,22.666666666666668,NA,0,0,1989,1989
Rahat Ali,Tests,21,31,136,7.555555555555555,NA,0,0,2013,2018
Surendranath,Tests,11,20,136,10.461538461538462,NA,0,0,1958,1961
KBJ Azad,Tests,7,12,135,11.25,NA,0,0,1981,1983
DB Carr,Tests,2,4,135,33.75,NA,0,1,1951,1952
A Dananjaya,Tests,6,10,135,16.875,NA,0,0,2018,2019
GF Linde,Tests,3,6,135,22.5,NA,0,0,2019,2021
Azeem Hafeez,Tests,18,21,134,8.375,NA,0,0,1983,1985
TK Musakanda,Tests,5,9,134,14.88888888888889,NA,0,0,2017,2021
DA Sharpe,Tests,3,6,134,22.333333333333332,NA,0,1,1959,1959
Rahmanullah Gurbaz,Tests,3,6,133,22.166666666666668,NA,0,0,2024,2026
JC Tongue,Tests,15,22,133,7.823529411764706,NA,0,0,2023,2026
N Pradeep,Tests,28,50,132,4,NA,0,0,2011,2017
TCB Fernando,Tests,9,8,132,26.4,NA,0,0,2001,2002
PW Jarvis,Tests,9,15,132,10.153846153846153,NA,0,0,1988,1993
A Phillip,Tests,7,12,132,14.666666666666666,NA,0,0,2022,2026
E Wainwright,Tests,5,9,132,14.666666666666666,NA,0,0,1893,1898
EL Bartlett,Tests,5,8,131,18.714285714285715,NA,0,1,1928,1931
GC Dyer,Tests,6,6,131,21.833333333333332,NA,0,1,1986,1988
MG Neser,Tests,5,7,131,18.714285714285715,NA,0,0,2021,2026
V Rathour,Tests,6,10,131,13.1,NA,0,0,1996,1997
L Tuckett,Tests,9,14,131,11.909090909090908,NA,0,0,1947,1949
Imran Tahir,Tests,20,23,130,9.285714285714286,NA,0,0,2011,2015
L Sivaramakrishnan,Tests,9,9,130,16.25,NA,0,0,1983,1986
Hon.FSG Calthorpe,Tests,4,7,129,18.428571428571427,NA,0,0,1930,1930
DR Doshi,Tests,33,38,129,4.607142857142857,NA,0,0,1979,1983
CV Gadkari,Tests,6,10,129,21.5,NA,0,1,1953,1955
H Gimblett,Tests,3,5,129,32.25,NA,0,1,1936,1939
J Gumbie,Tests,3,6,129,21.5,NA,0,0,2024,2025
JR Mason,Tests,5,10,129,12.9,NA,0,0,1897,1898
RW Tolchard,Tests,4,7,129,25.8,NA,0,1,1977,1977
IJ Ward,Tests,5,9,129,16.125,NA,0,0,2001,2001
HR Bromley-Davenport,Tests,4,6,128,21.333333333333332,NA,0,1,1896,1899
M Hendrick,Tests,30,35,128,6.4,NA,0,0,1974,1981
RK Illingworth,Tests,9,14,128,18.285714285714285,NA,0,0,1991,1995
KM Jarvis,Tests,13,24,128,9.142857142857142,NA,0,0,2011,2020
BP Julian,Tests,7,9,128,16,NA,0,1,1993,1995
D Smith,Tests,2,4,128,32,NA,0,1,1935,1935
PM Walker,Tests,3,4,128,32,NA,0,1,1960,1960
S Chattergoon,Tests,4,7,127,18.142857142857142,NA,0,0,2008,2008
GR Larsen,Tests,8,13,127,14.11111111111111,NA,0,0,1994,1996
AD Mullally,Tests,19,27,127,5.521739130434782,NA,0,0,1996,2001
PJR Steyn,Tests,3,6,127,21.166666666666668,NA,0,0,1995,1995
ES Atkinson,Tests,8,9,126,15.75,NA,0,0,1958,1959
NE Haig,Tests,5,9,126,14,NA,0,0,1921,1930
JT Hearne,Tests,12,18,126,9,NA,0,0,1892,1899
E Jones,Tests,19,26,126,5.04,NA,0,0,1894,1902
DL Bairstow,Tests,4,7,125,20.833333333333332,NA,0,1,1979,1981
SM Boland,Tests,19,24,125,8.333333333333334,NA,0,0,2021,2026
JB Commins,Tests,3,6,125,25,NA,0,0,1994,1995
Ismat Alam,Tests,2,4,125,31.25,NA,1,0,2025,2025
Marshall Ayub,Tests,3,6,125,20.833333333333332,NA,0,0,2013,2014
WFE Marx,Tests,3,6,125,20.833333333333332,NA,0,0,1921,1921
Nazimuddin,Tests,3,6,125,20.833333333333332,NA,0,1,2011,2012
DM Richards,Tests,3,6,125,20.833333333333332,NA,0,1,2009,2010
CW Wright,Tests,3,4,125,31.25,NA,0,1,1896,1896
HMCM Bandara,Tests,8,11,124,15.5,NA,0,0,1998,2006
DA Reeve,Tests,3,5,124,24.8,NA,0,1,1992,1992
RJ Crisp,Tests,9,13,123,10.25,NA,0,0,1935,1936
IB Cromb,Tests,5,8,123,20.5,NA,0,1,1931,1932
Manzoor Elahi,Tests,6,10,123,15.375,NA,0,1,1984,1995
CS Martin,Tests,71,104,123,2.3653846153846154,NA,0,0,2000,2013
BA Murphy,Tests,11,15,123,10.25,NA,0,0,2000,2001
Pervez Sajjad,Tests,19,20,123,13.666666666666666,NA,0,0,1964,1973
AB Fudadin,Tests,3,5,122,30.5,NA,0,1,2012,2012
Junaid Khan,Tests,22,28,122,7.176470588235294,NA,0,0,2011,2015
Mohammad Sharif,Tests,10,20,122,7.176470588235294,NA,0,0,2001,2007
T Murphy,Tests,7,10,122,13.555555555555555,NA,0,0,2023,2025
AH Omarshah,Tests,3,5,122,24.4,NA,0,1,1992,1996
EA Brandes,Tests,10,15,121,10.083333333333334,NA,0,0,1992,1999
JG Dewes,Tests,5,10,121,12.1,NA,0,1,1948,1950
TW Wall,Tests,18,24,121,6.368421052631579,NA,0,0,1929,1934
A Mithun,Tests,4,5,120,24,NA,0,0,2010,2011
K Zondo,Tests,5,7,120,20,NA,0,0,2022,2023
Abdul Malik (1),Tests,6,11,119,10.818181818181818,NA,0,0,2021,2026
RJ Bailey,Tests,4,8,119,14.875,NA,0,0,1988,1990
ST Doheny,Tests,2,4,118,29.5,NA,0,1,2025,2026
MAR Samarasekera,Tests,4,7,118,16.857142857142858,NA,0,1,1988,1991
K Sinclair,Tests,4,8,118,16.857142857142858,NA,0,1,2024,2025
AC Smith,Tests,6,7,118,29.5,NA,0,1,1962,1963
BGK Walker,Tests,5,8,118,19.666666666666668,NA,0,0,2000,2002
SI de Saram,Tests,4,5,117,23.4,NA,0,0,1999,2000
Noor Ali Zadran,Tests,2,4,117,29.25,NA,0,0,2024,2024
Salahuddin,Tests,5,8,117,19.5,NA,0,0,1965,1969
PADLR Sandakan,Tests,11,17,117,10.636363636363637,NA,0,0,2016,2018
WH St Hill,Tests,3,6,117,19.5,NA,0,0,1928,1930
FJ Cameron,Tests,19,30,116,11.6,NA,0,0,1961,1965
W Farrimond,Tests,4,7,116,16.571428571428573,NA,0,0,1931,1935
FM King,Tests,14,17,116,8.285714285714286,NA,0,0,1953,1956
EA McDonald,Tests,11,12,116,16.571428571428573,NA,0,0,1921,1921
F Mitchell,Tests,5,10,116,11.6,NA,0,0,1899,1912
RP Singh,Tests,14,19,116,7.25,NA,0,0,2006,2011
DH Brain,Tests,9,13,115,10.454545454545455,NA,0,0,1992,1995
PJ Martin,Tests,8,13,115,8.846153846153847,NA,0,0,1995,1997
H Morris,Tests,3,6,115,19.166666666666668,NA,0,0,1991,1991
WER Somerville,Tests,6,10,115,14.375,NA,0,0,2018,2021
GR Beard,Tests,3,5,114,22.8,NA,0,0,1980,1980
ML Cummins,Tests,14,22,114,7.6,NA,0,0,2016,2019
RKJ Dawson,Tests,7,13,114,11.4,NA,0,0,2001,2003
JJ Ferris,Tests,9,17,114,8.76923076923077,NA,0,0,1887,1892
RE Grieveson,Tests,2,2,114,57,NA,0,1,1939,1939
GPD Hartigan,Tests,5,10,114,11.4,NA,0,1,1912,1914
ERT Holmes,Tests,5,9,114,16.285714285714285,NA,0,1,1935,1935
AR Whittall,Tests,10,18,114,7.6,NA,0,0,1996,1999
CFW Allcott,Tests,6,7,113,22.6,NA,0,0,1930,1932
S Haigh,Tests,11,18,113,7.533333333333333,NA,0,0,1899,1912
Javed Ahmadi,Tests,3,6,113,18.833333333333332,NA,0,1,2018,2021
HG Kuhn,Tests,4,8,113,14.125,NA,0,0,2017,2017
D Shackleton,Tests,7,13,113,18.833333333333332,NA,0,0,1950,1963
EJ Smith,Tests,11,14,113,8.692307692307692,NA,0,0,1911,1913
CT Tremlett,Tests,12,15,113,10.272727272727273,NA,0,0,2007,2013
EAV Williams,Tests,4,6,113,18.833333333333332,NA,0,1,1939,1948
ERNS Fernando,Tests,5,10,112,11.2,NA,0,0,1983,1984
AG Ganteaume,Tests,1,1,112,112,NA,1,0,1948,1948
GG Macaulay,Tests,8,10,112,18.666666666666668,NA,0,1,1923,1933
GB Stevens,Tests,4,7,112,16,NA,0,0,1959,1960
MR Bynoe,Tests,4,6,111,18.5,NA,0,0,1959,1967
JD Higgs,Tests,22,36,111,5.55,NA,0,0,1978,1981
HS Kanitkar,Tests,2,4,111,27.75,NA,0,1,1974,1974
FL Reifer,Tests,6,12,111,9.25,NA,0,0,1997,2009
A Shaw,Tests,7,12,111,10.090909090909092,NA,0,0,1877,1882
M Shumba,Tests,4,8,111,13.875,NA,0,0,2021,2023
LA Dawson,Tests,4,7,110,22,NA,0,1,2016,2025
Ihsanullah,Tests,3,6,110,22,NA,0,1,2019,2019
PJ Newport,Tests,3,5,110,27.5,NA,0,0,1988,1991
GE Vivian,Tests,5,6,110,18.333333333333332,NA,0,0,1965,1972
TJ Murtagh,Tests,3,6,109,27.25,NA,0,1,2018,2019
SD Udal,Tests,4,7,109,18.166666666666668,NA,0,0,2005,2006
Yajurvindra Singh,Tests,4,7,109,18.166666666666668,NA,0,0,1977,1979
JH Board,Tests,6,12,108,10.8,NA,0,0,1899,1906
CG Butts,Tests,7,8,108,15.428571428571429,NA,0,0,1985,1988
GM Ewing,Tests,3,6,108,18,NA,0,1,2003,2005
Naoomal Jaoomal,Tests,3,5,108,27,NA,0,0,1932,1934
DA Stirling,Tests,6,9,108,15.428571428571429,NA,0,0,1984,1986
SJ Cook,Tests,3,6,107,17.833333333333332,NA,0,0,1992,1993
CB Jennings,Tests,6,8,107,17.833333333333332,NA,0,0,1912,1912
AB McDonald,Tests,4,6,107,21.4,NA,0,1,2009,2009
AH McKinnon,Tests,8,13,107,17.833333333333332,NA,0,0,1960,1967
P Utseya,Tests,4,8,107,15.285714285714286,NA,0,0,2004,2013
C Carmichael,Tests,3,6,106,17.666666666666668,NA,0,1,2025,2026
EW Dempster,Tests,5,8,106,17.666666666666668,NA,0,0,1953,1954
PHT Kaushal,Tests,7,12,106,10.6,NA,0,0,2014,2015
CFH Leslie,Tests,4,7,106,15.142857142857142,NA,0,1,1882,1883
J Overton,Tests,2,3,106,35.333333333333336,NA,0,1,2022,2025
LS Pascoe,Tests,14,19,106,10.6,NA,0,0,1977,1982
MSK Prasad,Tests,6,10,106,11.777777777777779,NA,0,0,1999,2000
D Ramnarine,Tests,12,21,106,6.235294117647059,NA,0,0,1998,2002
Shoaib Bashir,Tests,21,32,106,7.571428571428571,NA,0,0,2024,2026
CJE Smith,Tests,3,6,106,21.2,NA,0,0,1902,1902
WJ Watson,Tests,4,7,106,17.666666666666668,NA,0,0,1955,1955
GE Bradburn,Tests,7,10,105,13.125,NA,0,0,1990,2001
Ebadot Hossain,Tests,25,40,105,5.25,NA,0,0,2019,2026
CB Mpofu,Tests,15,28,105,5.833333333333333,NA,0,0,2005,2017
MJ Potts,Tests,11,15,105,10.5,NA,0,0,2022,2026
LS Rajput,Tests,2,4,105,26.25,NA,0,1,1985,1985
GHT Simpson-Hayward,Tests,5,8,105,15,NA,0,0,1910,1910
CJ Adams,Tests,5,8,104,13,NA,0,0,1999,2000
PVD Chameera,Tests,12,21,104,5.473684210526316,NA,0,0,2015,2021
H Klaasen,Tests,4,8,104,13,NA,0,0,2019,2023
GFJ Liebenberg,Tests,5,8,104,13,NA,0,0,1998,1998
KR Rickards,Tests,2,3,104,34.666666666666664,NA,0,1,1948,1952
Rehan Ahmed,Tests,5,10,103,10.3,NA,0,0,2022,2024
M Bisset,Tests,3,6,103,25.75,NA,0,0,1899,1910
JW Hitch,Tests,7,10,103,14.714285714285714,NA,0,1,1911,1921
SB O'Connor,Tests,19,27,103,5.722222222222222,NA,0,0,1997,2001
AG Hurst,Tests,12,20,102,6,NA,0,0,1974,1979
R Lamba,Tests,4,5,102,20.4,NA,0,1,1986,1987
RM Prideaux,Tests,3,6,102,20.4,NA,0,1,1968,1969
PM Pushpakumara,Tests,4,8,102,17,NA,0,0,2017,2018
CIJ Smith,Tests,5,10,102,10.2,NA,0,0,1935,1937
OP Stone,Tests,5,10,102,11.333333333333334,NA,0,0,2019,2024
Aaqib Javed,Tests,22,27,101,5.05,NA,0,0,1989,1998
DD Beard,Tests,4,7,101,20.2,NA,0,0,1952,1956
G Challenor,Tests,3,6,101,16.833333333333332,NA,0,0,1928,1928
SK Coen,Tests,2,4,101,50.5,NA,0,0,1927,1928
CS Cowdrey,Tests,6,8,101,14.428571428571429,NA,0,0,1984,1988
A Hill,Tests,2,4,101,50.5,NA,0,0,1877,1877
KA Hope,Tests,5,9,101,11.222222222222221,NA,0,0,2017,2017
D Paterson,Tests,7,11,101,12.625,NA,0,0,2020,2024
TA Harris,Tests,3,5,100,25,NA,0,1,1947,1949
Khan Mohammad,Tests,13,17,100,10,NA,0,0,1952,1958
RD Robinson,Tests,3,6,100,16.666666666666668,NA,0,0,1977,1977
R de Swardt,Tests,2,4,99,33,NA,0,1,2024,2024
HA Furlonge,Tests,3,5,99,19.8,NA,0,1,1955,1956
Maninder Singh,Tests,35,38,99,3.8076923076923075,NA,0,0,1982,1993
MN Nawaz,Tests,1,2,99,99,NA,0,1,2002,2002
N Oldfield,Tests,1,2,99,49.5,NA,0,1,1939,1939
Robiul Islam,Tests,9,17,99,9,NA,0,0,2010,2014
Shafiq Ahmed,Tests,6,10,99,11,NA,0,0,1974,1981
Shahriar Hossain,Tests,3,5,99,19.8,NA,0,0,2000,2004
Umar Amin,Tests,4,8,99,12.375,NA,0,0,2010,2010
TD Astle,Tests,5,6,98,19.6,NA,0,0,2012,2020
RK Chauhan,Tests,21,17,98,7,NA,0,0,1993,1998
CM Christiani,Tests,4,7,98,19.6,NA,0,0,1935,1935
WM Clark,Tests,10,19,98,5.764705882352941,NA,0,0,1977,1979
AC Cummins,Tests,5,6,98,19.6,NA,0,1,1993,1994
GH Dockrell,Tests,2,4,98,24.5,NA,0,0,2019,2023
D Foxcroft,Tests,1,1,98,98,NA,0,1,2026,2026
ELG Hoad,Tests,4,8,98,12.25,NA,0,0,1928,1933
IAR Peebles,Tests,13,17,98,10.88888888888889,NA,0,0,1927,1931
Aftab Baloch,Tests,2,3,97,48.5,NA,0,1,1969,1975
Hasibul Hossain,Tests,5,10,97,10.777777777777779,NA,0,0,2000,2001
AR Kapoor,Tests,4,6,97,19.4,NA,0,0,1994,1996
L Ngidi,Tests,20,31,97,4.85,NA,0,0,2018,2025
GAE Paine,Tests,4,7,97,16.166666666666668,NA,0,0,1935,1935
CP Senanayake,Tests,3,5,97,19.4,NA,0,1,1991,1991
LF Townsend,Tests,4,6,97,16.166666666666668,NA,0,0,1930,1934
GD Varnals,Tests,3,6,97,16.166666666666668,NA,0,0,1964,1965
GD Watson,Tests,5,9,97,10.777777777777779,NA,0,1,1966,1972
IDR Bradshaw,Tests,5,8,96,13.714285714285714,NA,0,0,2006,2006
R Clarke,Tests,2,3,96,32,NA,0,1,2003,2003
DV Dyer,Tests,3,6,96,16,NA,0,1,1947,1947
PE McEwan,Tests,4,7,96,16,NA,0,0,1980,1984
G MacGregor,Tests,8,11,96,12,NA,0,0,1890,1893
KMA Paul,Tests,3,6,96,16,NA,0,0,2018,2019
WV Rodriguez,Tests,5,7,96,13.714285714285714,NA,0,1,1962,1968
VH Stollmeyer,Tests,1,1,96,96,NA,0,1,1939,1939
B Warnapura,Tests,4,8,96,12,NA,0,0,1982,1982
KJ Abbott,Tests,11,14,95,6.785714285714286,NA,0,0,2013,2017
Karim Janat,Tests,2,4,95,31.666666666666668,NA,0,0,2023,2024
HDG Leveson Gower,Tests,3,6,95,23.75,NA,0,0,1910,1910
RP Snell,Tests,5,8,95,13.571428571428571,NA,0,0,1992,1994
HK Badani,Tests,4,7,94,15.666666666666666,NA,0,0,2001,2001
TL Chatara,Tests,10,18,94,6.266666666666667,NA,0,0,2013,2024
KS Lokuarachchi,Tests,4,5,94,23.5,NA,0,0,2003,2004
Hon.A Lyttelton,Tests,4,7,94,15.666666666666666,NA,0,0,1880,1884
K Thomson,Tests,2,4,94,31.333333333333332,NA,0,1,1968,1968
T Thushara,Tests,10,14,94,8.545454545454545,NA,0,0,2003,2010
DJ Vilas,Tests,6,9,94,10.444444444444445,NA,0,0,2015,2016
AS Wassan,Tests,4,5,94,23.5,NA,0,1,1990,1990
Yasir Arafat,Tests,3,3,94,47,NA,0,1,2007,2009
Asif Masood,Tests,16,19,93,10.333333333333334,NA,0,0,1969,1977
MRCN Bandaratilleke,Tests,7,9,93,11.625,NA,0,0,1998,2001
OD Gibson,Tests,2,4,93,23.25,NA,0,0,1995,1999
J Hunter,Tests,5,7,93,18.6,NA,0,0,1884,1885
AS Kennedy,Tests,5,8,93,15.5,NA,0,0,1922,1923
PI Philpott,Tests,8,10,93,10.333333333333334,NA,0,0,1965,1966
BA Reid,Tests,27,34,93,4.65,NA,0,0,1985,1992
G Bean,Tests,3,5,92,18.4,NA,0,1,1892,1892
SC Kuggeleijn,Tests,3,6,92,15.333333333333334,NA,0,0,2023,2024
AG Milkha Singh,Tests,4,6,92,15.333333333333334,NA,0,0,1960,1961
Razaullah,Tests,1,2,92,46,NA,0,1,2026,2026
SD Anurasiri,Tests,18,22,91,5.352941176470588,NA,0,0,1986,1998
JG Binks,Tests,2,4,91,22.75,NA,0,1,1964,1964
CE Eksteen,Tests,7,11,91,10.11111111111111,NA,0,0,1993,2000
HC Griffith,Tests,13,23,91,5.055555555555555,NA,0,0,1928,1933
R Pilling,Tests,8,13,91,7.583333333333333,NA,0,0,1881,1888
AK Roy,Tests,4,7,91,13,NA,0,0,1969,1969
Al-Amin Hossain,Tests,7,11,90,22.5,NA,0,0,2013,2019
T Campbell,Tests,5,9,90,15,NA,0,0,1910,1912
J Cowie,Tests,9,13,90,10,NA,0,0,1937,1949
KM Dabengwa,Tests,3,6,90,15,NA,0,0,2005,2005
TN Madondo,Tests,3,4,90,30,NA,0,1,1998,2000
NA Quinn,Tests,12,18,90,6,NA,0,0,1929,1932
BG Rogers,Tests,4,8,90,11.25,NA,0,0,2005,2005
GR Hazlitt,Tests,9,12,89,11.125,NA,0,0,1907,1912
G Kishenchand,Tests,5,10,89,8.9,NA,0,0,1947,1952
RN Lewis,Tests,5,10,89,8.9,NA,0,0,1997,2008
PP Ojha,Tests,24,27,89,8.9,NA,0,0,2009,2013
NM Parker,Tests,3,6,89,14.833333333333334,NA,0,0,1976,1976
Tushar Imran,Tests,5,10,89,8.9,NA,0,0,2002,2007
Ariful Haque,Tests,2,4,88,29.333333333333332,NA,0,0,2018,2018
KIC Asalanka,Tests,3,6,88,14.666666666666666,NA,0,0,2021,2022
CK Coventry,Tests,2,4,88,22,NA,0,0,2005,2005
SMS Kaluperuma,Tests,4,8,88,11,NA,0,0,1984,1988
M Kartik,Tests,8,10,88,9.777777777777779,NA,0,0,2000,2004
TR McKibbin,Tests,5,8,88,14.666666666666666,NA,0,0,1895,1898
SW Masakadza,Tests,5,9,88,11,NA,0,0,2012,2014
AN Ranasinghe,Tests,2,4,88,22,NA,0,1,1982,1982
Shabbir Ahmed,Tests,10,15,88,8.8,NA,0,0,2003,2005
Zulqarnain Haider,Tests,1,2,88,44,NA,0,1,2010,2010
ST Callaway,Tests,3,6,87,17.4,NA,0,0,1892,1895
TJ Laughlin,Tests,3,5,87,17.4,NA,0,0,1978,1978
MP Maynard,Tests,4,8,87,10.875,NA,0,0,1988,1994
D Ranatunga,Tests,2,3,87,29,NA,0,0,1989,1989
ET Smith,Tests,3,5,87,17.4,NA,0,1,2003,2003
AB Tancred,Tests,2,4,87,29,NA,0,0,1889,1889
GD Elliott,Tests,5,9,86,10.75,NA,0,0,2008,2009
EG Hayes,Tests,5,9,86,10.75,NA,0,0,1906,1912
ND Howard,Tests,4,6,86,17.2,NA,0,0,1951,1952
RC Irani,Tests,3,5,86,17.2,NA,0,0,1996,1999
K Nuwantha,Tests,2,4,86,21.5,NA,0,0,2026,2026
JDA O'Connor,Tests,4,8,86,12.285714285714286,NA,0,0,1908,1909
SNJ O'Keefe,Tests,9,13,86,9.555555555555555,NA,0,0,2014,2017
JR Gunn,Tests,6,10,85,10.625,NA,0,0,1901,1905
Mohammad Farooq,Tests,7,9,85,17,NA,0,0,1960,1965
SG Shinde,Tests,7,11,85,14.166666666666666,NA,0,0,1946,1952
D Taylor,Tests,2,4,85,21.25,NA,0,0,1914,1914
DJ Colley,Tests,3,4,84,21,NA,0,1,1972,1972
RR Jumadeen,Tests,12,14,84,21,NA,0,1,1972,1979
Yuvraj of Patiala,Tests,1,2,84,42,NA,0,1,1934,1934
MA Seymour,Tests,7,10,84,12,NA,0,0,1963,1970
U Afzaal,Tests,3,6,83,16.6,NA,0,1,2001,2001
Amir Hamza,Tests,4,6,83,20.75,NA,0,0,2019,2023
W Barber,Tests,2,4,83,20.75,NA,0,0,1935,1935
J Botha,Tests,5,6,83,20.75,NA,0,0,2006,2010
DT Hondo,Tests,9,15,83,9.222222222222221,NA,0,0,2001,2005
D Pretorius,Tests,3,6,83,13.833333333333334,NA,0,0,2019,2020
SW Sohoni,Tests,4,7,83,16.6,NA,0,0,1946,1951
JG Thomas,Tests,5,10,83,13.833333333333334,NA,0,0,1986,1986
Amir Elahi,Tests,6,9,82,10.25,NA,0,0,1947,1952
E Evans,Tests,6,10,82,10.25,NA,0,0,1881,1886
B Mavuta,Tests,5,8,82,10.25,NA,0,1,2018,2024
TS Roland-Jones,Tests,4,6,82,20.5,NA,0,0,2017,2017
M Zondeki,Tests,6,5,82,16.4,NA,0,1,2003,2008
EE Achong,Tests,6,11,81,8.1,NA,0,0,1930,1935
JH de Courcy,Tests,3,6,81,16.2,NA,0,0,1953,1953
GN Francis,Tests,10,18,81,5.785714285714286,NA,0,0,1928,1933
RA Hamence,Tests,3,4,81,27,NA,0,0,1947,1948
ET Killick,Tests,2,4,81,20.25,NA,0,0,1929,1929
AE Knight,Tests,3,6,81,16.2,NA,0,1,1904,1904
SI Mahmood,Tests,8,11,81,8.1,NA,0,0,2006,2007
Manjural Islam,Tests,17,33,81,3.6818181818181817,NA,0,0,2001,2004
IL Mendonca,Tests,2,2,81,40.5,NA,0,1,1962,1962
WN Slack,Tests,3,6,81,13.5,NA,0,1,1986,1986
JE Barrett,Tests,2,4,80,26.666666666666668,NA,0,1,1890,1890
T Duffin,Tests,2,4,80,20,NA,0,1,2005,2005
AEV Hartkopf,Tests,1,2,80,40,NA,0,1,1925,1925
JM Kemp,Tests,4,6,80,13.333333333333334,NA,0,1,2001,2005
RD Parkar,Tests,2,4,80,20,NA,0,0,1972,1973
DJ Sincock,Tests,3,4,80,26.666666666666668,NA,0,0,1964,1966
DM Smith,Tests,2,4,80,20,NA,0,0,1986,1986
A Wood,Tests,4,5,80,20,NA,0,1,1938,1939
TM Chappell,Tests,3,6,79,15.8,NA,0,0,1981,1981
JA Maclean,Tests,4,8,79,11.285714285714286,NA,0,0,1978,1979
JA Small,Tests,3,6,79,13.166666666666666,NA,0,1,1928,1930
MJ Suthar,Tests,3,4,79,19.75,NA,0,0,2026,2026
JA Duffy,Tests,4,5,78,19.5,NA,0,0,2025,2025
A Fielder,Tests,6,12,78,11.142857142857142,NA,0,0,1904,1908
Ishan Kishan,Tests,2,3,78,78,NA,0,1,2023,2023
MN Lathwell,Tests,2,4,78,19.5,NA,0,0,1993,1993
RAL Massie,Tests,6,8,78,11.142857142857142,NA,0,0,1972,1973
SF Mire,Tests,2,4,78,19.5,NA,0,0,2017,2017
P Bhandari,Tests,3,4,77,19.25,NA,0,0,1955,1956
A Greenwood,Tests,2,4,77,19.25,NA,0,0,1877,1877
A Nehra,Tests,17,25,77,5.5,NA,0,0,1999,2004
VM Nyauchi,Tests,11,16,77,7.7,NA,0,0,2020,2025
ASA Perera,Tests,3,4,77,25.666666666666668,NA,0,0,1998,2001
JN Shepherd,Tests,5,8,77,9.625,NA,0,0,1969,1971
DCH Townsend,Tests,3,6,77,12.833333333333334,NA,0,0,1935,1935
Yamin Ahmadzai,Tests,8,15,77,5.923076923076923,NA,0,0,2018,2025
Ata-ur-Rehman,Tests,13,15,76,8.444444444444445,NA,0,0,1992,1996
IG Butler,Tests,8,10,76,9.5,NA,0,0,2002,2004
TL Chivanga,Tests,8,15,76,6.909090909090909,NA,0,0,2023,2025
GHG Doggart,Tests,2,4,76,19,NA,0,0,1950,1950
B Dooland,Tests,3,5,76,19,NA,0,0,1947,1948
A D'Souza,Tests,6,10,76,38,NA,0,0,1959,1962
MR Gillespie,Tests,5,8,76,10.857142857142858,NA,0,0,2007,2012
PJ Loader,Tests,13,19,76,5.846153846153846,NA,0,0,1954,1959
LC Mayne,Tests,6,11,76,9.5,NA,0,0,1965,1970
F Nicholson,Tests,4,8,76,10.857142857142858,NA,0,0,1935,1936
RM Poore,Tests,3,6,76,12.666666666666666,NA,0,0,1896,1896
DW Allan,Tests,5,7,75,12.5,NA,0,0,1962,1966
H Donnan,Tests,5,10,75,8.333333333333334,NA,0,0,1892,1896
MK Elgie,Tests,3,6,75,12.5,NA,0,1,1961,1962
JT Ward,Tests,8,12,75,12.5,NA,0,0,1964,1968
D Wilson,Tests,6,7,75,12.5,NA,0,0,1964,1971
JER Gallian,Tests,3,6,74,12.333333333333334,NA,0,0,1995,1995
AG Huckle,Tests,8,14,74,6.7272727272727275,NA,0,0,1997,1998
HH Kanitkar,Tests,2,4,74,18.5,NA,0,0,1999,2000
A Maregwede,Tests,2,4,74,18.5,NA,0,0,2004,2004
BP Martin,Tests,5,6,74,14.8,NA,0,0,2013,2013
NO Perry,Tests,4,7,74,12.333333333333334,NA,0,0,1999,1999
Shakeel Ahmed jnr,Tests,3,5,74,14.8,NA,0,0,1993,1995
ET Willett,Tests,5,8,74,14.8,NA,0,0,1973,1975
Bilal Asif,Tests,5,8,73,9.125,NA,0,0,2018,2018
JA Hayes,Tests,15,22,73,4.866666666666666,NA,0,0,1951,1958
BJ McCarthy,Tests,4,6,73,12.166666666666666,NA,0,0,2024,2025
WE Merritt,Tests,6,8,73,10.428571428571429,NA,0,0,1930,1931
JT Partridge,Tests,11,12,73,10.428571428571429,NA,0,0,1963,1965
EWT Tindill,Tests,5,9,73,9.125,NA,0,0,1937,1947
ERH Toshack,Tests,12,11,73,14.6,NA,0,0,1946,1948
HE Dollery,Tests,4,7,72,10.285714285714286,NA,0,0,1947,1950
S Elworthy,Tests,4,5,72,18,NA,0,0,1998,2002
NA McSweeney,Tests,3,6,72,14.4,NA,0,0,2024,2024
KO Meth,Tests,2,4,72,24,NA,0,0,2013,2013
WJ Pucovski,Tests,1,2,72,36,NA,0,1,2021,2021
TW Routledge,Tests,4,8,72,9,NA,0,0,1892,1896
A Sanford,Tests,11,17,72,4.8,NA,0,0,2002,2004
EG Wynyard,Tests,3,6,72,12,NA,0,0,1896,1906
MJ Bennett,Tests,3,5,71,23.666666666666668,NA,0,0,1984,1985
WH Brann,Tests,3,5,71,14.2,NA,0,1,1922,1923
RO Butcher,Tests,3,5,71,14.2,NA,0,0,1981,1981
AHH Gilligan,Tests,4,4,71,17.75,NA,0,0,1930,1930
DD Hindlekar,Tests,4,7,71,14.2,NA,0,0,1936,1946
GJ Hopkins,Tests,4,7,71,11.833333333333334,NA,0,0,2008,2010
PA Horne,Tests,4,7,71,10.142857142857142,NA,0,0,1987,1990
SP James,Tests,2,4,71,17.75,NA,0,0,1998,1998
JJ Krejza,Tests,2,4,71,23.666666666666668,NA,0,0,2008,2008
JE Morris,Tests,3,5,71,23.666666666666668,NA,0,0,1990,1990
P Roy,Tests,2,3,71,35.5,NA,0,1,1982,1982
JDF Vandersay,Tests,2,4,71,17.75,NA,0,1,2022,2025
AW White,Tests,2,4,71,23.666666666666668,NA,0,1,1965,1965
Zafar Gohar,Tests,1,2,71,35.5,NA,0,0,2021,2021
R Beaumont,Tests,5,9,70,7.777777777777778,NA,0,0,1912,1914
Bilawal Bhatti,Tests,2,3,70,35,NA,0,0,2013,2014
NW Bracken,Tests,5,6,70,17.5,NA,0,0,2003,2005
LG Hylton,Tests,6,8,70,11.666666666666666,NA,0,0,1935,1939
E Peate,Tests,9,14,70,11.666666666666666,NA,0,0,1881,1886
GA Smithson,Tests,2,3,70,23.333333333333332,NA,0,0,1948,1948
AJ Bell,Tests,16,23,69,6.2727272727272725,NA,0,0,1929,1935
SHM Colah,Tests,2,4,69,17.25,NA,0,0,1932,1933
GJ Crocker,Tests,3,4,69,23,NA,0,0,1992,1992
DK Liyanage,Tests,9,9,69,7.666666666666667,NA,0,0,1992,2001
Mohammad Shahzad,Tests,2,4,69,17.25,NA,0,0,2018,2019
NI Thomson,Tests,5,4,69,23,NA,0,0,1964,1965
AC Waller,Tests,2,3,69,23,NA,0,1,1996,1996
Abrar Ahmed,Tests,10,15,68,8.5,NA,0,0,2022,2025
WJ Edwards,Tests,3,6,68,11.333333333333334,NA,0,0,1974,1974
H Jupp,Tests,2,4,68,17,NA,0,1,1877,1877
T Maruma,Tests,4,7,68,9.714285714285714,NA,0,0,2013,2021
MG Melle,Tests,7,12,68,8.5,NA,0,0,1950,1953
WH Milton,Tests,3,6,68,11.333333333333334,NA,0,0,1889,1892
MR Whitney,Tests,12,19,68,6.181818181818182,NA,0,0,1981,1992
JT Ball,Tests,4,8,67,8.375,NA,0,0,2016,2017
G Coetzee,Tests,4,6,67,13.4,NA,0,0,2023,2024
MJ Humphreys,Tests,5,9,67,11.166666666666666,NA,0,0,2023,2025
MK Mantri,Tests,4,8,67,9.571428571428571,NA,0,0,1951,1955
WD Parnell,Tests,6,4,67,16.75,NA,0,0,2010,2017
MW Pringle,Tests,4,6,67,16.75,NA,0,0,1992,1995
CP Schofield,Tests,2,3,67,22.333333333333332,NA,0,1,2000,2000
MW Sievers,Tests,3,6,67,13.4,NA,0,0,1936,1937
PM Such,Tests,11,16,67,6.090909090909091,NA,0,0,1993,1999
NFD Thomson,Tests,2,4,67,16.75,NA,0,0,1877,1877
CV Wight,Tests,2,4,67,22.333333333333332,NA,0,0,1928,1930
Afaq Hussain,Tests,2,4,66,Inf,NA,0,0,1961,1964
SW Billings,Tests,3,3,66,22,NA,0,0,2022,2022
N Brand,Tests,2,4,66,16.5,NA,0,0,2024,2024
TK Curran,Tests,2,3,66,33,NA,0,0,2017,2018
M Hayward,Tests,16,17,66,7.333333333333333,NA,0,0,1999,2004
RD King,Tests,19,27,66,3.473684210526316,NA,0,0,1999,2005
A Kuruvilla,Tests,10,11,66,6.6,NA,0,0,1997,1997
WS Lees,Tests,5,9,66,11,NA,0,0,1906,1906
Mustafizur Rahman,Tests,15,22,66,4.4,NA,0,0,2015,2022
D Olivier,Tests,16,21,66,6,NA,0,0,2017,2024
JSE Price,Tests,15,15,66,7.333333333333333,NA,0,0,1964,1972
JT Botten,Tests,3,6,65,10.833333333333334,NA,0,0,1965,1965
WR Cuttell,Tests,2,4,65,16.25,NA,0,0,1899,1899
KSC de Silva,Tests,8,12,65,9.285714285714286,NA,0,0,1997,1999
RM Edwards,Tests,5,8,65,9.285714285714286,NA,0,0,1968,1969
CW Henderson,Tests,7,7,65,9.285714285714286,NA,0,0,2001,2002
AJ Hollioake,Tests,4,6,65,10.833333333333334,NA,0,0,1997,1998
SJ Staples,Tests,3,5,65,13,NA,0,0,1928,1928
AP Binns,Tests,5,8,64,9.142857142857142,NA,0,0,1953,1956
ERH Fuller,Tests,7,9,64,8,NA,0,0,1953,1958
TJD Kelly,Tests,2,3,64,21.333333333333332,NA,0,0,1877,1879
JH King,Tests,1,2,64,32,NA,0,1,1909,1909
ER Mayne,Tests,4,4,64,21.333333333333332,NA,0,0,1912,1921
Naved Ashraf,Tests,2,3,64,21.333333333333332,NA,0,0,1998,2000
SR Thompson,Tests,3,6,64,10.666666666666666,NA,0,1,2018,2019
R van Tonder,Tests,2,4,64,16,NA,0,0,2024,2024
PE Whitelaw,Tests,2,4,64,32,NA,0,0,1933,1933
S Badrinath,Tests,2,3,63,21,NA,0,1,2010,2010
HRJ Charlwood,Tests,2,4,63,15.75,NA,0,0,1877,1877
GWA Chubb,Tests,5,9,63,10.5,NA,0,0,1951,1951
CEL Jones,Tests,4,7,63,9,NA,0,0,1930,1935
Mohammad Munaf,Tests,4,7,63,12.6,NA,0,0,1959,1962
RM Patidar,Tests,3,6,63,10.5,NA,0,0,2024,2024
H Philipson,Tests,5,8,63,9,NA,0,0,1892,1895
Shahidullah,Tests,3,4,63,21,NA,0,0,2021,2025
VA Singh,Tests,3,6,63,10.5,NA,0,0,2017,2017
NS Asgarali,Tests,2,4,62,15.5,NA,0,0,1957,1957
Hon.IFW Bligh,Tests,4,7,62,10.333333333333334,NA,0,0,1882,1883
WP Bradburn,Tests,2,4,62,15.5,NA,0,0,1964,1964
CGD Burger,Tests,2,4,62,20.666666666666668,NA,0,0,1958,1958
RGA Headley,Tests,2,4,62,15.5,NA,0,0,1973,1973
KW Hough,Tests,2,3,62,62,NA,0,0,1959,1959
NP Mayavo,Tests,2,4,62,15.5,NA,0,0,2025,2025
C Newberry,Tests,4,8,62,7.75,NA,0,0,1913,1914
JA Rennie,Tests,4,6,62,12.4,NA,0,0,1993,1997
Sediqullah Atal,Tests,2,3,62,20.666666666666668,NA,0,0,2024,2026
Harry Elliott,Tests,4,5,61,15.25,NA,0,0,1928,1934
Haseeb Ahsan,Tests,12,16,61,6.777777777777778,NA,0,0,1958,1962
MJ Hay,Tests,1,1,61,61,NA,0,1,2025,2025
Iftikhar Ahmed,Tests,4,6,61,12.2,NA,0,0,2016,2022
PJ Ingram,Tests,2,4,61,15.25,NA,0,0,2010,2010
WR James,Tests,4,4,61,15.25,NA,0,0,1993,1994
NC McGarrell,Tests,4,6,61,15.25,NA,0,0,2001,2001
AE Moss,Tests,9,7,61,10.166666666666666,NA,0,0,1954,1960
RV Divecha,Tests,5,5,60,12,NA,0,0,1951,1952
R Gilchrist,Tests,13,14,60,5.454545454545454,NA,0,0,1957,1959
DW Gregory,Tests,3,5,60,20,NA,0,0,1877,1879
PM Hornibrook,Tests,6,7,60,10,NA,0,0,1929,1930
MJ Horton,Tests,2,2,60,30,NA,0,1,1959,1959
DV Lawrence,Tests,5,6,60,10,NA,0,0,1988,1992
G Millman,Tests,6,7,60,12,NA,0,0,1961,1962
JK Moss,Tests,1,2,60,60,NA,0,0,1979,1979
MM Patel,Tests,13,14,60,7.5,NA,0,0,2006,2011
SG Peall,Tests,4,6,60,15,NA,0,0,1993,1994
W Watson,Tests,15,18,60,5,NA,0,0,1986,1993
Arif Butt,Tests,3,5,59,11.8,NA,0,0,1964,1965
BA Bolton,Tests,2,3,59,19.666666666666668,NA,0,0,1959,1959
HD Bromfield,Tests,9,12,59,11.8,NA,0,0,1961,1965
Enamul Haque jnr,Tests,15,26,59,5.9,NA,0,0,2003,2013
AM Fernando,Tests,28,41,59,2.95,NA,0,0,2021,2026
GAL Hearne,Tests,3,5,59,11.8,NA,0,0,1922,1924
RL Johnson,Tests,3,4,59,14.75,NA,0,0,2003,2003
R Kaia,Tests,3,6,59,9.833333333333334,NA,0,0,2021,2021
Sir TC O'Brien,Tests,5,8,59,7.375,NA,0,0,1884,1896
M Theekshana,Tests,2,3,59,19.666666666666668,NA,0,0,2022,2022
CA Absolom,Tests,1,2,58,29,NA,0,1,1879,1879
CE Cuffy,Tests,15,23,58,4.142857142857143,NA,0,0,1994,2002
K Farnes,Tests,15,17,58,4.833333333333333,NA,0,0,1934,1939
LF Kline,Tests,13,16,58,8.285714285714286,NA,0,0,1957,1961
EA Martindale,Tests,10,14,58,5.2727272727272725,NA,0,0,1933,1939
PL Mhambrey,Tests,2,3,58,29,NA,0,0,1996,1996
FW Milligan,Tests,2,4,58,14.5,NA,0,0,1899,1899
JA Morkel,Tests,1,1,58,58,NA,0,1,2009,2009
WTS Porterfield,Tests,3,6,58,9.666666666666666,NA,0,0,2018,2019
SC Stayers,Tests,4,4,58,19.333333333333332,NA,0,0,1962,1962
LE Tapscott,Tests,2,3,58,29,NA,0,1,1923,1923
DR Gilbert,Tests,9,12,57,7.125,NA,0,0,1985,1986
WW Keeton,Tests,2,4,57,14.25,NA,0,0,1934,1939
PK Lee,Tests,2,3,57,19,NA,0,0,1931,1933
Mohammad Shahid,Tests,5,6,57,11.4,NA,0,0,2015,2015
JL Ontong,Tests,2,4,57,19,NA,0,0,2002,2004
GC Shillingford,Tests,7,8,57,8.142857142857142,NA,0,0,1969,1972
K Taylor,Tests,3,5,57,11.4,NA,0,0,1959,1964
DP Viljoen,Tests,2,4,57,14.25,NA,0,0,1998,2000
KADM Fernando,Tests,2,3,56,28,NA,0,1,2003,2003
MS Hardikar,Tests,2,4,56,18.666666666666668,NA,0,0,1958,1958
LM Jongwe,Tests,1,2,56,28,NA,0,0,2021,2021
NV Ojha,Tests,1,2,56,28,NA,0,0,2015,2015
MW Priest,Tests,3,4,56,14,NA,0,0,1990,1998
SK Sharma,Tests,2,3,56,28,NA,0,0,1988,1990
GP Bilby,Tests,2,4,55,13.75,NA,0,0,1966,1966
HWR Cartwright,Tests,2,2,55,27.5,NA,0,0,2017,2017
Lord Hawke,Tests,5,8,55,7.857142857142857,NA,0,0,1896,1899
Mohammad Wasim (1),Tests,2,4,55,18.333333333333332,NA,0,0,2022,2022
M Nissar,Tests,6,11,55,6.875,NA,0,0,1932,1936
NT Nyamhuri,Tests,5,8,55,6.875,NA,0,0,2024,2026
BA Parchment,Tests,2,4,55,13.75,NA,0,0,2008,2008
COC Pearse,Tests,3,6,55,9.166666666666666,NA,0,0,1910,1911
FH Sugg,Tests,2,2,55,27.5,NA,0,0,1888,1888
Khaled Ahmed,Tests,18,31,55,2.5,NA,0,0,2018,2026
GB Troup,Tests,15,18,55,4.583333333333333,NA,0,0,1976,1986
AMJG Amerasinghe,Tests,2,4,54,18,NA,0,0,1984,1984
DE Bollinger,Tests,12,14,54,7.714285714285714,NA,0,0,2009,2010
MG Burmester,Tests,3,4,54,27,NA,0,0,1992,1992
LO Fleetwood-Smith,Tests,10,11,54,9,NA,0,0,1935,1938
A Gandotra,Tests,2,4,54,13.5,NA,0,0,1969,1969
ND Hirwani,Tests,17,22,54,5.4,NA,0,0,1988,1996
Humayun Farhat,Tests,1,2,54,27,NA,0,0,2001,2001
DJ Knight,Tests,2,4,54,13.5,NA,0,0,1921,1921
SG Law,Tests,1,1,54,Inf,NA,0,1,1995,1995
EL McCormick,Tests,12,14,54,6,NA,0,0,1935,1938
CD Matthews,Tests,3,5,54,10.8,NA,0,0,1986,1988
RO Scarlett,Tests,3,4,54,18,NA,0,0,1960,1960
WPA Crawford,Tests,4,5,53,17.666666666666668,NA,0,0,1956,1956
O Henry,Tests,3,3,53,17.666666666666668,NA,0,0,1992,1993
VB John,Tests,6,10,53,10.6,NA,0,0,1983,1984
HC Nitschke,Tests,2,2,53,26.5,NA,0,0,1931,1931
RL Powell,Tests,2,3,53,17.666666666666668,NA,0,0,1999,2004
CG Rackemann,Tests,12,14,53,5.3,NA,0,0,1982,1991
AK Sharma,Tests,1,2,53,26.5,NA,0,0,1988,1988
Abdur Rauf,Tests,3,6,52,8.666666666666666,NA,0,0,2009,2009
G Alexander,Tests,2,4,52,13,NA,0,0,1880,1884
N Betancourt,Tests,1,2,52,26,NA,0,0,1930,1930
CN Evans,Tests,3,6,52,8.666666666666666,NA,0,0,1996,2003
Fahim Muntasir,Tests,3,6,52,8.666666666666666,NA,0,0,2002,2002
Fazl-e-Akbar,Tests,5,8,52,13,NA,0,0,1998,2004
BC Francis,Tests,3,5,52,10.4,NA,0,0,1972,1972
JW Hastings,Tests,1,2,52,26,NA,0,0,2012,2012
KC James,Tests,11,13,52,4.7272727272727275,NA,0,0,1930,1933
SP Kinneir,Tests,1,2,52,26,NA,0,0,1911,1911
JJC Lawson,Tests,13,21,52,3.466666666666667,NA,0,0,2002,2005
S Mahmood,Tests,2,2,52,52,NA,0,0,2022,2022
J Middleton,Tests,6,12,52,7.428571428571429,NA,0,0,1896,1902
OE Nothling,Tests,1,2,52,26,NA,0,0,1928,1928
Talha Jubair,Tests,7,14,52,6.5,NA,0,0,2002,2004
BV Vitori,Tests,4,7,52,10.4,NA,0,0,2011,2013
KL Wishart,Tests,1,2,52,26,NA,0,1,1935,1935
R Appleyard,Tests,9,9,51,17,NA,0,0,1954,1956
Bahir Shah,Tests,2,3,51,17,NA,0,0,2023,2025
L Balaji,Tests,8,9,51,5.666666666666667,NA,0,0,2003,2005
MR Benson,Tests,1,2,51,25.5,NA,0,0,1986,1986
VR Brown,Tests,2,3,51,25.5,NA,0,0,1985,1985
AE Dipper,Tests,1,2,51,25.5,NA,0,0,1921,1921
XJ Doherty,Tests,4,7,51,12.75,NA,0,0,2010,2013
RL Harvey,Tests,2,4,51,12.75,NA,0,0,1936,1936
KS Indrajitsinhji,Tests,4,7,51,8.5,NA,0,0,1964,1969
Kamrul Islam Rabbi,Tests,7,14,51,5.666666666666667,NA,0,0,2016,2018
HM McGirr,Tests,2,1,51,51,NA,0,1,1930,1930
Mir Hamza,Tests,7,14,51,6.375,NA,0,0,2018,2025
K Mishara,Tests,1,2,51,25.5,NA,0,0,2026,2026
Nasir Jamshed,Tests,2,4,51,12.75,NA,0,0,2013,2013
DEV Padgett,Tests,2,4,51,12.75,NA,0,0,1960,1960
JB Robertson,Tests,3,6,51,10.2,NA,0,0,1935,1936
CL Townsend,Tests,2,3,51,17,NA,0,0,1899,1899
MD Fisher,Tests,2,3,50,50,NA,0,1,2022,2026
RA Legall,Tests,4,5,50,10,NA,0,0,1953,1953
F Penn,Tests,1,2,50,50,NA,0,0,1880,1880
R Tattersall,Tests,16,17,50,5,NA,0,0,1951,1954
ZS Ansari,Tests,3,5,49,9.8,NA,0,0,2016,2016
Azmat Rana,Tests,1,1,49,49,NA,0,0,1980,1980
MP Fernandes,Tests,2,4,49,12.25,NA,0,0,1928,1930
Mohammad Salim,Tests,2,4,49,16.333333333333332,NA,0,0,2003,2003
LCH Palairet,Tests,2,4,49,12.25,NA,0,0,1902,1902
F Ridgway,Tests,5,6,49,8.166666666666666,NA,0,0,1951,1952
C Wesley,Tests,3,5,49,9.8,NA,0,0,1960,1960
W Chatterton,Tests,1,1,48,48,NA,0,0,1892,1892
JD Edwards,Tests,3,6,48,9.6,NA,0,0,1888,1888
Y Goonasekera,Tests,2,4,48,12,NA,0,0,1983,1983
AH Gray,Tests,5,8,48,8,NA,0,0,1986,1987
TE Srinivasan,Tests,1,2,48,24,NA,0,0,1981,1981
LB Fishlock,Tests,4,5,47,11.75,NA,0,0,1936,1947
PEW Jones,Tests,9,11,47,5.222222222222222,NA,0,0,1948,1951
EC Joyce,Tests,1,2,47,23.5,NA,0,0,2018,2018
R McLaren,Tests,2,3,47,23.5,NA,0,0,2010,2014
Mohammad Ayub,Tests,1,2,47,23.5,NA,0,0,2012,2012
K Pierre,Tests,2,4,47,15.666666666666666,NA,0,0,2025,2025
VRV Singh,Tests,5,6,47,11.75,NA,0,0,2006,2007
TL Tsolekile,Tests,3,5,47,9.4,NA,0,0,2004,2004
RK Tyldesley,Tests,7,7,47,7.833333333333333,NA,0,0,1924,1930
AW Wellard,Tests,2,4,47,11.75,NA,0,0,1937,1938
MW Booth,Tests,2,2,46,23,NA,0,0,1913,1914
WW Daniel,Tests,10,11,46,6.571428571428571,NA,0,0,1976,1984
RWG Emery,Tests,2,4,46,11.5,NA,0,0,1952,1952
B Evans,Tests,3,4,46,15.333333333333334,NA,0,0,2023,2026
GA Lamb,Tests,1,2,46,23,NA,0,0,2011,2011
DL Maddy,Tests,3,4,46,11.5,NA,0,0,1999,2000
MF Malone,Tests,1,1,46,46,NA,0,0,1977,1977
Muhammad Hurraira,Tests,2,4,46,11.5,NA,0,0,2025,2025
Nadeem Abbasi,Tests,3,2,46,23,NA,0,0,1989,1989
MV Narasimha Rao,Tests,4,6,46,9.2,NA,0,0,1978,1979
CC Passailaigue,Tests,1,2,46,46,NA,0,0,1930,1930
K Shuttleworth,Tests,5,6,46,7.666666666666667,NA,0,0,1970,1971
J Vine,Tests,2,3,46,46,NA,0,0,1912,1912
BJ Arnel,Tests,6,12,45,5.625,NA,0,0,2010,2012
MP Bicknell,Tests,4,7,45,6.428571428571429,NA,0,0,1993,2003
RP de Groen,Tests,5,10,45,7.5,NA,0,0,1993,1994
JP Faulkner,Tests,1,2,45,22.5,NA,0,0,2013,2013
ZG Foulkes,Tests,6,6,45,15,NA,0,0,2025,2026
MM Patel,Tests,2,2,45,22.5,NA,0,0,1996,1996
Qais Ahmad,Tests,2,4,45,11.25,NA,0,0,2019,2024
FW Smith,Tests,3,6,45,9,NA,0,0,1889,1896
JC Tredwell,Tests,2,2,45,22.5,NA,0,0,2010,2015
GC Wilson,Tests,2,4,45,15,NA,0,0,2018,2019
RC Allen,Tests,1,2,44,22,NA,0,0,1887,1887
BC Hollioake,Tests,2,4,44,11,NA,0,0,1997,1998
J Humphries,Tests,3,6,44,8.8,NA,0,0,1908,1908
Lall Singh,Tests,1,2,44,22,NA,0,0,1932,1932
Naved Anjum,Tests,2,3,44,14.666666666666666,NA,0,0,1989,1990
Sharjeel Khan,Tests,1,2,44,22,NA,0,0,2017,2017
JW Sharpe,Tests,3,6,44,22,NA,0,0,1890,1892
GR Thoms,Tests,1,2,44,22,NA,0,0,1952,1952
JH Anderson,Tests,1,2,43,21.5,NA,0,0,1902,1902
JM Bird,Tests,9,9,43,14.333333333333334,NA,0,0,2012,2017
CP Buckenham,Tests,4,7,43,6.142857142857143,NA,0,0,1910,1910
HI Ebeling,Tests,1,2,43,21.5,NA,0,0,1934,1934
MR Harvey,Tests,1,2,43,21.5,NA,0,0,1947,1947
T Makoni,Tests,2,4,43,10.75,NA,0,0,2023,2023
DJ Meintjes,Tests,2,3,43,14.333333333333334,NA,0,0,1923,1923
WB Rankin,Tests,3,6,43,8.6,NA,0,0,2014,2019
Sarandeep Singh,Tests,3,2,43,43,NA,0,0,2000,2002
HI Young,Tests,2,2,43,21.5,NA,0,0,1899,1899
Anwar Hussain,Tests,4,6,42,7,NA,0,0,1952,1952
SF Burke,Tests,2,4,42,14,NA,0,0,1962,1965
OR Dunell,Tests,2,4,42,14,NA,0,0,1889,1889
C Hallows,Tests,2,2,42,42,NA,0,0,1921,1928
H Ironmonger,Tests,14,21,42,2.625,NA,0,0,1928,1933
RD Jackman,Tests,4,6,42,7,NA,0,0,1981,1982
MKGCP Lakshitha,Tests,2,3,42,14,NA,0,0,2002,2002
JG Navle,Tests,2,4,42,10.5,NA,0,0,1932,1933
Saleem Jaffar,Tests,14,14,42,5.25,NA,0,0,1986,1992
CEM Wilson,Tests,2,4,42,14,NA,0,0,1899,1899
Zia-ur-Rehman,Tests,4,7,42,7,NA,0,0,2024,2025
EJK Burn,Tests,2,4,41,10.25,NA,0,0,1890,1890
J Cameron-Dow,Tests,1,2,41,41,NA,0,0,2019,2019
GRA de Silva,Tests,4,7,41,8.2,NA,0,0,1982,1982
G Hoey,Tests,1,2,41,20.5,NA,0,0,2025,2025
LA King,Tests,2,4,41,10.25,NA,0,0,1962,1968
CT Mutombodzi,Tests,1,2,41,20.5,NA,0,0,2020,2020
Naveed Zadran,Tests,3,5,41,10.25,NA,0,0,2024,2024
BJ Sealey,Tests,1,2,41,20.5,NA,0,0,1933,1933
SB Smith,Tests,3,5,41,8.2,NA,0,0,1984,1984
Tanzim Hasan Sakib,Tests,1,1,41,41,NA,0,0,2025,2025
AG Barrett,Tests,6,7,40,6.666666666666667,NA,0,0,1971,1975
GA Cope,Tests,3,3,40,13.333333333333334,NA,0,0,1977,1978
BAF Grieve,Tests,2,3,40,40,NA,0,0,1889,1889
E Leadbeater,Tests,2,2,40,20,NA,0,0,1951,1952
WH Moule,Tests,1,2,40,20,NA,0,0,1880,1880
SP Narine,Tests,6,7,40,8,NA,0,0,2012,2013
VB Ranjane,Tests,7,9,40,6.666666666666667,NA,0,0,1958,1964
S von Berg,Tests,1,2,40,20,NA,0,0,2024,2024
LA Walcott,Tests,1,2,40,40,NA,0,0,1930,1930
A Ward,Tests,5,6,40,8,NA,0,0,1969,1976
RA Austin,Tests,2,4,39,9.75,NA,0,0,2009,2009
SV Bahutule,Tests,2,4,39,13,NA,0,0,2001,2001
JC Balderstone,Tests,2,4,39,9.75,NA,0,0,1976,1976
GK Bruk-Jackson,Tests,2,4,39,9.75,NA,0,0,1993,1993
HW Chapman,Tests,2,4,39,13,NA,0,0,1914,1921
TA Copeland,Tests,3,4,39,13,NA,0,0,2011,2011
HH Francis,Tests,2,4,39,9.75,NA,0,0,1899,1899
D Gamsy,Tests,2,3,39,19.5,NA,0,0,1970,1970
M Jahangir Khan,Tests,4,7,39,5.571428571428571,NA,0,0,1932,1936
TK Kendall,Tests,2,4,39,13,NA,0,0,1877,1877
Masood Anwar,Tests,1,2,39,19.5,NA,0,0,1990,1990
JEK Rew,Tests,1,2,39,19.5,NA,0,0,2026,2026
JV Saunders,Tests,14,23,39,2.2941176470588234,NA,0,0,1902,1908
VI Smith,Tests,9,16,39,3.9,NA,0,0,1947,1957
KPJ Warnaweera,Tests,10,12,39,4.333333333333333,NA,0,0,1986,1994
JR Watkins,Tests,1,2,39,39,NA,0,0,1973,1973
GF Bissett,Tests,4,4,38,19,NA,0,0,1927,1928
EH Bromley,Tests,2,4,38,9.5,NA,0,0,1933,1934
JA Dunning,Tests,4,6,38,7.6,NA,0,0,1933,1937
Elias Sunny,Tests,4,6,38,7.6,NA,0,0,2011,2013
KHRK Fernando,Tests,2,4,38,9.5,NA,0,0,2002,2002
HHH Johnson,Tests,3,4,38,9.5,NA,0,0,1948,1950
IJ Jones,Tests,15,17,38,4.75,NA,0,0,1964,1968
CP McGahey,Tests,2,4,38,9.5,NA,0,0,1902,1902
V Masekesa,Tests,4,8,38,5.428571428571429,NA,0,0,2025,2025
EM Meuli,Tests,1,2,38,19,NA,0,0,1953,1953
FM Misson,Tests,5,5,38,19,NA,0,0,1960,1961
J Nyumbu,Tests,3,6,38,7.6,NA,0,0,2014,2016
W O'Rourke,Tests,14,25,38,3.8,NA,0,0,2024,2026
J Ormond,Tests,2,4,38,12.666666666666666,NA,0,0,2001,2001
B Reddy,Tests,4,5,38,9.5,NA,0,0,1979,1979
GH Shepstone,Tests,2,4,38,9.5,NA,0,0,1896,1899
DR Smith,Tests,5,5,38,9.5,NA,0,0,1961,1962
G Wijekoon,Tests,2,3,38,12.666666666666666,NA,0,0,2005,2005
NF Williams,Tests,1,1,38,38,NA,0,0,1990,1990
J Campbell,Tests,1,2,37,18.5,NA,0,0,2025,2025
LH Gay,Tests,1,2,37,18.5,NA,0,0,1894,1894
MJ Hilton,Tests,4,6,37,7.4,NA,0,0,1950,1952
WE Hollies,Tests,13,15,37,5.285714285714286,NA,0,0,1935,1950
DEJ Ironside,Tests,3,4,37,18.5,NA,0,0,1953,1954
Mohsin Kamal,Tests,9,11,37,9.25,NA,0,0,1984,1994
DJ Pagon,Tests,2,3,37,12.333333333333334,NA,0,0,2005,2005
Syed Rasel,Tests,6,12,37,4.625,NA,0,0,2005,2007
Usman Salahuddin,Tests,1,2,37,18.5,NA,0,0,2018,2018
Abu Jayed,Tests,13,22,36,2.5714285714285716,NA,0,0,2018,2021
Ali Usman,Tests,4,7,36,5.142857142857143,NA,0,0,2026,2026
EW Clark,Tests,8,9,36,9,NA,0,0,1929,1934
WL Cornford,Tests,4,4,36,9,NA,0,0,1930,1930
SKL de Silva,Tests,3,4,36,18,NA,0,0,1997,1997
EM Grace,Tests,1,2,36,18,NA,0,0,1880,1880
GI Hume,Tests,3,6,36,7.2,NA,0,0,2023,2023
Mohammad Ramzan,Tests,1,2,36,18,NA,0,0,1997,1997
JP Stephenson,Tests,1,2,36,18,NA,0,0,1989,1989
JD Unadkat,Tests,4,5,36,12,NA,0,0,2010,2023
FA Ward,Tests,4,8,36,6,NA,0,0,1936,1938
VR Aaron,Tests,9,14,35,3.888888888888889,NA,0,0,2011,2015
J Angel,Tests,4,7,35,5.833333333333333,NA,0,0,1993,1995
GB Brent,Tests,4,6,35,5.833333333333333,NA,0,0,1999,2001
DE Hoare,Tests,1,2,35,17.5,NA,0,0,1961,1961
RG Holland,Tests,11,15,35,3.1818181818181817,NA,0,0,1984,1986
NV Lindsay,Tests,1,2,35,17.5,NA,0,0,1921,1921
EA Moseley,Tests,2,4,35,8.75,NA,0,0,1990,1990
PC Strydom,Tests,2,3,35,11.666666666666666,NA,0,0,2000,2000
GE Tribe,Tests,3,3,35,17.5,NA,0,0,1946,1947
VA Valentine,Tests,2,4,35,11.666666666666666,NA,0,0,1933,1933
Codi Yusuf,Tests,2,2,35,35,NA,0,0,2025,2025
J Arnold,Tests,1,2,34,17,NA,0,0,1931,1931
AR Butcher,Tests,1,2,34,17,NA,0,0,1979,1979
MG Grell,Tests,1,2,34,17,NA,0,0,1930,1930
RNS Hobbs,Tests,7,8,34,6.8,NA,0,0,1967,1971
AP Kuiper,Tests,1,2,34,17,NA,0,0,1992,1992
M Mbangwa,Tests,15,25,34,2,NA,0,0,1996,2000
CA Merry,Tests,2,4,34,8.5,NA,0,0,1933,1933
Mohammad Aslam,Tests,1,2,34,17,NA,0,0,1954,1954
Mohammad Talha,Tests,4,5,34,8.5,NA,0,0,2009,2014
Nadeem Khan,Tests,2,3,34,17,NA,0,0,1993,1999
PJ Petherick,Tests,6,11,34,4.857142857142857,NA,0,0,1976,1977
JP Taylor,Tests,2,4,34,17,NA,0,0,1993,1994
T Armitage,Tests,2,3,33,11,NA,0,0,1877,1877
AW Briscoe,Tests,2,3,33,11,NA,0,0,1935,1939
N Burger,Tests,3,5,33,8.25,NA,0,0,2023,2024
Farhan Adil,Tests,1,2,33,16.5,NA,0,0,2003,2003
AJ Fothergill,Tests,2,2,33,16.5,NA,0,0,1889,1889
Israr Ali,Tests,4,8,33,4.714285714285714,NA,0,0,1952,1959
P Krishnamurthy,Tests,5,6,33,5.5,NA,0,0,1971,1971
MJ Macaulay,Tests,1,2,33,16.5,NA,0,0,1965,1965
Mohammad Nabi,Tests,3,6,33,5.5,NA,0,0,2018,2019
J Newman,Tests,3,4,33,8.25,NA,0,0,1932,1933
PDRL Perera,Tests,8,9,33,11,NA,0,0,1999,2002
KM Rangnekar,Tests,3,6,33,5.5,NA,0,0,1947,1948
DW Richardson,Tests,1,1,33,33,NA,0,0,1957,1957
TPB Smith,Tests,4,5,33,6.6,NA,0,0,1946,1947
Vizianagram,Tests,3,6,33,8.25,NA,0,0,1936,1936
Bazid Khan,Tests,1,2,32,16,NA,0,0,2005,2005
NT Broom,Tests,2,3,32,10.666666666666666,NA,0,0,2017,2017
N Gallichan,Tests,1,2,32,16,NA,0,0,1937,1937
MEZ Ghazali,Tests,2,4,32,8,NA,0,0,1954,1954
RJ Kirtley,Tests,4,7,32,5.333333333333333,NA,0,0,2003,2003
Aamer Nazir,Tests,6,11,31,6.2,NA,0,0,1993,1995
AG Archer,Tests,1,2,31,31,NA,0,0,1899,1899
Arshad Khan,Tests,9,8,31,5.166666666666667,NA,0,0,1997,2005
J Cranston,Tests,1,2,31,15.5,NA,0,0,1890,1890
GR Dickinson,Tests,3,5,31,6.2,NA,0,0,1930,1932
JA Flavell,Tests,4,6,31,7.75,NA,0,0,1961,1964
RM Harris,Tests,2,3,31,10.333333333333334,NA,0,0,1959,1959
RB Kerr,Tests,2,4,31,7.75,NA,0,0,1985,1985
N Puna,Tests,3,5,31,15.5,NA,0,0,1966,1966
GB Studd,Tests,4,7,31,4.428571428571429,NA,0,0,1882,1883
DC Thomas,Tests,1,2,31,15.5,NA,0,0,2022,2022
S Viswanath,Tests,3,5,31,6.2,NA,0,0,1985,1985
DJ White,Tests,2,4,31,7.75,NA,0,0,1990,1990
JP Duminy,Tests,3,6,30,5,NA,0,0,1927,1929
MC Frederick,Tests,1,2,30,15,NA,0,0,1954,1954
CG Halse,Tests,3,3,30,Inf,NA,0,0,1964,1964
HTW Hardinge,Tests,1,2,30,15,NA,0,0,1921,1921
WK Hegg,Tests,2,4,30,7.5,NA,0,0,1998,1999
MDUS Jayasundera,Tests,2,4,30,7.5,NA,0,0,2015,2015
LJ Nash,Tests,2,2,30,15,NA,0,0,1932,1937
S Nazir Ali,Tests,2,4,30,7.5,NA,0,0,1932,1934
ES Newson,Tests,3,5,30,7.5,NA,0,0,1930,1939
G Onions,Tests,9,10,30,10,NA,0,0,2009,2012
FE Rumsey,Tests,5,5,30,15,NA,0,0,1964,1965
JW Rutherford,Tests,1,1,30,30,NA,0,0,1956,1956
RA Saggers,Tests,6,5,30,10,NA,0,0,1948,1950
M Sherwin,Tests,3,6,30,15,NA,0,0,1887,1888
DBM Smith,Tests,2,3,30,15,NA,0,0,1912,1912
V Yadav,Tests,1,1,30,30,NA,0,0,1993,1993
Zahoor Elahi,Tests,2,3,30,10,NA,0,0,1996,1996
Amite Hasan,Tests,1,2,29,14.5,NA,0,0,2026,2026
KV Andrew,Tests,2,4,29,9.666666666666666,NA,0,0,1954,1963
PC Charlton,Tests,2,4,29,7.25,NA,0,0,1890,1890
Ijaz Ahmed jnr,Tests,2,3,29,9.666666666666666,NA,0,0,1995,1995
Ikram Alikhil,Tests,2,3,29,9.666666666666666,NA,0,0,2019,2024
Mahidul Islam Ankon,Tests,1,2,29,14.5,NA,0,0,2024,2024
PE Palia,Tests,2,4,29,9.666666666666666,NA,0,0,1932,1936
JH Parks,Tests,1,2,29,14.5,NA,0,0,1937,1937
IR Siddiqui,Tests,1,2,29,29,NA,0,0,2001,2001
CEW Silverwood,Tests,6,7,29,7.25,NA,0,0,1996,2002
PB Truscott,Tests,1,2,29,14.5,NA,0,0,1965,1965
DN Wellalage,Tests,1,2,29,14.5,NA,0,0,2022,2022
F Barratt,Tests,5,4,28,9.333333333333334,NA,0,0,1929,1930
WE Bowes,Tests,15,11,28,4.666666666666667,NA,0,0,1932,1946
CAR Duckworth,Tests,2,4,28,7,NA,0,0,1957,1957
FAW Freer,Tests,1,1,28,Inf,NA,0,0,1946,1946
SR Gillespie,Tests,1,1,28,28,NA,0,0,1986,1986
BP Gupte,Tests,3,3,28,28,NA,0,0,1961,1965
JR Hammond,Tests,5,5,28,9.333333333333334,NA,0,0,1973,1973
MC Ilott,Tests,5,6,28,7,NA,0,0,1993,1995
RJ Kennedy,Tests,4,5,28,7,NA,0,0,1996,1996
Liaqat Ali,Tests,5,7,28,7,NA,0,0,1975,1978
CN McCarthy,Tests,15,24,28,3.111111111111111,NA,0,0,1948,1951
JN Maguire,Tests,3,5,28,7,NA,0,0,1983,1984
Mohammad Irfan,Tests,4,7,28,5.6,NA,0,0,2013,2013
S Moseley,Tests,2,4,28,7,NA,0,0,2021,2021
RJ Nicol,Tests,2,4,28,7,NA,0,0,2012,2012
AT Roberts,Tests,1,2,28,14,NA,0,0,1956,1956
J Shuter,Tests,1,1,28,28,NA,0,0,1888,1888
GB Stevenson,Tests,2,2,28,28,NA,0,0,1980,1981
MJ Swepson,Tests,4,5,28,7,NA,0,0,2022,2022
R Vijay Bharadwaj,Tests,3,3,28,9.333333333333334,NA,0,0,1999,2000
MD Wettimuny,Tests,2,4,28,7,NA,0,0,1983,1983
JA Young,Tests,8,10,28,5.6,NA,0,0,1947,1949
GI Allott,Tests,10,15,27,3.375,NA,0,0,1996,1999
TS Chisoro,Tests,3,5,27,5.4,NA,0,0,2017,2021
RMH Cottam,Tests,4,5,27,6.75,NA,0,0,1969,1973
LV Garrick,Tests,1,2,27,13.5,NA,0,0,2001,2001
Hasan Murad,Tests,2,2,27,13.5,NA,0,0,2025,2025
RK Kleinveldt,Tests,4,5,27,9,NA,0,0,2012,2013
J Lewis,Tests,1,2,27,13.5,NA,0,0,2006,2006
NJ Maddinson,Tests,3,4,27,6.75,NA,0,0,2016,2016
RR Singh,Tests,1,2,27,13.5,NA,0,0,1998,1998
EA van der Merwe,Tests,2,4,27,9,NA,0,0,1929,1936
AJ Woodcock,Tests,1,1,27,27,NA,0,0,1974,1974
RA Young,Tests,2,4,27,6.75,NA,0,0,1907,1908
Atiq-uz-Zaman,Tests,1,2,26,13,NA,0,0,2000,2000
IW Callen,Tests,1,2,26,Inf,NA,0,0,1978,1978
TW Cartwright,Tests,5,7,26,5.2,NA,0,0,1964,1965
IA Greig,Tests,2,4,26,6.5,NA,0,0,1982,1982
A Habib,Tests,2,3,26,8.666666666666666,NA,0,0,1999,1999
F Kuys,Tests,1,2,26,13,NA,0,0,1899,1899
PG McShane,Tests,3,6,26,5.2,NA,0,0,1885,1888
JW Martin,Tests,1,2,26,13,NA,0,0,1947,1947
W Newham,Tests,1,2,26,13,NA,0,0,1888,1888
JE Pothecary,Tests,3,4,26,6.5,NA,0,0,1960,1960
K Rai Singh,Tests,1,2,26,13,NA,0,0,1948,1948
RR Ramdass,Tests,1,2,26,13,NA,0,0,2005,2005
GA Rowe,Tests,5,9,26,4.333333333333333,NA,0,0,1896,1902
GC Viljoen,Tests,1,2,26,26,NA,0,0,2016,2016
CH Vintcent,Tests,3,6,26,4.333333333333333,NA,0,0,1889,1892
Atif Rauf,Tests,1,2,25,12.5,NA,0,0,1994,1994
MP Bowden,Tests,2,2,25,12.5,NA,0,0,1889,1889
RG Draper,Tests,2,3,25,8.333333333333334,NA,0,0,1950,1950
D Ganesh,Tests,4,7,25,6.25,NA,0,0,1997,1997
GM Griffin,Tests,2,4,25,6.25,NA,0,0,1960,1960
LJ Johnson,Tests,1,1,25,Inf,NA,0,0,1948,1948
AJ McKay,Tests,1,2,25,25,NA,0,0,2010,2010
CH Mills,Tests,1,2,25,12.5,NA,0,0,1892,1892
Mohammad Salman,Tests,2,4,25,6.25,NA,0,0,2011,2011
CT Mumba,Tests,3,5,25,8.333333333333334,NA,0,0,2016,2020
TA Munton,Tests,2,2,25,25,NA,0,0,1992,1992
JM Patel,Tests,7,10,25,2.7777777777777777,NA,0,0,1955,1960
JA Richardson,Tests,4,5,25,6.25,NA,0,0,2019,2025
RC Saxena,Tests,1,2,25,12.5,NA,0,0,1967,1967
Shahid Mahmood,Tests,1,2,25,12.5,NA,0,0,1962,1962
IM Sinclair,Tests,2,4,25,8.333333333333334,NA,0,0,1956,1956
TF Smailes,Tests,1,1,25,25,NA,0,0,1946,1946
DV Smith,Tests,3,4,25,8.333333333333334,NA,0,0,1957,1957
VM Tancred,Tests,1,2,25,12.5,NA,0,0,1899,1899
GC Tonge,Tests,1,2,25,25,NA,0,0,2009,2009
SL Watkin,Tests,3,5,25,5,NA,0,0,1991,1993
LB Williams,Tests,2,3,25,8.333333333333334,NA,0,0,2022,2022
DD Blackie,Tests,3,6,24,8,NA,0,0,1928,1929
BP Bracewell,Tests,6,12,24,2.4,NA,0,0,1978,1985
RP Burl,Tests,3,5,24,4.8,NA,0,0,2017,2021
Kabir Khan,Tests,4,5,24,8,NA,0,0,1994,1995
NA Knox,Tests,2,4,24,8,NA,0,0,1907,1907
SH Lewis,Tests,2,4,24,6,NA,0,0,2018,2018
MAWR Madurasinghe,Tests,3,6,24,4.8,NA,0,0,1988,1992
Mohammad Ali,Tests,9,16,24,3,NA,0,0,2022,2026
AM Miller,Tests,1,2,24,Inf,NA,0,0,1896,1896
Mohammad Akram,Tests,9,15,24,2.6666666666666665,NA,0,0,1995,2001
Mohammad Naim,Tests,1,2,24,12,NA,0,0,2022,2022
F Mutizwa,Tests,1,2,24,12,NA,0,0,2012,2012
CEL Stuart,Tests,6,9,24,3.4285714285714284,NA,0,0,2000,2001
Sunzamul Islam,Tests,1,1,24,24,NA,0,0,2018,2018
I Wijesundera,Tests,1,2,24,12,NA,0,0,2026,2026
Zulqarnain,Tests,3,4,24,6,NA,0,0,1986,1986
LS Baker,Tests,4,6,23,11.5,NA,0,0,2008,2009
VA Barton,Tests,1,1,23,23,NA,0,0,1892,1892
WM Bradley,Tests,2,2,23,23,NA,0,0,1899,1899
IP Butchart,Tests,1,2,23,11.5,NA,0,0,1995,1995
PH Carlson,Tests,2,4,23,5.75,NA,0,0,1979,1979
FE Fisher,Tests,1,2,23,11.5,NA,0,0,1953,1953
C Fortuin,Tests,2,4,23,5.75,NA,0,0,2024,2024
T Gwandu,Tests,3,5,23,5.75,NA,0,0,2024,2025
RA Jones,Tests,1,2,23,11.5,NA,0,0,2003,2003
RC Miller,Tests,1,1,23,23,NA,0,0,1953,1953
EM Moore,Tests,1,2,23,11.5,NA,0,0,2024,2024
Riaz Hassan,Tests,1,2,23,11.5,NA,0,0,2025,2025
AW Seccull,Tests,1,2,23,23,NA,0,0,1896,1896
ML Udawatte,Tests,2,4,23,5.75,NA,0,0,2018,2018
BA Williams,Tests,4,6,23,7.666666666666667,NA,0,0,2003,2004
B Andrews,Tests,2,3,22,22,NA,0,0,1973,1974
Anwar Hossain Monir,Tests,3,6,22,7.333333333333333,NA,0,0,2003,2005
RA Austin,Tests,2,2,22,11,NA,0,0,1978,1978
HR Butt,Tests,3,4,22,7.333333333333333,NA,0,0,1896,1896
HG Gaekwad,Tests,1,2,22,11,NA,0,0,1952,1952
C Karunaratne,Tests,1,2,22,11,NA,0,0,2019,2019
CKB Kulasekara,Tests,1,2,22,11,NA,0,0,2011,2011
PE McIntyre,Tests,2,4,22,7.333333333333333,NA,0,0,1995,1996
G Noblet,Tests,3,4,22,7.333333333333333,NA,0,0,1950,1953
CH Palmer,Tests,1,2,22,11,NA,0,0,1954,1954
WN Phillips,Tests,1,2,22,11,NA,0,0,1992,1992
D Pretorius,Tests,4,4,22,7.333333333333333,NA,0,0,2002,2003
DA Renneberg,Tests,8,13,22,3.6666666666666665,NA,0,0,1966,1968
SV Samuelson,Tests,1,2,22,11,NA,0,0,1910,1910
Tareq Aziz,Tests,3,6,22,11,NA,0,0,2004,2004
AL Thomson,Tests,4,5,22,22,NA,0,0,1970,1971
RGCE Wijesuriya,Tests,4,7,22,4.4,NA,0,0,1982,1985
W Bell,Tests,2,3,21,Inf,NA,0,0,1954,1954
MI Black,Tests,6,11,21,2.625,NA,0,0,2000,2002
W Brearley,Tests,4,5,21,7,NA,0,0,1905,1912
G Cripps,Tests,1,2,21,10.5,NA,0,0,1892,1892
Ehsan Adil,Tests,3,4,21,5.25,NA,0,0,2013,2015
NR Ferreira,Tests,1,2,21,10.5,NA,0,0,2005,2005
GK Glover,Tests,1,2,21,21,NA,0,0,1896,1896
JC Hill,Tests,3,6,21,7,NA,0,0,1953,1955
CK Holder,Tests,1,2,21,Inf,NA,0,0,2020,2020
AN Hornby,Tests,3,6,21,3.5,NA,0,0,1879,1884
JD Lindsay,Tests,3,5,21,7,NA,0,0,1947,1947
MJ McCague,Tests,3,5,21,4.2,NA,0,0,1993,1994
GA Manou,Tests,1,2,21,21,NA,0,0,2009,2009
T Meale,Tests,2,4,21,5.25,NA,0,0,1958,1958
LE Nagel,Tests,1,2,21,21,NA,0,0,1932,1932
Nahid Rana,Tests,12,19,21,2.625,NA,0,0,2024,2026
DJ Pattinson,Tests,1,2,21,10.5,NA,0,0,2008,2008
NV Radford,Tests,3,4,21,7,NA,0,0,1986,1988
JC Reedman,Tests,1,2,21,10.5,NA,0,0,1894,1894
VPFA Royle,Tests,1,2,21,10.5,NA,0,0,1879,1879
J Trim,Tests,4,5,21,5.25,NA,0,0,1948,1952
GL Wight,Tests,1,1,21,21,NA,0,0,1953,1953
RD Woolley,Tests,2,2,21,10.5,NA,0,0,1983,1984
HT Davis,Tests,5,7,20,6.666666666666667,NA,0,0,1994,1997
F de Wet,Tests,2,2,20,10,NA,0,0,2009,2010
B Doggett,Tests,2,2,20,20,NA,0,0,2025,2025
CJ Eady,Tests,2,4,20,6.666666666666667,NA,0,0,1896,1902
Ghazi Ghori,Tests,1,2,20,10,NA,0,0,2026,2026
I Khan,Tests,1,1,20,20,NA,0,0,2009,2009
LA Markham,Tests,1,1,20,20,NA,0,0,1949,1949
TB Mitchell,Tests,5,6,20,5,NA,0,0,1933,1935
Naved Latif,Tests,1,2,20,10,NA,0,0,2002,2002
SS Schultz,Tests,1,2,20,20,NA,0,0,1879,1879
T Shamsi,Tests,2,4,20,20,NA,0,0,2016,2018
Sharafuddin Ashraf,Tests,2,3,20,6.666666666666667,NA,0,0,2025,2026
SW Tait,Tests,3,5,20,6.666666666666667,NA,0,0,2005,2008
MF Tremlett,Tests,3,5,20,6.666666666666667,NA,0,0,1948,1948
A Wharton,Tests,1,2,20,10,NA,0,0,1949,1949
Zahid Mahmood,Tests,4,7,20,4,NA,0,0,2022,2024
HV Baumgartner,Tests,1,2,19,9.5,NA,0,0,1913,1913
DC Cleverley,Tests,2,4,19,19,NA,0,0,1932,1946
A Coxon,Tests,1,2,19,9.5,NA,0,0,1948,1948
Fareed Ahmad,Tests,1,2,19,19,NA,0,0,2025,2025
LP Jai,Tests,1,2,19,9.5,NA,0,0,1933,1933
S Jeganathan,Tests,2,4,19,4.75,NA,0,0,1983,1983
HW Lee,Tests,1,2,19,9.5,NA,0,0,1931,1931
AJW McIntyre,Tests,3,6,19,3.1666666666666665,NA,0,0,1950,1955
SV Nayak,Tests,2,3,19,9.5,NA,0,0,1982,1982
AL Phehlukwayo,Tests,4,4,19,9.5,NA,0,0,2017,2018
BV Sears,Tests,3,4,19,19,NA,0,0,2024,2026
AJ Traicos,Tests,7,10,19,3.1666666666666665,NA,0,0,1970,1993
LL Tsotsobe,Tests,5,5,19,6.333333333333333,NA,0,0,2010,2011
AR Adams,Tests,1,2,18,9,NA,0,0,2002,2002
BB Cooper,Tests,1,2,18,9,NA,0,0,1877,1877
AJ Evans,Tests,1,2,18,9,NA,0,0,1921,1921
MJ Gopalan,Tests,1,2,18,18,NA,0,0,1934,1934
Gursharan Singh,Tests,1,1,18,18,NA,0,0,1990,1990
C Heseltine,Tests,2,2,18,9,NA,0,0,1896,1896
MP Kuhnemann,Tests,5,6,18,4.5,NA,0,0,2023,2025
JE McConnon,Tests,2,3,18,9,NA,0,0,1954,1954
EG McLeod,Tests,1,2,18,18,NA,0,0,1930,1930
Mohammad Hussain,Tests,2,3,18,6,NA,0,0,1996,1998
Mujeeb Ur Rahman,Tests,1,2,18,9,NA,0,0,2018,2018
RAP Nissanka,Tests,4,5,18,6,NA,0,0,2003,2003
NJ O'Brien,Tests,1,2,18,9,NA,0,0,2018,2018
M Prasidh Krishna,Tests,9,13,18,2.5714285714285716,NA,0,0,2023,2026
Sajedul Islam,Tests,3,6,18,3,NA,0,0,2008,2013
RH Scott,Tests,1,1,18,18,NA,0,0,1947,1947
EL St Hill,Tests,2,4,18,4.5,NA,0,0,1930,1930
AI Taylor,Tests,1,2,18,9,NA,0,0,1956,1956
HH Alexander,Tests,1,2,17,17,NA,0,0,1933,1933
RT Barber,Tests,1,2,17,8.5,NA,0,0,1956,1956
GD Barlow,Tests,3,5,17,4.25,NA,0,0,1976,1977
GA Briant,Tests,1,2,17,8.5,NA,0,0,1993,1993
D Brookes,Tests,1,2,17,8.5,NA,0,0,1948,1948
LS Brown,Tests,2,3,17,5.666666666666667,NA,0,0,1931,1932
S Christopherson,Tests,1,1,17,17,NA,0,0,1884,1884
JL Cox,Tests,3,6,17,3.4,NA,0,0,1913,1914
DT Dewdney,Tests,9,12,17,2.4285714285714284,NA,0,0,1955,1958
R Dhanraj,Tests,4,4,17,4.25,NA,0,0,1994,1996
BBM Gaskin,Tests,2,3,17,5.666666666666667,NA,0,0,1948,1948
S Guha,Tests,4,7,17,3.4,NA,0,0,1967,1969
Khalid Hasan,Tests,1,2,17,17,NA,0,0,1954,1954
KT Maphaka,Tests,2,3,17,8.5,NA,0,0,2025,2025
EZ Matambanadzo,Tests,3,5,17,4.25,NA,0,0,1996,1999
N Ncube,Tests,1,2,17,8.5,NA,0,0,2011,2011
Niaz Ahmed,Tests,2,3,17,Inf,NA,0,0,1967,1969
AD Pougher,Tests,1,1,17,17,NA,0,0,1892,1892
N Reid,Tests,1,2,17,8.5,NA,0,0,1921,1921
Sohail Tanvir,Tests,2,3,17,5.666666666666667,NA,0,0,2007,2007
PIC Thompson,Tests,2,3,17,8.5,NA,0,0,1996,1997
BM Tickner,Tests,6,4,17,17,NA,0,0,2023,2026
AGD Wickremasinghe,Tests,3,3,17,8.5,NA,0,0,1989,1992
CA Young,Tests,4,6,17,5.666666666666667,NA,0,0,2024,2025
M Baqa Jilani,Tests,1,2,16,16,NA,0,0,1936,1936
DV Brennan,Tests,2,2,16,8,NA,0,0,1951,1951
LS Butler,Tests,1,1,16,16,NA,0,0,1955,1955
W Carkeek,Tests,6,5,16,5.333333333333333,NA,0,0,1912,1912
C Gunasekara,Tests,1,1,16,Inf,NA,0,0,2024,2024
Imran Khan,Tests,10,10,16,2.2857142857142856,NA,0,0,2014,2019
CK Langeveldt,Tests,6,4,16,8,NA,0,0,2005,2006
JDF Larter,Tests,10,7,16,3.2,NA,0,0,1962,1965
James Lillywhite jnr,Tests,2,3,16,8,NA,0,0,1877,1877
LS Livingstone,Tests,1,2,16,16,NA,0,0,2022,2022
BS Mudzinganyama,Tests,1,1,16,16,NA,0,0,2020,2020
Muhammad Musa,Tests,1,2,16,Inf,NA,0,0,2019,2019
R Nanan,Tests,1,2,16,8,NA,0,0,1980,1980
Nazmul Hossain,Tests,2,4,16,8,NA,0,0,2004,2011
JM Neblett,Tests,1,2,16,16,NA,0,0,1935,1935
Nijat Masood,Tests,3,6,16,3.2,NA,0,0,2023,2024
AE Ochse,Tests,2,4,16,4,NA,0,0,1889,1889
MB Owens,Tests,8,12,16,2.6666666666666665,NA,0,0,1992,1994
JB Plimsoll,Tests,1,2,16,16,NA,0,0,1947,1947
AW Powell,Tests,1,2,16,8,NA,0,0,1899,1899
JM Sims,Tests,4,4,16,4,NA,0,0,1935,1937
DJ Terbrugge,Tests,7,8,16,5.333333333333333,NA,0,0,1998,2004
VP Terry,Tests,2,3,16,5.333333333333333,NA,0,0,1984,1984
A Waddington,Tests,2,4,16,4,NA,0,0,1920,1921
Agha Zahid,Tests,1,2,15,7.5,NA,0,0,1975,1975
Anwar Khan,Tests,1,2,15,15,NA,0,0,1979,1979
AL Apte,Tests,1,2,15,7.5,NA,0,0,1959,1959
HJ Butler,Tests,2,2,15,15,NA,0,0,1947,1948
CG Fichardt,Tests,2,4,15,3.75,NA,0,0,1892,1896
JC Hartley,Tests,2,4,15,3.75,NA,0,0,1906,1906
PA Hibbert,Tests,1,2,15,7.5,NA,0,0,1977,1977
H Howell,Tests,5,8,15,7.5,NA,0,0,1920,1924
HL Jackson,Tests,2,2,15,15,NA,0,0,1949,1961
SS Karim,Tests,1,1,15,15,NA,0,0,2000,2000
J Layne,Tests,2,3,15,5,NA,0,0,2025,2025
TL Moreki,Tests,2,4,15,7.5,NA,0,0,2024,2024
C Munro,Tests,1,2,15,7.5,NA,0,0,2013,2013
T Mupariwa,Tests,1,2,15,15,NA,0,0,2004,2004
W Mwayenga,Tests,1,2,15,15,NA,0,0,2005,2005
AW Palm,Tests,1,2,15,7.5,NA,0,0,1927,1928
MR Rege,Tests,1,2,15,7.5,NA,0,0,1949,1949
MWW Selvey,Tests,3,5,15,7.5,NA,0,0,1976,1977
L Sipamla,Tests,3,4,15,5,NA,0,0,2020,2022
Sohrawordi Shuvo,Tests,1,2,15,7.5,NA,0,0,2011,2011
MJC Allom,Tests,5,3,14,14,NA,0,0,1930,1931
Anwar Hossain,Tests,1,2,14,7,NA,0,0,2002,2002
Azam Khan,Tests,1,1,14,14,NA,0,0,1996,1996
Azhar Khan,Tests,1,1,14,14,NA,0,0,1980,1980
MP Breetzke,Tests,2,3,14,4.666666666666667,NA,0,0,2024,2025
GF Cresswell,Tests,3,5,14,7,NA,0,0,1949,1951
P Hutchinson,Tests,2,4,14,3.5,NA,0,0,1889,1889
TE Kane,Tests,1,2,14,7,NA,0,0,2018,2018
Khalid Wazir,Tests,2,3,14,7,NA,0,0,1954,1954
F Martin,Tests,2,2,14,7,NA,0,0,1890,1892
S Morris,Tests,1,2,14,14,NA,0,0,1885,1885
MJ Nicholson,Tests,1,2,14,7,NA,0,0,1998,1998
ASM Oakman,Tests,2,2,14,7,NA,0,0,1956,1956
CT Patankar,Tests,1,2,14,14,NA,0,0,1955,1956
SR Patil,Tests,1,1,14,Inf,NA,0,0,1955,1955
HLE Promnitz,Tests,2,4,14,3.5,NA,0,0,1927,1928
A Rose-Innes,Tests,2,4,14,3.5,NA,0,0,1889,1889
Subashis Roy,Tests,4,6,14,14,NA,0,0,2017,2017
NC Tufnell,Tests,1,1,14,14,NA,0,0,1910,1910
GF Vernon,Tests,1,2,14,14,NA,0,0,1882,1883
KIW Wijegunawardene,Tests,2,4,14,4.666666666666667,NA,0,0,1991,1992
Ziaur Rahman,Tests,1,2,14,7,NA,0,0,2013,2013
SN Banerjee,Tests,1,2,13,6.5,NA,0,0,1949,1949
A Coningham,Tests,1,2,13,6.5,NA,0,0,1894,1895
WH Cooper,Tests,2,3,13,6.5,NA,0,0,1881,1884
Hon.CJ Coventry,Tests,2,2,13,13,NA,0,0,1889,1889
TWJ Goddard,Tests,8,5,13,6.5,NA,0,0,1930,1939
L Hone,Tests,1,2,13,6.5,NA,0,0,1879,1879
Jubair Hossain,Tests,6,5,13,4.333333333333333,NA,0,0,2014,2015
UN Kulkarni,Tests,4,8,13,4.333333333333333,NA,0,0,1967,1968
Munir Ahmad,Tests,1,2,13,6.5,NA,0,0,2021,2021
HA Musgrove,Tests,1,2,13,6.5,NA,0,0,1885,1885
PWG Parker,Tests,1,2,13,6.5,NA,0,0,1981,1981
R Pollard,Tests,4,3,13,13,NA,0,0,1946,1948
RR Powar,Tests,2,2,13,6.5,NA,0,0,2007,2007
MD Rae,Tests,2,1,13,13,NA,0,0,2025,2025
S Ragoonath,Tests,2,4,13,4.333333333333333,NA,0,0,1999,1999
RT Stanyforth,Tests,4,6,13,2.6,NA,0,0,1927,1928
RB Stewart,Tests,1,2,13,6.5,NA,0,0,1889,1889
PHJ Trimborn,Tests,4,4,13,6.5,NA,0,0,1967,1970
KP Walmsley,Tests,3,5,13,2.6,NA,0,0,1995,2000
CAK Walton,Tests,2,4,13,3.25,NA,0,0,2009,2009
T Yohannan,Tests,3,4,13,Inf,NA,0,0,2001,2002
Abdul Wasi,Tests,1,2,12,6,NA,0,0,2021,2021
CE Floquet,Tests,1,2,12,12,NA,0,0,1910,1910
Ghulam Abbas,Tests,1,2,12,6,NA,0,0,1967,1967
GL Gibbs,Tests,1,2,12,6,NA,0,0,1955,1955
G Gladstone,Tests,1,1,12,Inf,NA,0,0,1930,1930
Haris Rauf,Tests,1,2,12,6,NA,0,0,2022,2022
JL Hopwood,Tests,2,3,12,6,NA,0,0,1934,1934
P Jayawickrama,Tests,5,6,12,12,NA,0,0,2021,2022
LWS Kaluperuma,Tests,2,4,12,4,NA,0,0,1982,1982
L McCarthy,Tests,1,2,12,6,NA,0,0,2026,2026
NT Pascal,Tests,2,2,12,6,NA,0,0,2010,2010
ACS Pigott,Tests,1,2,12,12,NA,0,0,1984,1984
GK Robertson,Tests,1,1,12,12,NA,0,0,1986,1986
Shahid Saeed,Tests,1,1,12,12,NA,0,0,1989,1989
P Subrayen,Tests,2,2,12,6,NA,0,0,2025,2025
Towhid Hridoy,Tests,1,2,12,6,NA,0,0,2026,2026
Wafadar Momand,Tests,2,3,12,6,NA,0,0,2018,2019
FH Walters,Tests,1,2,12,6,NA,0,0,1885,1885
CD Watson,Tests,7,6,12,2.4,NA,0,0,1960,1962
MG Webb,Tests,3,2,12,6,NA,0,0,1971,1974
FS Ahangama,Tests,3,3,11,5.5,NA,0,0,1985,1985
BJ Bess,Tests,1,2,11,11,NA,0,0,2010,2010
EG Bock,Tests,1,2,11,Inf,NA,0,0,1935,1935
SJE Brown,Tests,1,2,11,11,NA,0,0,1996,1996
SS Cottrell,Tests,2,4,11,2.75,NA,0,0,2013,2014
WF Giffen,Tests,3,6,11,1.8333333333333333,NA,0,0,1887,1892
EJ Gregory,Tests,1,2,11,5.5,NA,0,0,1877,1877
TU Groube,Tests,1,2,11,5.5,NA,0,0,1880,1880
GM Guard,Tests,2,2,11,5.5,NA,0,0,1958,1960
CEJ Guest,Tests,1,1,11,11,NA,0,0,1963,1963
AE Hall,Tests,7,8,11,1.8333333333333333,NA,0,0,1923,1931
MJ Mindley,Tests,1,2,11,11,NA,0,0,2022,2022
VM Muddiah,Tests,2,3,11,5.5,NA,0,0,1959,1960
JM Noreiga,Tests,4,5,11,3.6666666666666665,NA,0,0,1971,1971
AL Ochse,Tests,3,4,11,3.6666666666666665,NA,0,0,1928,1929
G Sharma,Tests,5,4,11,3.6666666666666665,NA,0,0,1985,1990
CK Singh,Tests,2,3,11,3.6666666666666665,NA,0,0,1960,1960
J Slight,Tests,1,2,11,5.5,NA,0,0,1880,1880
GB Street,Tests,1,2,11,11,NA,0,0,1923,1923
GA Stuurman,Tests,2,2,11,5.5,NA,0,0,2022,2022
R Vinay Kumar,Tests,1,2,11,5.5,NA,0,0,2012,2012
MG Waite,Tests,2,3,11,3.6666666666666665,NA,0,0,1938,1938
KA Walter,Tests,2,3,11,3.6666666666666665,NA,0,0,1961,1961
BT Watambwa,Tests,6,8,11,3.6666666666666665,NA,0,0,2001,2002
PN Webb,Tests,2,3,11,3.6666666666666665,NA,0,0,1980,1980
JJ Whitaker,Tests,1,1,11,11,NA,0,0,1986,1986
JP Agnew,Tests,3,4,10,10,NA,0,0,1984,1985
Kabir Ali,Tests,1,2,10,5,NA,0,0,2003,2003
GD Campbell,Tests,4,4,10,2.5,NA,0,0,1989,1990
B Casson,Tests,1,1,10,10,NA,0,0,2008,2008
AC Dawson,Tests,2,1,10,10,NA,0,0,2003,2003
H Dean,Tests,3,4,10,5,NA,0,0,1912,1912
AM de Silva,Tests,3,3,10,3.3333333333333335,NA,0,0,1993,1993
WRS de Silva,Tests,3,2,10,10,NA,0,0,2002,2007
CJ Drum,Tests,5,5,10,3.3333333333333335,NA,0,0,2001,2002
GM Emmett,Tests,1,2,10,5,NA,0,0,1948,1948
ESH Giddins,Tests,4,7,10,2.5,NA,0,0,1999,2000
JR Hodges,Tests,2,4,10,3.3333333333333335,NA,0,0,1877,1877
CL Johnson,Tests,1,2,10,5,NA,0,0,1896,1896
TA Lloyd,Tests,1,1,10,Inf,NA,0,0,1984,1984
CJ McKay,Tests,1,1,10,10,NA,0,0,2009,2009
C Madande,Tests,1,2,10,5,NA,0,0,2024,2024
JM Mennie,Tests,1,2,10,5,NA,0,0,2016,2016
BD Morrison,Tests,1,2,10,5,NA,0,0,1963,1963
DT Mutendera,Tests,1,2,10,5,NA,0,0,2000,2000
Nangeyalia Khan,Tests,1,2,10,10,NA,0,0,2026,2026
AM Pai,Tests,1,2,10,5,NA,0,0,1969,1969
KE Palmer,Tests,1,1,10,10,NA,0,0,1965,1965
Pankaj Singh,Tests,2,4,10,3.3333333333333335,NA,0,0,2014,2014
KTH Ratnayake,Tests,2,2,10,5,NA,0,0,2025,2025
SF Rehman,Tests,1,2,10,5,NA,0,0,1958,1958
JPF Travers,Tests,1,2,10,5,NA,0,0,1902,1902
KEA Upashantha,Tests,2,3,10,3.3333333333333335,NA,0,0,1999,2002
PK Wijetunge,Tests,1,2,10,5,NA,0,0,1993,1993
ER Wilson,Tests,1,2,10,5,NA,0,0,1921,1921
B Yograj Singh,Tests,1,2,10,5,NA,0,0,1981,1981
KN Amalean,Tests,2,3,9,9,NA,0,0,1986,1988
LJ Coldwell,Tests,7,7,9,4.5,NA,0,0,1962,1964
EQ Davies,Tests,5,8,9,1.8,NA,0,0,1936,1939
M de Lange,Tests,2,2,9,4.5,NA,0,0,2011,2012
RR Dower,Tests,1,2,9,4.5,NA,0,0,1899,1899
A Hearne,Tests,1,1,9,9,NA,0,0,1892,1892
BE Hendricks,Tests,1,2,9,9,NA,0,0,2020,2020
J Hull,Tests,1,2,9,9,NA,0,0,2024,2024
Iftikhar Anjum,Tests,1,1,9,Inf,NA,0,0,2006,2006
TF Johnson,Tests,1,1,9,Inf,NA,0,0,1939,1939
LR Joslin,Tests,1,2,9,4.5,NA,0,0,1968,1968
J McIlwraith,Tests,1,2,9,4.5,NA,0,0,1886,1886
Mohammad Imran (1),Tests,1,2,9,4.5,NA,0,0,2026,2026
Mohammad Khalil,Tests,2,4,9,3,NA,0,0,2004,2005
A Ndlovu,Tests,2,4,9,2.25,NA,0,0,2020,2020
NO Norton,Tests,1,2,9,4.5,NA,0,0,1910,1910
KN Peiris,Tests,3,4,9,3,NA,0,0,2024,2025
RJ Quiney,Tests,2,3,9,3,NA,0,0,2012,2012
Riaz Afridi,Tests,1,1,9,9,NA,0,0,2004,2004
GF Rorke,Tests,4,4,9,4.5,NA,0,0,1959,1959
BN Schultz,Tests,9,8,9,1.5,NA,0,0,1992,1997
AK Sengupta,Tests,1,2,9,4.5,NA,0,0,1959,1959
O Shields,Tests,2,3,9,3,NA,0,0,2025,2025
FW Tate,Tests,1,2,9,9,NA,0,0,1902,1902
DS Tomlinson,Tests,1,1,9,9,NA,0,0,1935,1935
Zakir Khan,Tests,2,2,9,Inf,NA,0,0,1986,1989
Agha Saadat Ali,Tests,1,1,8,Inf,NA,0,0,1955,1955
Alamgir Kabir,Tests,3,5,8,2,NA,0,0,2002,2004
JR Bracey,Tests,2,3,8,2.6666666666666665,NA,0,0,2021,2021
HS Chang,Tests,1,2,8,4,NA,0,0,1979,1979
UG Dowe,Tests,4,3,8,8,NA,0,0,1971,1973
FJ Durston,Tests,1,2,8,8,NA,0,0,1921,1921
PA Emery,Tests,1,1,8,Inf,NA,0,0,1994,1994
N Gordon,Tests,5,6,8,2,NA,0,0,1938,1939
F Hand,Tests,1,2,8,4,NA,0,0,2023,2023
J Harry,Tests,1,2,8,4,NA,0,0,1895,1895
M Henderson,Tests,1,2,8,8,NA,0,0,1930,1930
CFW Hime,Tests,1,2,8,4,NA,0,0,1896,1896
DJ Johnson,Tests,2,3,8,4,NA,0,0,1996,1996
S Kalavitigoda,Tests,1,2,8,4,NA,0,0,2005,2005
Khalil Gurbaz,Tests,1,2,8,4,NA,0,0,2025,2025
ACI Lock,Tests,1,2,8,8,NA,0,0,1995,1995
HSB Love,Tests,1,2,8,4,NA,0,0,1933,1933
DAN McRae,Tests,1,2,8,4,NA,0,0,1946,1946
NA Mallender,Tests,2,3,8,2.6666666666666665,NA,0,0,1992,1992
NE Marshall,Tests,1,2,8,4,NA,0,0,1955,1955
T Mayes,Tests,1,2,8,4,NA,0,0,2026,2026
BD Milburn,Tests,3,3,8,8,NA,0,0,1969,1969
Mufasir-ul-Haq,Tests,1,1,8,Inf,NA,0,0,1965,1965
N M'shangwe,Tests,2,4,8,2,NA,0,0,2014,2014
GWF Overton,Tests,3,6,8,1.6,NA,0,0,1953,1954
AL Padmore,Tests,2,2,8,8,NA,0,0,1976,1976
MW Parkinson,Tests,1,1,8,8,NA,0,0,2022,2022
GH Pope,Tests,1,1,8,Inf,NA,0,0,1947,1947
U Ranchod,Tests,1,2,8,4,NA,0,0,1993,1993
CR Rangachari,Tests,4,6,8,2.6666666666666665,NA,0,0,1948,1948
NA Saini,Tests,2,3,8,4,NA,0,0,2021,2021
KV Sharma,Tests,1,2,8,8,NA,0,0,2014,2014
JT Willoughby,Tests,2,4,8,2,NA,0,0,1896,1896
SA Yadav,Tests,1,1,8,8,NA,0,0,2023,2023
Zahir Khan,Tests,6,11,8,1.6,NA,0,0,2019,2024
RJ Blakey,Tests,2,4,7,1.75,NA,0,0,1993,1993
N Chopra,Tests,1,2,7,3.5,NA,0,0,2000,2000
FJ Cook,Tests,1,2,7,3.5,NA,0,0,1896,1896
Ehsanul Haque,Tests,1,2,7,3.5,NA,0,0,2002,2002
Faisal Hossain,Tests,1,2,7,3.5,NA,0,0,2004,2004
WHB Frank,Tests,1,2,7,3.5,NA,0,0,1896,1896
RHM Hands,Tests,1,2,7,3.5,NA,0,0,1914,1914
RI Harford,Tests,3,5,7,2.3333333333333335,NA,0,0,1968,1968
Harshit Rana,Tests,2,3,7,2.3333333333333335,NA,0,0,2024,2024
SD Jack,Tests,2,2,7,3.5,NA,0,0,1994,1995
CM Kuggeleijn,Tests,2,4,7,1.75,NA,0,0,1988,1988
WHV Levett,Tests,1,2,7,7,NA,0,0,1934,1934
TG McMahon,Tests,5,7,7,2.3333333333333335,NA,0,0,1955,1956
AM Matheson,Tests,2,1,7,7,NA,0,0,1930,1931
W Mead,Tests,1,2,7,3.5,NA,0,0,1899,1899
Mohammad Zahid,Tests,5,6,7,1.4,NA,0,0,1996,2003
Munir Malik,Tests,3,4,7,2.3333333333333335,NA,0,0,1959,1962
S Nyalchand,Tests,1,2,7,7,NA,0,0,1952,1952
GAHM Parkar,Tests,1,2,7,3.5,NA,0,0,1982,1982
Rafiqul Islam,Tests,1,2,7,3.5,NA,0,0,2002,2002
Shahid Israr,Tests,1,1,7,Inf,NA,0,0,1976,1976
H Smith,Tests,1,1,7,7,NA,0,0,1928,1928
J Southerton,Tests,2,3,7,3.5,NA,0,0,1877,1877
A Warren,Tests,1,1,7,7,NA,0,0,1905,1905
DM Washington,Tests,1,1,7,Inf,NA,0,0,2005,2005
GEC Wood,Tests,3,2,7,3.5,NA,0,0,1924,1924
SA Ankola,Tests,1,1,6,6,NA,0,0,1989,1989
MA Beer,Tests,2,3,6,3,NA,0,0,2011,2012
R Berry,Tests,2,4,6,3,NA,0,0,1950,1950
M Bhanuka,Tests,1,2,6,3,NA,0,0,2021,2021
AR Bhat,Tests,2,3,6,3,NA,0,0,1983,1983
JH Cameron,Tests,2,3,6,2,NA,0,0,1939,1939
PP Chawla,Tests,3,3,6,2,NA,0,0,2006,2012
M Commins,Tests,2,4,6,1.5,NA,0,0,2023,2023
DP Conyngham,Tests,1,2,6,Inf,NA,0,0,1923,1923
AHC Cooper,Tests,1,2,6,3,NA,0,0,1913,1913
WH Copson,Tests,3,1,6,6,NA,0,0,1939,1947
G Coulthard,Tests,1,1,6,Inf,NA,0,0,1882,1882
MS Crane,Tests,1,2,6,3,NA,0,0,2018,2018
AC Dale,Tests,2,3,6,2,NA,0,0,1998,1999
AR Dell,Tests,2,2,6,Inf,NA,0,0,1971,1974
SH Emery,Tests,4,2,6,3,NA,0,0,1912,1912
CE Finlason,Tests,1,2,6,3,NA,0,0,1889,1889
PLS Gamage,Tests,5,8,6,1.5,NA,0,0,2017,2018
RA Gaunt,Tests,3,4,6,3,NA,0,0,1958,1964
AM Ghazanfar,Tests,1,1,6,6,NA,0,0,2024,2024
R Graham,Tests,2,4,6,1.5,NA,0,0,1899,1899
Harvinder Singh,Tests,3,4,6,2,NA,0,0,1998,2001
JM Holland,Tests,4,7,6,3,NA,0,0,2016,2018
AP Igglesden,Tests,3,5,6,3,NA,0,0,1989,1994
SS Jain,Tests,1,1,6,6,NA,0,0,2026,2026
VV Kumar,Tests,2,2,6,3,NA,0,0,1961,1961
F Morley,Tests,4,6,6,1.5,NA,0,0,1880,1883
SA Muller,Tests,2,2,6,Inf,NA,0,0,1999,1999
DC Parkin,Tests,1,2,6,3,NA,0,0,1892,1892
WFF Price,Tests,1,2,6,3,NA,0,0,1938,1938
CFH Prince,Tests,1,2,6,3,NA,0,0,1899,1899
Rajinder Pal,Tests,1,2,6,6,NA,0,0,1964,1964
V Razdan,Tests,2,2,6,6,NA,0,0,1989,1989
AR Richards,Tests,1,2,6,3,NA,0,0,1896,1896
TL Richmond,Tests,1,2,6,3,NA,0,0,1921,1921
MW Rushmere,Tests,1,2,6,3,NA,0,0,1992,1992
KJ Silva,Tests,7,4,6,2,NA,0,0,1995,1998
RA Sinfield,Tests,1,1,6,6,NA,0,0,1938,1938
R Wood,Tests,1,2,6,3,NA,0,0,1887,1887
Ziaur Rahman,Tests,2,4,6,2,NA,0,0,2025,2026
FE Allan,Tests,1,1,5,5,NA,0,0,1879,1879
IBA Allen,Tests,2,2,5,Inf,NA,0,0,1991,1991
WM Anderson,Tests,1,2,5,2.5,NA,0,0,1946,1946
SG Borthwick,Tests,1,2,5,2.5,NA,0,0,2014,2014
T Bosch,Tests,1,2,5,Inf,NA,0,0,1992,1992
GR Breese,Tests,1,2,5,2.5,NA,0,0,2002,2002
GE Corling,Tests,5,4,5,1.6666666666666667,NA,0,0,1964,1964
A Ducat,Tests,1,2,5,2.5,NA,0,0,1921,1921
KH Eastwood,Tests,1,2,5,2.5,NA,0,0,1971,1971
JN Hamilton,Tests,1,2,5,2.5,NA,0,0,2019,2019
A Hurwood,Tests,2,2,5,2.5,NA,0,0,1930,1931
RJD Jamshedji,Tests,1,2,5,Inf,NA,0,0,1933,1933
HK Jayantilal,Tests,1,1,5,5,NA,0,0,1971,1971
TP Kamungozi,Tests,1,2,5,2.5,NA,0,0,2014,2014
NM Kulkarni,Tests,3,2,5,5,NA,0,0,1997,2001
FA MacKinnon,Tests,1,2,5,2.5,NA,0,0,1879,1879
Mahbubul Alam,Tests,4,7,5,1.25,NA,0,0,2008,2008
AP Marr,Tests,1,2,5,2.5,NA,0,0,1885,1885
NO Miller,Tests,1,2,5,2.5,NA,0,0,2009,2009
NS Mitchell-Innes,Tests,1,1,5,5,NA,0,0,1935,1935
GH Mudie,Tests,1,1,5,5,NA,0,0,1935,1935
TRO Payne,Tests,1,1,5,5,NA,0,0,1986,1986
S Prasanna,Tests,1,1,5,5,NA,0,0,2011,2011
RH Robinson,Tests,1,2,5,2.5,NA,0,0,1936,1936
AHP Scott,Tests,1,1,5,5,NA,0,0,1953,1953
SMSM Senanayake,Tests,1,1,5,5,NA,0,0,2013,2014
A Shahzad,Tests,1,1,5,5,NA,0,0,2010,2010
GL Tapscott,Tests,1,2,5,2.5,NA,0,0,1913,1913
B Arun,Tests,2,2,4,4,NA,0,0,1986,1987
Asif Afridi,Tests,1,2,4,4,NA,0,0,2025,2025
Azmatullah Omarzai,Tests,2,3,4,1.3333333333333333,NA,0,0,2024,2026
S Baker,Tests,1,2,4,4,NA,0,0,2026,2026
HK Bennett,Tests,1,1,4,4,NA,0,0,2010,2010
ID Blackwell,Tests,1,1,4,4,NA,0,0,2006,2006
C Burke,Tests,1,2,4,2,NA,0,0,1946,1946
FJ Burton,Tests,2,4,4,2,NA,0,0,1887,1888
ID Buys,Tests,1,2,4,4,NA,0,0,1922,1922
JAK Cochran,Tests,1,1,4,4,NA,0,0,1931,1931
CPL Connolly,Tests,1,1,4,4,NA,0,0,2025,2025
C Cook,Tests,1,2,4,2,NA,0,0,1947,1947
JT Cottam,Tests,1,2,4,2,NA,0,0,1887,1887
CJ Ferguson,Tests,1,2,4,2,NA,0,0,2016,2016
H Foley,Tests,1,2,4,2,NA,0,0,1930,1930
RA Gleeson,Tests,1,2,4,4,NA,0,0,1896,1896
T Greenhough,Tests,4,4,4,1.3333333333333333,NA,0,0,1959,1960
MJ Haslam,Tests,4,2,4,4,NA,0,0,1992,1995
Irfan Fazil,Tests,1,2,4,4,NA,0,0,2000,2000
MP Jarvis,Tests,5,3,4,2,NA,0,0,1992,1994
Javed Akhtar,Tests,1,2,4,4,NA,0,0,1962,1962
GR Loveridge,Tests,1,1,4,Inf,NA,0,0,1996,1996
Nazmul Islam,Tests,1,2,4,2,NA,0,0,2018,2018
WHM Richards,Tests,1,2,4,2,NA,0,0,1889,1889
AM Smith,Tests,1,2,4,4,NA,0,0,1997,1997
HD Smith,Tests,1,1,4,4,NA,0,0,1933,1933
WRT Solomon,Tests,1,2,4,2,NA,0,0,1899,1899
JO Taylor,Tests,3,5,4,2,NA,0,0,1958,1959
JJ Warr,Tests,2,4,4,1,NA,0,0,1951,1951
AJ Webbe,Tests,1,2,4,2,NA,0,0,1879,1879
R Wilson,Tests,1,2,4,2,NA,0,0,2026,2026
S Young,Tests,1,2,4,4,NA,0,0,1997,1997
KA Anderson,Tests,1,2,3,1.5,NA,0,0,2025,2025
ST Banerjee,Tests,1,1,3,3,NA,0,0,1992,1992
A Brown,Tests,2,1,3,Inf,NA,0,0,1961,1961
NR Chowdhury,Tests,2,2,3,3,NA,0,0,1949,1951
CB Clarke,Tests,3,4,3,1,NA,0,0,1939,1939
SH Cook,Tests,2,2,3,Inf,NA,0,0,1997,1997
JRF Duncan,Tests,1,1,3,3,NA,0,0,1971,1971
Farooq Hamid,Tests,1,2,3,1.5,NA,0,0,1964,1964
IS Gallage,Tests,1,1,3,3,NA,0,0,1999,1999
JB Gannon,Tests,3,5,3,3,NA,0,0,1977,1978
JK Irani,Tests,2,3,3,3,NA,0,0,1947,1947
JB Iverson,Tests,5,7,3,0.75,NA,0,0,1950,1951
Jalal-ud-Din,Tests,6,3,3,3,NA,0,0,1982,1985
IS Madray,Tests,2,3,3,1,NA,0,0,1958,1958
MJ Mason,Tests,1,2,3,1.5,NA,0,0,2004,2004
CWL Parker,Tests,1,1,3,Inf,NA,0,0,1921,1921
GM Parker,Tests,2,4,3,1.5,NA,0,0,1924,1924
RTD Perks,Tests,2,2,3,Inf,NA,0,0,1939,1939
RJ Pope,Tests,1,2,3,1.5,NA,0,0,1885,1885
L Senokwane,Tests,1,1,3,3,NA,0,0,2025,2025
MA Small,Tests,2,1,3,Inf,NA,0,0,1984,1984
CA Smith,Tests,1,1,3,3,NA,0,0,1889,1889
MM Sood,Tests,1,2,3,1.5,NA,0,0,1960,1960
GR Sunderam,Tests,2,1,3,Inf,NA,0,0,1955,1956
CK Tshuma,Tests,1,2,3,1.5,NA,0,0,2020,2020
CDUS Weerasinghe,Tests,1,1,3,3,NA,0,0,1985,1985
AP Wells,Tests,1,2,3,3,NA,0,0,1995,1995
LL Wilkinson,Tests,3,2,3,3,NA,0,0,1938,1939
JH Childs,Tests,2,4,2,Inf,NA,0,0,1988,1988
V Dahiya,Tests,2,1,2,Inf,NA,0,0,2000,2000
JF du Toit,Tests,1,2,2,Inf,NA,0,0,1892,1892
Ehteshamuddin,Tests,5,3,2,1,NA,0,0,1979,1982
DL Freeman,Tests,2,2,2,1,NA,0,0,1933,1933
PR George,Tests,1,2,2,1,NA,0,0,2010,2010
AR Gover,Tests,4,1,2,Inf,NA,0,0,1936,1946
RSA Jayasekera,Tests,1,2,2,1,NA,0,0,1982,1982
JJ Kotze,Tests,3,5,2,0.4,NA,0,0,1902,1907
RR Kulkarni,Tests,3,2,2,1,NA,0,0,1986,1987
AF Lissette,Tests,2,4,2,1,NA,0,0,1956,1956
BE McGain,Tests,1,2,2,1,NA,0,0,2009,2009
ES Maka,Tests,2,1,2,Inf,NA,0,0,1952,1953
ADG Matthews,Tests,1,1,2,Inf,NA,0,0,1937,1937
Mohammad Saleem,Tests,2,4,2,0.5,NA,0,0,2024,2026
Qaiser Abbas,Tests,1,1,2,2,NA,0,0,2000,2000
Ranjan Das,Tests,1,2,2,1,NA,0,0,2000,2000
WR Robertson,Tests,1,2,2,1,NA,0,0,1885,1885
AD Russell,Tests,1,1,2,2,NA,0,0,2010,2010
RL Sanghvi,Tests,1,2,2,1,NA,0,0,2001,2001
A Sidebottom,Tests,1,1,2,2,NA,0,0,1985,1985
HM Taberer,Tests,1,1,2,2,NA,0,0,1902,1902
KK Tarapore,Tests,1,1,2,2,NA,0,0,1948,1948
NHCD Theunissen,Tests,1,2,2,2,NA,0,0,1889,1889
L Watt,Tests,1,2,2,1,NA,0,0,1955,1955
CA Wiles,Tests,1,2,2,1,NA,0,0,1933,1933
Aizaz Cheema,Tests,7,5,1,Inf,NA,0,0,2011,2012
Imtiaz Ali,Tests,1,1,1,Inf,NA,0,0,1976,1976
Ashfaq Ahmed,Tests,1,2,1,1,NA,0,0,1993,1993
WH Ashley,Tests,1,2,1,0.5,NA,0,0,1889,1889
Awais Zafar,Tests,1,1,1,1,NA,0,0,2026,2026
MT Chinouya,Tests,2,4,1,0.5,NA,0,0,2016,2016
IA Colquhoun,Tests,2,4,1,0.5,NA,0,0,1955,1955
A Dolphin,Tests,1,2,1,0.5,NA,0,0,1921,1921
LH Ferguson,Tests,1,2,1,Inf,NA,0,0,2019,2019
RL Fuller,Tests,1,1,1,1,NA,0,0,1935,1935
BR Jurangpathy,Tests,2,4,1,0.25,NA,0,0,1985,1986
Kashif Ali,Tests,1,2,1,0.5,NA,0,0,2025,2025
ESM Kentish,Tests,2,2,1,1,NA,0,0,1948,1954
SC Kerrigan,Tests,1,1,1,Inf,NA,0,0,2013,2013
FL le Roux,Tests,1,2,1,0.5,NA,0,0,1914,1914
EB Lundie,Tests,1,2,1,1,NA,0,0,1914,1914
Miran Bakhsh,Tests,2,3,1,1,NA,0,0,1955,1955
S Nadeem,Tests,2,3,1,0.5,NA,0,0,2019,2021
T Natarajan,Tests,1,1,1,Inf,NA,0,0,2021,2021
DD Parsana,Tests,2,2,1,0.5,NA,0,0,1979,1979
SW Poynter,Tests,1,2,1,0.5,NA,0,0,2019,2019
L Ramji,Tests,1,2,1,0.5,NA,0,0,1933,1933
MJ Saggers,Tests,3,3,1,0.3333333333333333,NA,0,0,2003,2004
DG Sewell,Tests,1,1,1,Inf,NA,0,0,1997,1997
Shakeel Ahmed snr,Tests,1,1,1,1,NA,0,0,1998,1998
KN Slater,Tests,1,1,1,Inf,NA,0,0,1959,1959
LB Taylor,Tests,2,1,1,Inf,NA,0,0,1985,1985
G Thornton,Tests,1,1,1,Inf,NA,0,0,1902,1902
TF van Woerkom,Tests,1,1,1,1,NA,0,0,2024,2024
Waqar Salamkheil,Tests,1,1,1,Inf,NA,0,0,2019,2019
B White,Tests,3,6,1,0.5,NA,0,0,2023,2023
Yasir Ali,Tests,1,2,1,Inf,NA,0,0,2003,2003
MKDI Amerasinghe,Tests,1,2,0,0,NA,0,0,2008,2008
SA Banerjee,Tests,1,1,0,0,NA,0,0,1948,1949
JE Benjamin,Tests,1,1,0,0,NA,0,0,1994,1994
GE Bond,Tests,1,1,0,0,NA,0,0,1938,1938
LA Butterfield,Tests,1,2,0,0,NA,0,0,1946,1946
DW Carr,Tests,1,1,0,0,NA,0,0,1909,1909
GA Chevalier,Tests,1,2,0,0,NA,0,0,1970,1970
SP Davis,Tests,1,1,0,0,NA,0,0,1986,1986
CD Dixon,Tests,1,2,0,0,NA,0,0,1914,1914
JH du Preez,Tests,2,2,0,0,NA,0,0,1967,1967
GF Grace,Tests,1,2,0,0,NA,0,0,1880,1880
RPW Guneratne,Tests,1,2,0,0,NA,0,0,1983,1983
GG Hall,Tests,1,1,0,0,NA,0,0,1965,1965
GM Hamilton,Tests,1,2,0,0,NA,0,0,1999,1999
MA Hanley,Tests,1,1,0,0,NA,0,0,1949,1949
GG Hearne,Tests,1,1,0,0,NA,0,0,1892,1892
D Hettiarachchi,Tests,1,2,0,0,NA,0,0,2001,2001
WA Hunt,Tests,1,1,0,0,NA,0,0,1932,1932
AS Jaggernauth,Tests,1,2,0,0,NA,0,0,2008,2008
A Kamboj,Tests,1,1,0,0,NA,0,0,2025,2025
GA Kempis,Tests,1,2,0,0,NA,0,0,1889,1889
AK Kuruppuarachchi,Tests,2,2,0,0,NA,0,0,1986,1987
IB Leggat,Tests,1,1,0,0,NA,0,0,1954,1954
PT Lewis,Tests,1,2,0,0,NA,0,0,1913,1913
JW McLaren,Tests,1,2,0,0,NA,0,0,1912,1912
JEP McMaster,Tests,1,1,0,0,NA,0,0,1889,1889
D Madushanka,Tests,1,2,0,0,NA,0,0,2023,2023
CS Marriott,Tests,1,1,0,0,NA,0,0,1933,1933
K Matigimu,Tests,1,2,0,0,NA,0,0,2025,2025
KR Meherhomji,Tests,1,1,0,0,NA,0,0,1936,1936
KD Meuleman,Tests,1,1,0,0,NA,0,0,1946,1946
DS Mohanty,Tests,2,1,0,0,NA,0,0,1997,1997
AW Mold,Tests,3,3,0,0,NA,0,0,1893,1893
Mukesh Kumar,Tests,3,4,0,0,NA,0,0,2023,2024
Nadeem Ghauri,Tests,1,1,0,0,NA,0,0,1990,1990
M Ngam,Tests,3,1,0,0,NA,0,0,2000,2001
RL Park,Tests,1,1,0,0,NA,0,0,1920,1921
RGM Patel,Tests,1,2,0,0,NA,0,0,1988,1988
KK Peters,Tests,1,1,0,0,NA,0,0,2014,2014
HJ Rhodes,Tests,2,1,0,0,NA,0,0,1959,1959
LA Roberts,Tests,1,1,0,0,NA,0,0,1999,1999
CG Rowe,Tests,1,2,0,0,NA,0,0,1946,1946
CJ Sayers,Tests,1,2,0,0,NA,0,0,2018,2018
TAP Sekhar,Tests,2,1,0,0,NA,0,0,1983,1983
RHD Sellers,Tests,1,1,0,0,NA,0,0,1964,1964
R Singh,Tests,1,1,0,0,NA,0,0,1999,1999
SD Snooke,Tests,1,1,0,0,NA,0,0,1907,1907
HM Thurlow,Tests,1,1,0,0,NA,0,0,1932,1932
LR Tuckett,Tests,1,2,0,0,NA,0,0,1914,1914
PS Twentyman-Jones,Tests,1,2,0,0,NA,0,0,1902,1902
EJ Tyler,Tests,1,1,0,0,NA,0,0,1896,1896
Ubaid Shah,Tests,1,1,0,0,NA,0,0,2026,2026
M Venkataramana,Tests,1,2,0,0,NA,0,0,1989,1989
DW White,Tests,2,2,0,0,NA,0,0,1961,1962
P Wilson,Tests,1,2,0,0,NA,0,0,1998,1998
CS Wimble,Tests,1,2,0,0,NA,0,0,1892,1892
SR Tendulkar,ODIs,463,452,18426,44.832116788321166,86.23174840883564,49,96,1989,2012
V Kohli,ODIs,317,305,15109,58.78988326848249,94.36637311848104,55,79,2008,2026
KC Sangakkara,ODIs,404,380,14234,41.9882005899705,78.86746453900709,25,93,2000,2015
RT Ponting,ODIs,375,365,13704,42.03680981595092,80.39422738472369,30,82,1995,2012
ST Jayasuriya,ODIs,445,433,13430,32.36144578313253,91.20543293718167,28,68,1989,2011
DPMD Jayawardene,ODIs,448,418,12650,33.37730870712401,78.9637952559301,19,77,1998,2015
RG Sharma,ODIs,291,283,12120,49.26829268292683,93.38161645735418,35,63,2007,2026
Inzamam-ul-Haq,ODIs,378,350,11739,39.525252525252526,74.2410827219833,10,83,1991,2007
JH Kallis,ODIs,328,314,11579,44.3639846743295,72.89266603714196,17,86,1996,2014
SC Ganguly,ODIs,311,300,11363,41.021660649819495,73.70913336792943,22,72,1992,2007
R Dravid,ODIs,344,318,10889,39.169064748201436,71.23977755969905,12,83,1996,2011
MS Dhoni,ODIs,350,297,10773,50.57746478873239,87.56400877834675,10,73,2004,2019
CH Gayle,ODIs,301,294,10480,37.83393501805054,87.19527414926367,25,54,1999,2019
BC Lara,ODIs,299,289,10405,40.4863813229572,79.51245605991136,19,63,1990,2007
TM Dilshan,ODIs,330,303,10290,39.274809160305345,86.2314589793011,22,47,1999,2016
Mohammad Yousuf,ODIs,288,273,9720,41.716738197424895,75.10431154381085,15,64,1998,2010
AC Gilchrist,ODIs,287,279,9619,35.89179104477612,96.94618020560371,16,55,1996,2008
AB de Villiers,ODIs,228,218,9577,53.502793296089386,101.09785706745487,25,53,2005,2018
M Azharuddin,ODIs,334,308,9378,36.92125984251968,74.02320625147999,7,58,1985,2000
PA de Silva,ODIs,308,296,9284,34.902255639097746,81.13257013021061,11,64,1984,2003
Saeed Anwar,ODIs,247,244,8824,39.217777777777776,80.67288352532455,20,43,1989,2003
S Chanderpaul,ODIs,268,251,8778,41.60189573459716,70.74468085106383,11,59,1994,2011
Yuvraj Singh,ODIs,304,278,8701,36.55882352941177,87.6763401854091,14,52,2000,2017
DL Haynes,ODIs,238,237,8648,41.377990430622006,63.09185087911287,17,57,1978,1994
LRPL Taylor,ODIs,236,220,8607,47.552486187845304,83.32042594385285,21,51,2006,2022
MS Atapattu,ODIs,268,259,8529,37.5726872246696,67.72272510719391,11,59,1990,2007
ME Waugh,ODIs,244,236,8500,39.351851851851855,76.9021984981453,18,50,1988,2002
Tamim Iqbal,ODIs,243,240,8357,36.65350877192982,78.52847209171209,14,56,2007,2023
V Sehwag,ODIs,251,245,8273,35.05508474576271,104.33850422499684,15,38,1999,2013
HM Amla,ODIs,181,178,8113,49.46951219512195,88.3961647417738,27,39,2008,2019
HH Gibbs,ODIs,248,240,8094,36.13392857142857,83.2630387820183,21,37,1996,2010
Shahid Afridi,ODIs,398,369,8064,23.57894736842105,117.00522344747533,6,39,1996,2015
SP Fleming,ODIs,280,269,8037,32.40725806451613,71.4908379291941,8,49,1994,2007
MJ Clarke,ODIs,245,223,7981,44.58659217877095,78.98851939825812,8,58,2003,2015
JE Root,ODIs,195,184,7903,50.66025641025641,87.68445578608677,20,48,2013,2026
Mushfiqur Rahim,ODIs,274,256,7795,36.425233644859816,79.70347648261759,9,49,2006,2025
EJG Morgan,ODIs,248,230,7701,39.29081632653061,91.16846217592045,14,47,2006,2022
Shakib Al Hasan,ODIs,247,234,7570,37.29064039408867,82.84088421974174,9,56,2006,2023
SR Waugh,ODIs,325,288,7569,32.90869565217391,75.91013940427239,3,45,1986,2002
Shoaib Malik,ODIs,287,258,7534,34.559633027522935,81.90020654418959,9,44,1999,2019
A Ranatunga,ODIs,269,255,7456,35.84615384615385,77.90199561174381,4,49,1982,1999
Javed Miandad,ODIs,233,218,7381,41.70056497175141,67.01470855275105,8,50,1975,1996
MJ Guptill,ODIs,198,195,7346,41.73863636363637,87.29649435531789,18,39,2009,2022
KS Williamson,ODIs,175,167,7256,48.69798657718121,81.59226357809513,15,47,2010,2025
Younis Khan,ODIs,265,255,7249,31.245689655172413,75.2908184461986,7,48,2000,2015
Saleem Malik,ODIs,283,256,7170,32.88990825688074,76.41479271022061,5,47,1982,1999
Q de Kock,ODIs,164,164,7152,45.84615384615385,96.6094826421721,23,32,2013,2026
NJ Astle,ODIs,223,217,7090,34.926108374384235,72.64344262295081,16,41,1995,2007
GC Smith,ODIs,197,194,6989,37.983695652173914,80.8163737280296,10,47,2002,2013
WU Tharanga,ODIs,235,223,6951,33.74271844660194,75.92572364827963,15,37,2005,2019
DA Warner,ODIs,161,159,6932,45.30718954248366,97.26392591553248,22,33,2009,2023
MG Bevan,ODIs,232,196,6912,53.58139534883721,74.16309012875536,6,46,1994,2004
G Kirsten,ODIs,185,185,6798,40.95180722891566,72.04323866044933,13,45,1993,2003
S Dhawan,ODIs,167,164,6793,44.11038961038961,91.35287789133943,17,39,2010,2022
A Flower,ODIs,213,208,6786,35.34375,74.59602066615368,4,55,1992,2003
BRM Taylor,ODIs,210,208,6756,35.005181347150256,76.51189127972819,11,39,2004,2026
IVA Richards,ODIs,187,167,6721,47,90.202657361428,11,45,1975,1991
Babar Azam,ODIs,143,140,6626,53.435483870967744,86.59174072138003,20,38,2015,2026
Mohammad Hafeez,ODIs,218,216,6614,32.90547263681592,76.61299664079694,11,38,2003,2019
SD Hope,ODIs,158,152,6590,51.484375,80.82914264687845,21,32,2016,2026
GW Flower,ODIs,221,214,6571,33.525510204081634,67.5820220096678,6,40,1992,2010
Ijaz Ahmed,ODIs,250,232,6564,32.33497536945813,80.30340102764865,10,37,1986,2000
AR Border,ODIs,273,252,6524,30.629107981220656,71.4254433982921,3,39,1979,1994
RB Richardson,ODIs,224,217,6248,33.411764705882355,63.74859708193041,5,44,1983,1996
ML Hayden,ODIs,161,155,6133,43.80714285714286,78.96227629715463,10,36,1993,2008
BB McCullum,ODIs,260,228,6083,30.415,96.37198986058301,5,32,2002,2016
PR Stirling,ODIs,174,166,6080,37.30061349693251,87.46942885915696,14,32,2008,2026
DM Jones,ODIs,164,161,6068,44.61764705882353,72.56637168141593,7,46,1984,1994
DC Boon,ODIs,181,177,5964,37.04347826086956,65.13050125586982,5,37,1984,1995
JN Rhodes,ODIs,245,220,5935,35.11834319526627,80.90239912758996,2,33,1992,2003
AD Mathews,ODIs,226,195,5916,40.244897959183675,82.9035874439462,3,40,2008,2023
Ramiz Raja,ODIs,198,197,5841,32.09340659340659,63.31021027530891,9,31,1985,1997
RR Sarwan,ODIs,181,169,5804,42.6764705882353,75.74057157771108,5,38,2000,2013
SPD Smith,ODIs,170,154,5800,43.28358208955224,86.96956065377118,12,35,2010,2025
CL Hooper,ODIs,227,206,5761,35.34355828220859,76.63961686843156,7,29,1987,2003
SR Watson,ODIs,190,169,5757,40.54225352112676,90.44776119402985,9,33,2002,2015
Mahmudullah,ODIs,239,209,5689,36.467948717948715,77.64432919339428,4,32,2007,2025
JC Buttler,ODIs,204,176,5678,39.15862068965517,115.54741554741554,11,30,2012,2026
H Masakadza,ODIs,209,208,5658,27.735294117647058,73.21428571428571,5,34,2001,2019
SK Raina,ODIs,226,194,5615,35.314465408805034,93.50541215653621,5,36,2005,2018
MN Samuels,ODIs,207,196,5606,32.976470588235294,75.11724507570682,10,30,2000,2018
WJ Cronje,ODIs,188,175,5565,38.645833333333336,76.4738216297925,2,39,1992,2000
F du Plessis,ODIs,143,136,5507,47.474137931034484,88.6082059533387,12,35,2011,2019
MEK Hussey,ODIs,185,157,5442,48.15929203539823,87.16962998558385,3,39,2004,2012
IR Bell,ODIs,161,157,5416,37.87412587412587,77.16198888730588,4,35,2004,2015
AJ Finch,ODIs,146,142,5406,38.89208633093525,87.73125608568647,17,30,2013,2022
A Jadeja,ODIs,196,179,5359,37.47552447552447,69.7968220890857,6,30,1992,2000
DR Martyn,ODIs,208,182,5346,40.80916030534351,77.73738548785808,5,37,1992,2006
G Gambhir,ODIs,147,143,5238,39.68181818181818,85.25390625,11,34,2003,2013
SC Williams,ODIs,164,159,5217,37.53237410071942,86.95,8,37,2005,2025
ADR Campbell,ODIs,188,184,5185,30.5,66.18585652284912,7,30,1992,2003
RS Mahanama,ODIs,213,198,5162,29.497142857142858,60.5797441614834,4,35,1986,1999
BKG Mendis,ODIs,159,155,5160,36.33802816901409,88.37129645487241,7,36,2016,2026
CG Greenidge,ODIs,128,127,5134,45.03508771929825,64.92159838138593,11,31,1975,1991
Misbah-ul-Haq,ODIs,162,149,5122,43.40677966101695,73.75089992800577,0,42,2002,2015
JP Duminy,ODIs,199,179,5117,36.81294964028777,84.5505617977528,4,27,2004,2019
PD Collingwood,ODIs,197,181,5092,35.361111111111114,76.9882068339885,5,26,2001,2011
A Symonds,ODIs,198,161,5088,39.75,92.44186046511628,6,30,1998,2009
Abdul Razzaq,ODIs,265,228,5080,29.707602339181285,81.25399872040947,3,23,1996,2011
CL Cairns,ODIs,215,193,4950,29.464285714285715,84.26966292134831,4,26,1991,2006
Aamer Sohail,ODIs,156,155,4780,31.866666666666667,65.50637248184185,5,31,1990,2000
DA Miller,ODIs,180,156,4762,42.9009009009009,104.31544359255203,8,24,2010,2026
CD McMillan,ODIs,197,183,4707,28.18562874251497,75.94385285575991,3,28,1997,2007
MD Crowe,ODIs,143,140,4704,38.557377049180324,72.63743051266214,4,34,1982,1995
Sikandar Raza,ODIs,159,150,4704,37.333333333333336,85.94920518911017,7,26,2013,2026
MV Boucher,ODIs,295,221,4686,28.573170731707318,84.7684515195369,1,26,1998,2011
AJ Stewart,ODIs,170,162,4677,31.60135135135135,68.36719777810262,4,28,1989,2003
TWM Latham,ODIs,171,158,4664,34.043795620437955,84.50806305490126,8,27,2012,2026
SB Styris,ODIs,188,161,4483,32.48550724637681,79.41541186891054,4,28,1999,2011
KP Pietersen,ODIs,136,125,4440,40.73394495412844,86.58346333853353,9,25,2004,2013
NS Sidhu,ODIs,136,127,4413,37.08403361344538,69.72665507979143,6,33,1987,1998
CZ Harris,ODIs,250,213,4379,29,66.51982378854625,1,16,1990,2004
GR Marsh,ODIs,117,115,4357,39.972477064220186,55.93068035943517,9,22,1986,1992
WTS Porterfield,ODIs,148,145,4343,30.58450704225352,68.95839949190218,11,20,2006,2022
E Chigumbura,ODIs,213,198,4340,25.232558139534884,80.02950396459524,2,19,2004,2018
ME Trescothick,ODIs,123,122,4335,37.37068965517241,85.2172203656379,12,21,2000,2006
Rahmat Shah,ODIs,132,127,4300,35.833333333333336,72.25676356914803,6,33,2013,2026
GA Gooch,ODIs,125,122,4290,36.98275862068966,61.8869013271783,8,23,1976,1995
JJ Roy,ODIs,116,110,4271,39.91588785046729,105.53496417099086,12,21,2015,2023
AJ Strauss,ODIs,127,126,4205,35.63559322033898,80.9432146294514,6,27,2003,2011
K Srikkanth,ODIs,146,145,4091,29.01418439716312,71.74675552437742,4,27,1981,1992
AJ Lamb,ODIs,122,118,4010,39.31372549019608,75.54634513941221,4,26,1982,1992
GJ Maxwell,ODIs,149,136,3990,33.813559322033896,126.70689107653223,4,23,2012,2025
RP Arnold,ODIs,180,155,3950,35.267857142857146,72.570273746095907,1,28,1997,2007
AP Gurusinha,ODIs,147,143,3902,28.27536231884058,60.88313309408644,2,22,1985,1996
JG Wright,ODIs,149,148,3891,26.46938775510204,57.18694885361552,1,24,1978,1992
RD Berrington,ODIs,143,134,3881,33.17094017094017,76.5785319652723,7,21,2008,2026
JM Bairstow,ODIs,107,98,3868,42.977777777777774,102.92708887706226,11,17,2011,2023
Fakhar Zaman,ODIs,92,91,3861,45.423529411764704,93.14837153196622,11,19,2017,2025
DJ Cullinan,ODIs,138,133,3860,32.99145299145299,70.28404952658413,3,23,1993,2000
LD Chandimal,ODIs,157,142,3854,31.85123966942149,74.2438836447698,4,24,2010,2022
GA Hick,ODIs,120,118,3846,37.33980582524272,74.08977075707956,5,27,1991,2001
Mohammad Nabi,ODIs,178,156,3792,27.47826086956522,88.02228412256268,2,18,2009,2026
HP Tillakaratne,ODIs,200,168,3789,29.6015625,57.513661202185794,2,13,1986,2003
N Kapil Dev,ODIs,225,198,3783,23.79245283018868,95.07413923096254,1,14,1978,1994
CR Ervine,ODIs,134,130,3770,32.78260869565217,76.70396744659207,4,25,2010,2026
Wasim Akram,ODIs,356,280,3717,16.52,88.33174904942965,0,6,1984,2003
Shubman Gill,ODIs,70,69,3713,64.01724137931035,103.31107401224261,11,20,2019,2026
RS Kaluwitharana,ODIs,189,181,3711,22.221556886227546,77.70100502512562,2,23,1990,2004
Imran Khan,ODIs,175,151,3709,33.414414414414416,72.65426052889325,1,19,1974,1992
PV Simmons,ODIs,143,138,3675,28.937007874015748,67.9674496023673,5,18,1987,1999
NV Knight,ODIs,100,100,3637,40.41111111111111,71.52409046214356,5,25,1996,2003
KJ O'Brien,ODIs,153,141,3619,29.422764227642276,88.78802747791953,2,18,2006,2021
L Klusener,ODIs,171,137,3576,41.10344827586207,89.91702288156903,2,19,1996,2004
KL Rahul,ODIs,101,91,3541,51.31884057971015,92.38194625619619,9,20,2016,2026
SM Pollock,ODIs,303,205,3519,26.458646616541355,86.69623059866962,1,14,1996,2008
MA Taylor,ODIs,113,110,3514,32.23853211009175,59.47867298578199,1,28,1989,1997
DB Vengsarkar,ODIs,129,120,3508,34.73267326732673,67.73508399304885,1,23,1976,1991
Mohammad Ashraful,ODIs,177,169,3468,22.23076923076923,70.10309278350515,3,20,2001,2013
BA Stokes,ODIs,114,99,3463,41.226190476190474,95.68941696601271,5,24,2011,2023
A Balbirnie,ODIs,121,114,3429,32.34905660377358,74.65708687132593,10,17,2010,2026
SO Tikolo,ODIs,135,130,3428,29.050847457627118,75.7736516357206,3,24,1996,2014
HH Dippenaar,ODIs,107,95,3421,42.23456790123457,67.78284129185654,4,26,1999,2007
MR Marsh,ODIs,105,101,3395,38.146067415730336,96.91692834713102,4,24,2011,2026
A Flintoff,ODIs,141,122,3394,32.0188679245283,88.824914943732,3,18,1999,2009
T Taibu,ODIs,150,137,3393,29.25,67.58964143426294,2,22,2001,2012
KC Wessels,ODIs,109,105,3367,34.357142857142854,55.30551905387647,1,26,1983,1994
AC Parore,ODIs,179,161,3314,25.689922480620154,68.09122662831312,1,14,1992,2002
TM Head,ODIs,85,82,3273,43.64,106.54296875,8,18,2016,2026
Moin Khan,ODIs,219,183,3266,23,81.30445606173762,0,12,1990,2004
MDKJ Perera,ODIs,116,111,3237,30.537735849056602,92.88378766140603,6,17,2013,2023
Kamran Akmal,ODIs,157,138,3236,26.096774193548388,83.94293125810636,5,10,2002,2017
AN Cook,ODIs,92,92,3204,36.40909090909091,77.130476649013,5,19,2006,2014
HDRL Thirimanne,ODIs,127,106,3194,34.71739130434783,72.27879610771669,4,21,2010,2019
Umar Akmal,ODIs,121,110,3194,34.344086021505376,86.04525862068965,2,20,2009,2019
KJ Coetzer,ODIs,89,87,3192,38.926829268292686,82.3741935483871,5,21,2008,2023
DI Gower,ODIs,114,111,3170,30.776699029126213,75.15410146989095,7,12,1978,1991
Imam-ul-Haq,ODIs,75,74,3152,47.04477611940298,81.95527821112844,9,20,2017,2025
KR Rutherford,ODIs,121,115,3143,29.650943396226417,64.30032733224222,2,18,1985,1995
SS Iyer,ODIs,82,76,3136,45.44927536231884,97.84711388455538,5,24,2017,2026
BJ Haddin,ODIs,126,115,3122,31.535353535353536,84.24177010253644,2,16,2001,2015
DM Bravo,ODIs,122,117,3109,30.184466019417474,70.11727559765448,4,18,2009,2022
RJ Shastri,ODIs,150,128,3108,29.046728971962615,61.07290233837689,4,18,1981,1992
SM Gavaskar,ODIs,108,102,3092,35.13636363636363,62.263391059202576,1,27,1974,1987
DS Lehmann,ODIs,117,101,3078,38.962025316455694,81.34249471458774,4,17,1996,2005
P Nissanka,ODIs,82,81,3052,40.1578947368421,88.74672870020355,7,19,2021,2026
GJ Bailey,ODIs,90,85,3044,40.586666666666666,83.51165980795611,3,22,2012,2016
CS MacLeod,ODIs,88,86,3026,38.30379746835443,80.56443024494143,10,13,2008,2022
V Sibanda,ODIs,127,126,2994,24.540983606557376,63.48600508905853,2,21,2003,2016
Mohammad Rizwan,ODIs,103,94,2979,40.80821917808219,84.65473145780051,4,19,2015,2026
DJ Bravo,ODIs,164,141,2968,25.367521367521366,82.30726566833056,2,10,2004,2014
AM Rahane,ODIs,90,87,2962,35.26190476190476,78.63020971595434,3,24,2011,2018
HH Streak,ODIs,189,159,2943,28.298076923076923,73.42814371257485,0,13,1993,2005
RA Jadeja,ODIs,212,142,2905,32.27777777777778,85.54181389870436,0,13,2009,2026
WW Hinds,ODIs,119,111,2880,28.514851485148515,65.55884361484179,5,14,1999,2010
Litton Das,ODIs,104,103,2869,30.849462365591396,85.51415797317436,5,14,2015,2026
IJL Trott,ODIs,68,65,2819,51.25454545454546,77.06396938217605,4,22,2009,2013
DJ Mitchell,ODIs,62,57,2811,57.36734693877551,94.4873949579832,9,13,2021,2026
AL Logie,ODIs,158,133,2809,28.95876288659794,73.90160484083135,1,14,1981,1993
KIC Asalanka,ODIs,88,79,2798,40.55072463768116,90.11272141706924,5,17,2021,2026
AH Jones,ODIs,87,87,2784,35.69230769230769,57.867387237580544,0,25,1987,1995
HG Munsey,ODIs,79,77,2777,41.44776119402985,90.0162074554295,3,19,2017,2026
SE Marsh,ODIs,73,72,2773,40.779411764705884,81.41514973576042,7,15,2008,2019
M Kaif,ODIs,125,110,2753,32.01162790697674,72.03035060177918,2,17,2002,2006
SV Carlisle,ODIs,111,107,2740,27.67676767676768,63.35260115606937,3,9,1995,2005
Mohammad Shahzad,ODIs,84,84,2727,33.666666666666664,88.48150551589876,6,14,2009,2019
Salman Butt,ODIs,78,78,2725,36.82432432432432,76.28779395296752,8,14,2004,2010
AK Markram,ODIs,88,84,2723,36.306666666666665,97.84405318002156,4,14,2017,2026
RG Twose,ODIs,87,81,2717,38.81428571428572,75.40938107132945,1,20,1995,2001
KA Pollard,ODIs,123,113,2706,26.01923076923077,94.41730635031402,3,13,2007,2022
GJ Whittall,ODIs,147,142,2705,22.541666666666668,67.43954126153079,0,11,1993,2003
RS Bopara,ODIs,120,109,2695,30.625,77.84517619872906,1,14,2007,2015
Hashmatullah Shahidi,ODIs,100,98,2681,33.936708860759495,68.67315573770492,1,22,2013,2026
HE van der Dussen,ODIs,71,65,2657,50.132075471698116,87.02915165411072,6,17,2019,2025
Mudassar Nazar,ODIs,122,115,2653,25.266666666666666,51.715399610136444,0,16,1977,1989
EC Joyce,ODIs,78,77,2622,38,72.23140495867769,6,15,2006,2018
Ahmed Shehzad,ODIs,81,81,2605,32.5625,72.0807969009408,6,14,2009,2017
NJ O'Brien,ODIs,103,101,2581,28.054347826086957,70.94557449147884,1,18,2006,2018
Zaheer Abbas,ODIs,62,60,2572,47.629629629629626,84.80052753049786,7,13,1974,1985
AC Hudson,ODIs,89,88,2559,29.413793103448278,64.62121212121212,2,18,1991,1997
AT Carey,ODIs,96,88,2523,33.64,88.52631578947368,1,14,2018,2026
MH Cross,ODIs,120,105,2490,24.653465346534652,73.93111638954869,2,14,2014,2026
Soumya Sarkar,ODIs,86,81,2488,32.311688311688314,93.78062570674707,3,15,2014,2026
VG Kambli,ODIs,104,97,2477,32.5921052631579,71.94307290153935,2,14,1991,2000
CJ Chibhabha,ODIs,109,109,2474,23.121495327102803,63.22514694607718,0,16,2005,2023
Imrul Kayes,ODIs,78,78,2434,32.026315789473685,71.10721589249196,4,16,2008,2018
JDP Oram,ODIs,160,116,2434,24.099009900990097,86.61921708185054,1,13,2001,2012
Asghar Afghan,ODIs,114,108,2424,24.73469387755102,66.77685950413223,1,12,2009,2021
TM Odoyo,ODIs,136,119,2420,23.49514563106796,70.38976148923794,1,8,1996,2014
AD Hales,ODIs,70,67,2419,37.796875,95.72615749901068,6,14,2014,2019
RA Smith,ODIs,71,70,2419,39.016129032258064,69.65159804203859,4,15,1988,1996
HM Nicholls,ODIs,92,90,2415,32.63513513513514,78.79282218597064,1,17,2015,2026
L Vincent,ODIs,102,99,2413,27.1123595505618,69.88126267014191,3,11,2001,2007
MG Erasmus,ODIs,75,72,2400,36.36363636363637,77.41935483870968,2,19,2019,2026
SA Edwards,ODIs,76,70,2391,40.52542372881356,85.21026372059872,0,24,2018,2026
GP Thorpe,ODIs,82,77,2380,37.1875,71.17224880382776,0,21,1993,2002
MD Patel,ODIs,75,74,2377,33.957142857142856,80.93292475314946,3,18,2019,2026
RK Paudel,ODIs,90,85,2356,29.82278481012658,74.0880503144654,2,12,2018,2026
MM Ali,ODIs,138,112,2355,24.278350515463917,98.16590245935807,3,6,2014,2023
VVS Laxman,ODIs,86,83,2338,30.763157894736842,71.2370505789153,6,10,1998,2006
NLTC Perera,ODIs,166,133,2338,19.982905982905983,112.08053691275168,1,10,2009,2021
RR Singh,ODIs,136,113,2336,25.955555555555556,74.30025445292621,1,9,1989,2001
N Hussain,ODIs,88,87,2332,30.285714285714285,66.99224360815857,1,16,1989,2003
GS Chappell,ODIs,74,72,2331,40.189655172413794,75.70639818122767,3,14,1971,1983
Sarfaraz Ahmed,ODIs,117,91,2315,33.55072463768116,87.85578747628084,2,11,2007,2021
MP O'Dowd,ODIs,72,71,2300,34.32835820895522,73.74158384097467,1,16,2019,2026
SL Campbell,ODIs,90,87,2283,26.24137931034483,59.25253049571763,2,14,1994,2001
E Lewis,ODIs,70,67,2279,36.75806451612903,86.16257088846882,5,12,2016,2025
DL Vettori,ODIs,295,187,2253,17.33076923076923,82.98342541436465,0,4,1997,2015
JO Holder,ODIs,138,114,2237,24.855555555555554,90.23799919322308,0,12,2013,2023
S Matsikenyeri,ODIs,113,110,2224,22.019801980198018,72.39583333333334,0,13,2002,2015
GM Wood,ODIs,83,77,2219,33.621212121212125,59.57046979865772,3,11,1978,1989
MJ Greatbatch,ODIs,84,83,2206,28.28205128205128,71.18425298483382,2,13,1988,1996
JC Adams,ODIs,127,105,2204,28.623376623376622,60.98505810736027,0,14,1992,2001
Shahriar Nafees,ODIs,75,75,2201,31.442857142857143,69.4979475844648,4,13,2005,2011
D Ramdin,ODIs,139,110,2200,25,80.35062089116143,2,8,2005,2016
Aasif Sheikh,ODIs,76,76,2174,30.619718309859156,75.80195258019525,2,15,2021,2026
T Bavuma,ODIs,57,55,2168,43.36,87.27858293075684,6,8,2016,2026
Habibul Bashar,ODIs,111,105,2168,21.68,60.45733407696597,0,14,1995,2007
Rahmanullah Gurbaz,ODIs,59,59,2165,37.327586206896555,90.69962295768748,9,8,2021,2026
H Klaasen,ODIs,60,56,2141,43.69387755102041,117.058501913614,4,11,2018,2025
IT Botham,ODIs,116,106,2113,23.21978021978022,79.1089479595657,0,9,1976,1992
Ibrahim Zadran,ODIs,46,46,2110,49.06976744186046,82.00544111931598,7,10,2019,2026
HT Tector,ODIs,58,53,2098,44.638297872340424,81.953125,5,15,2020,2026
MW Gatting,ODIs,92,88,2095,29.507042253521128,70.58625336927223,1,9,1977,1993
NH Fairbrother,ODIs,75,71,2092,39.471698113207545,72.06338270754392,1,16,1987,1999
RL Powell,ODIs,109,100,2085,24.821428571428573,96.66203059805285,1,8,1999,2005
Najmul Hossain Shanto,ODIs,70,69,2076,32.4375,77.17472118959108,4,12,2018,2026
CL White,ODIs,91,77,2072,33.967213114754095,80.12374323279195,2,11,2005,2018
GC Wilson,ODIs,105,99,2072,23.816091954022987,71.94444444444444,1,12,2007,2019
Najibullah Zadran,ODIs,92,84,2060,29.014084507042252,89.10034602076125,1,15,2012,2023
WA Young,ODIs,63,63,2050,35.3448275862069,84.57095709570957,4,12,2021,2026
CO Obuya,ODIs,104,89,2044,25.55,68.56759476685676,0,11,2001,2014
Yasir Hameed,ODIs,56,56,2028,36.872727272727275,66.95278969957081,3,12,2003,2007
WPUJC Vaas,ODIs,322,220,2025,13.682432432432432,72.42489270386267,0,1,1994,2008
Jatinder Singh,ODIs,70,69,2020,30.149253731343283,76.86453576864535,5,10,2019,2026
KO Otieno,ODIs,90,87,2016,23.441860465116278,56.61331086773378,2,12,1996,2009
A Vala,ODIs,66,66,2003,30.815384615384616,69.26002766251729,1,12,2014,2023
SV Manjrekar,ODIs,74,70,1994,33.233333333333334,64.30183811673653,1,15,1988,1996
N Pooran,ODIs,61,58,1983,39.66,99.15,3,11,2019,2023
MP Vaughan,ODIs,86,83,1982,27.15068493150685,68.391994478951,0,16,2001,2007
M Labuschagne,ODIs,72,64,1980,33.559322033898304,81.54859967051071,2,13,2020,2026
CH Lloyd,ODIs,87,69,1977,39.54,81.22432210353327,1,11,1973,1985
GD Elliott,ODIs,83,69,1976,34.06896551724138,81.78807947019867,2,11,2008,2016
KJ Hughes,ODIs,97,88,1968,24,67.42034943473793,0,17,1977,1985
A Bagai,ODIs,62,60,1964,37.76923076923077,65.57595993322204,2,16,2003,2013
LMP Simmons,ODIs,68,65,1958,31.580645161290324,73.05970149253731,2,16,2006,2015
Aftab Ahmed,ODIs,85,85,1954,24.734177215189874,83.04292392690182,0,14,2004,2010
PJL Dujon,ODIs,169,120,1945,23.154761904761905,67.51128080527594,0,6,1981,1991
M Amarnath,ODIs,85,75,1924,30.53968253968254,57.70845830833833,2,13,1975,1989
DM de Silva,ODIs,93,85,1924,25.653333333333332,77.92628594572702,0,10,2016,2026
KLT Arthurton,ODIs,105,93,1904,26.08219178082192,67.46987951807229,0,9,1988,1999
HH Pandya,ODIs,94,68,1904,32.827586206896555,110.8910891089109,0,11,2016,2025
Imran Nazir,ODIs,79,79,1895,24.61038961038961,81.01752885848653,2,9,1999,2009
Mehidy Hasan Miraz,ODIs,125,93,1889,23.911392405063292,75.74178027265437,2,7,2017,2026
Mohsin Khan,ODIs,75,75,1877,26.814285714285713,55.64779128372369,2,8,1977,1986
JV Coney,ODIs,88,80,1874,30.721311475409838,64.95667244367418,0,8,1979,1987
DJG Sammy,ODIs,126,105,1871,24.946666666666665,100.05347593582887,0,9,2004,2015
MS Wade,ODIs,97,83,1867,26.295774647887324,81.59965034965036,1,11,2012,2021
V Aravind,ODIs,63,63,1865,31.083333333333332,68.2900036616624,2,9,2019,2025
RD Jacobs,ODIs,147,112,1865,23.3125,70.06010518407213,0,9,1996,2004
M Prabhakar,ODIs,130,98,1858,24.12987012987013,60.265974699967565,2,11,1984,1996
Azhar Ali,ODIs,53,53,1845,36.9,74.45520581113801,3,12,2011,2018
KU Carty,ODIs,55,51,1836,39.91304347826087,75.18427518427518,4,6,2022,2026
OA Shah,ODIs,71,66,1834,30.566666666666666,78.67867867867868,1,12,2001,2009
MW Goodwin,ODIs,71,70,1818,27.134328358208954,68.50037678975131,2,8,1998,2000
Khaled Mashud,ODIs,126,110,1818,21.903614457831324,54.84162895927602,0,7,1995,2006
BA Edgar,ODIs,64,64,1814,30.74576271186441,49.22659430122117,1,10,1978,1986
Samiullah Shinwari,ODIs,84,74,1811,29.20967741935484,65.49728752260397,0,11,2009,2019
DJ Hussey,ODIs,69,61,1796,32.654545454545456,90.7070707070707,1,14,2008,2013
MA Atherton,ODIs,54,54,1791,35.11764705882353,58.64440078585462,2,12,1990,1998
Mashrafe Mortaza,ODIs,220,158,1787,13.746153846153845,87.55512003919648,0,1,2001,2020
IA Healy,ODIs,168,120,1764,21,83.84030418250951,0,4,1988,1997
DS Airee,ODIs,82,77,1754,25.057142857142857,77.61061946902656,2,10,2018,2026
KD Karthik,ODIs,94,79,1752,30.20689655172414,73.24414715719062,0,9,2004,2019
Sir RJ Hadlee,ODIs,115,98,1751,21.617283950617285,75.5066839154808,0,4,1973,1990
Haris Sohail,ODIs,45,44,1749,44.84615384615385,85.48387096774194,2,14,2013,2023
Muhammad Waseem,ODIs,69,69,1745,25.28985507246377,87.25,1,9,2022,2026
Imran Farhat,ODIs,58,58,1719,30.696428571428573,69.06388107673764,1,13,2001,2013
CB Wishart,ODIs,90,82,1719,23.22972972972973,70.56650246305419,2,5,1996,2005
Rashid Latif,ODIs,166,117,1709,19.420454545454547,76.39696021457308,0,3,1992,2003
DA Gunawardene,ODIs,61,61,1708,28.466666666666665,71.49434910004186,1,12,1998,2006
K Bhurtel,ODIs,74,73,1701,23.95774647887324,81.50455198850024,2,9,2021,2026
Towhid Hridoy,ODIs,56,51,1698,38.59090909090909,78.1048758049678,1,14,2023,2026
AT Rayudu,ODIs,55,50,1694,47.05555555555556,79.04806346243583,3,10,2013,2019
DP Conway,ODIs,43,42,1692,43.38461538461539,87.85046728971963,5,6,2021,2026
ND McKenzie,ODIs,64,55,1688,37.51111111111111,69.4078947368421,2,10,2000,2009
NC Johnson,ODIs,48,48,1679,36.5,70.28045207199665,4,11,1998,2000
BA Young,ODIs,74,73,1668,24.529411764705884,61.031833150384195,0,9,1990,1999
Aaron Jones,ODIs,52,52,1664,33.95918367346939,71.44697294976385,1,11,2019,2025
MJ Santner,ODIs,129,95,1648,27.016393442622952,92.11850195640022,0,3,2015,2026
SO Hetmyer,ODIs,59,54,1638,32.76,105.26992287917739,5,5,2017,2026
BM Duckett,ODIs,40,40,1628,41.743589743589745,99.69381506429885,4,10,2016,2026
UDU Chandana,ODIs,147,111,1627,17.30851063829787,72.99237326155227,0,5,1994,2007
CK Kapugedera,ODIs,102,84,1624,21.09090909090909,72.04968944099379,0,8,2006,2017
MA Leask,ODIs,98,77,1624,26.193548387096776,113.24965132496514,1,8,2014,2026
Aarif Sheikh,ODIs,77,67,1604,27.655172413793103,65.65697912402784,0,9,2018,2026
N Dickwella,ODIs,55,52,1604,31.45098039215686,93.41875364006988,2,9,2014,2022
MD Gunathilaka,ODIs,47,46,1601,35.577777777777776,86.82212581344902,2,11,2015,2022
GM Turner,ODIs,41,40,1598,47,68.05792163543441,3,9,1973,1983
WIA Fernando,ODIs,51,50,1589,31.78,88.9199776161164,4,9,2016,2025
LPC Silva,ODIs,75,62,1587,28.854545454545455,70.40816326530613,1,13,1999,2011
SC Williams,ODIs,57,55,1586,32.36734693877551,66.02830974188177,1,12,1994,1999
Saleem Elahi,ODIs,48,47,1579,36.72093023255814,71.31887985546523,4,9,1995,2004
RL Dias,ODIs,58,55,1573,31.46,67.94816414686825,2,11,1979,1987
B McMullen,ODIs,47,42,1572,42.486486486486484,93.34916864608076,5,7,2022,2026
Salman Agha,ODIs,53,45,1566,42.32432432432432,95.66279780085523,3,9,2022,2026
DR Smith,ODIs,105,89,1560,18.571428571428573,92.6916221033868,0,8,2004,2015
UT Khawaja,ODIs,40,39,1554,42,84.0909090909091,2,12,2013,2019
IK Pathan,ODIs,120,87,1544,23.393939393939394,79.54662545079856,0,5,2004,2012
SR Mukkamalla,ODIs,44,43,1543,40.60526315789474,81.98724760892667,4,8,2022,2026
RN ten Doeschate,ODIs,33,32,1541,67,87.70631758679568,5,9,2006,2011
J Charles,ODIs,58,58,1537,26.5,85.24681087077094,2,7,2012,2023
HC Brook,ODIs,44,44,1530,38.25,104.93827160493827,3,8,2023,2026
DL Houghton,ODIs,63,60,1530,26.379310344827587,70.99767981438515,1,12,1983,1997
BA King,ODIs,58,58,1530,27.321428571428573,83.10700706137969,3,8,2019,2025
LRD Mendis,ODIs,79,74,1527,23.49230769230769,75.07374631268436,0,7,1975,1989
CR Woakes,ODIs,122,88,1524,23.8125,89.12280701754386,0,6,2011,2023
Azhar Mahmood,ODIs,143,110,1521,18.107142857142858,76.50905432595574,0,3,1996,2007
RS Morton,ODIs,56,51,1519,33.75555555555555,66.36085626911316,2,10,2002,2010
JJ Crowe,ODIs,75,71,1518,25.728813559322035,61.80781758957655,0,7,1983,1990
JM Kemp,ODIs,85,66,1512,31.5,83.12259483232546,1,10,2001,2007
RD Shah,ODIs,56,55,1506,27.88888888888889,65.53524804177546,1,12,1998,2007
Rohan Mustafa,ODIs,81,75,1504,21.485714285714284,63.56720202874049,1,7,2014,2023
MA Ouma,ODIs,80,77,1501,20.84722222222222,59.445544554455445,0,7,2004,2014
JDS Neesham,ODIs,76,65,1495,28.20754716981132,99.93315508021391,0,7,2013,2023
MP Stoinis,ODIs,71,64,1495,26.696428571428573,93.96605908233815,1,6,2015,2024
GH Dockrell,ODIs,134,95,1490,22.575757575757574,81.59912376779846,0,6,2010,2026
Rashid Khan,ODIs,123,95,1469,18.833333333333332,103.74293785310735,0,5,2015,2026
S Samarawickrama,ODIs,55,50,1456,32.355555555555554,90.60360920970753,1,8,2017,2025
HJH Marshall,ODIs,66,62,1454,27.433962264150942,73.06532663316582,1,12,2003,2007
DJ Malan,ODIs,30,30,1450,55.76923076923077,97.44623655913979,6,7,2019,2023
DD Ebrahim,ODIs,82,76,1443,20.614285714285714,56.811023622047244,1,4,2001,2005
R Ravindra,ODIs,39,35,1424,41.88235294117647,107.55287009063443,5,6,2023,2025
BFW de Leede,ODIs,61,56,1420,28.4,70.54148037754595,1,7,2018,2026
Nasir Jamshed,ODIs,48,48,1418,31.511111111111113,75.38543328017012,3,8,2008,2015
HA Gomes,ODIs,83,64,1415,28.877551020408163,54.887509697439874,1,6,1978,1987
N Boje,ODIs,115,71,1414,26.67924528301887,88.70765370138017,2,4,1995,2005
M van Lingen,ODIs,47,45,1414,35.35,88.93081761006289,5,6,2021,2026
MO Odumbe,ODIs,61,59,1409,26.09259259259259,69.96027805362462,0,11,1996,2003
P Utseya,ODIs,164,132,1406,16.738095238095237,58.34024896265561,0,4,2004,2015
L Ronchi,ODIs,85,68,1397,23.677966101694917,114.50819672131148,1,4,2008,2017
KM Jadhav,ODIs,73,52,1389,42.09090909090909,101.60936356986102,2,6,2014,2020
GP Howarth,ODIs,70,65,1384,23.066666666666666,60.14776184267709,0,6,1975,1985
TP Ura,ODIs,61,61,1363,22.716666666666665,77.53128555176336,1,6,2014,2023
JD Ryder,ODIs,48,42,1362,33.21951219512195,95.31140657802659,3,6,2008,2014
BC Broad,ODIs,34,34,1361,40.029411764705884,55.619125459746634,1,11,1987,1988
DO Obuya,ODIs,74,73,1355,19.357142857142858,63.46604215456675,0,6,2001,2012
Anamul Haque,ODIs,49,46,1352,29.391304347826086,74.77876106194691,3,5,2012,2024
W Barresi,ODIs,55,54,1352,27.591836734693878,76.16901408450704,1,8,2010,2025
Asad Shafiq,ODIs,60,58,1336,24.74074074074074,67.5088428499242,0,9,2010,2017
JN Frylinck,ODIs,60,56,1336,27.833333333333332,74.34613244296048,2,9,2019,2026
PG Fulton,ODIs,49,46,1334,32.53658536585366,72.77686852154937,1,8,2004,2009
Sabbir Rahman,ODIs,66,59,1333,25.634615384615383,91.23887748117727,1,6,2014,2019
Gulbadin Naib,ODIs,89,78,1332,19.880597014925375,75.38200339558574,0,5,2011,2025
KMDN Kulasekara,ODIs,184,123,1327,15.430232558139535,81.46101903007981,0,4,2003,2017
JR Hopes,ODIs,84,61,1326,25.0188679245283,93.71024734982332,0,3,2005,2010
SM Katich,ODIs,45,42,1324,35.78378378378378,68.7435098650052,1,9,2001,2006
C Campher,ODIs,47,39,1320,35.67567567567568,84.18367346938776,1,9,2020,2026
TLW Cooper,ODIs,32,31,1319,45.48275862068966,72.71223814773981,1,12,2010,2023
FDM Karunaratne,ODIs,50,46,1316,31.333333333333332,79.56469165659009,1,11,2011,2023
Javed Omar,ODIs,59,59,1312,23.854545454545455,51.89873417721519,0,10,1995,2007
Raqibul Hasan,ODIs,55,54,1308,27.829787234042552,61.32208157524614,0,8,2008,2011
AA Obanda,ODIs,49,45,1306,30.372093023255815,74.03628117913831,0,9,2007,2014
MS Sinclair,ODIs,54,50,1304,28.347826086956523,62.511984659635665,2,8,2000,2009
Vikramjit Singh,ODIs,47,46,1304,28.977777777777778,71.45205479452055,1,8,2022,2026
MD Shanaka,ODIs,71,63,1299,22.396551724137932,91.47887323943662,2,4,2016,2024
PN Kirsten,ODIs,40,40,1293,38.029411764705884,56.02253032928943,0,9,1991,1994
MJ Prior,ODIs,68,62,1282,24.18867924528302,76.76646706586826,0,3,2004,2011
Nasir Hossain,ODIs,65,52,1281,29.113636363636363,79.81308411214954,1,6,2011,2018
Zeeshan Maqsood,ODIs,48,47,1273,30.30952380952381,67.31887890005288,2,7,2019,2024
NR Mongia,ODIs,140,96,1272,20.19047619047619,68.9430894308943,0,2,1994,2000
C Munro,ODIs,57,53,1271,24.92156862745098,104.69522240527182,0,8,2013,2019
Asif Khan,ODIs,38,37,1270,38.484848484848484,80.94327597195667,3,7,2022,2025
JEC Franklin,ODIs,110,80,1270,23.962264150943398,76.92307692307693,0,4,2001,2013
AB Agarkar,ODIs,191,113,1269,14.586206896551724,80.62261753494282,0,3,1998,2007
Shoaib Mohammad,ODIs,63,58,1269,24.403846153846153,50.92295345104334,1,8,1984,1993
Basit Ali,ODIs,50,43,1265,34.189189189189186,75.79388855602157,1,9,1993,1996
SR Taylor,ODIs,49,49,1265,25.816326530612244,78.76712328767124,1,7,2019,2024
GD Phillips,ODIs,47,39,1262,42.06666666666667,103.18887980376124,2,5,2022,2026
MN Waller,ODIs,79,72,1259,19.075757575757574,76.81513117754729,0,5,2009,2018
Azmatullah Omarzai,ODIs,48,40,1254,40.45161290322581,98.50746268656717,1,9,2021,2026
RL Chase,ODIs,73,57,1244,26.46808510638298,78.58496525584333,0,6,2017,2026
SP O'Donnell,ODIs,87,64,1242,25.346938775510203,80.96479791395046,0,9,1985,1991
RR Rossouw,ODIs,36,35,1239,38.71875,94.36405178979437,3,7,2014,2016
Harbhajan Singh,ODIs,236,128,1237,13.301075268817204,81.06159895150721,0,0,1998,2015
SG Law,ODIs,54,51,1237,26.891304347826086,75.28910529519173,1,7,1994,1999
Alok Kapali,ODIs,69,66,1235,19.603174603174605,67.96917996697853,1,5,2002,2011
Aqib Ilyas,ODIs,32,30,1234,44.07142857142857,75.01519756838906,2,9,2019,2024
GM Hamilton,ODIs,38,38,1231,35.17142857142857,66.6486193827829,2,7,1999,2010
D Mongia,ODIs,57,51,1230,27.954545454545453,71.47007553747821,1,4,2001,2007
RW Marsh,ODIs,92,76,1225,20.081967213114755,82.26997985224983,0,4,1971,1984
HDPK Dharmasena,ODIs,141,87,1222,22.62962962962963,65.03459286854711,0,4,1994,2004
Shaiman Anwar,ODIs,40,40,1219,31.256410256410255,82.53215978334461,1,11,2014,2019
Noor Ali Zadran,ODIs,51,50,1216,24.816326530612244,63.23452938117524,1,7,2009,2019
Milind Kumar,ODIs,29,27,1214,63.89473684210526,97.90322580645162,4,7,2024,2026
TM Moody,ODIs,76,64,1211,23.28846153846154,69.31883228391528,0,10,1987,1999
Junaid Siddique,ODIs,54,53,1196,23,68.22589845978322,1,6,2007,2011
Mohammad Rafique,ODIs,125,106,1191,13.382022471910112,71.61755862898377,0,2,1995,2007
RW Chakabva,ODIs,61,57,1188,22,67.84694460308394,1,4,2008,2022
JJ Smit,ODIs,62,55,1179,24.5625,78.23490378234904,0,3,2019,2026
B Lee,ODIs,221,110,1176,17.818181818181817,83.5820895522388,0,3,2000,2012
JA Rudolph,ODIs,45,39,1174,35.57575757575758,68.05797101449275,0,7,2003,2006
JN Loftie-Eaton,ODIs,58,53,1171,27.232558139534884,75.11225144323285,0,7,2021,2026
ZE Green,ODIs,63,53,1166,23.79591836734694,77.62982689747004,0,4,2019,2026
PW Hasaranga,ODIs,71,58,1142,23.306122448979593,109.91337824831568,0,5,2017,2026
Nawroz Mangal,ODIs,49,48,1139,27.11904761904762,75.33068783068782,2,4,2009,2016
CJA Amini,ODIs,49,49,1128,23.5,67.38351254480287,1,7,2014,2023
T Mishra,ODIs,42,40,1128,34.18181818181818,73.53324641460235,0,8,2006,2013
PL Mommsen,ODIs,44,42,1115,30.97222222222222,69.04024767801857,2,6,2010,2017
MF Maharoof,ODIs,109,75,1113,19.526315789473685,86.01236476043277,0,2,2004,2016
CJ Anderson,ODIs,49,45,1109,27.725,108.72549019607843,1,4,2013,2017
HS Modi,ODIs,63,56,1109,23.595744680851062,58.18467995802729,0,5,1996,2006
Ishan Kishan,ODIs,32,28,1107,42.57692307692308,107.05996131528046,2,7,2021,2026
ES Szwarczynski,ODIs,41,40,1102,29.783783783783782,68.23529411764706,0,10,2006,2014
JP Inglis,ODIs,43,39,1100,30.555555555555557,99.63768115942028,2,6,2022,2026
VS Solanki,ODIs,51,46,1097,26.75609756097561,72.93882978723404,2,5,2000,2006
B Zuiderent,ODIs,57,56,1097,23.847826086956523,58.56914041644421,0,8,1996,2011
LJ Tucker,ODIs,62,52,1094,23.782608695652176,83.63914373088684,0,5,2019,2026
PA Strang,ODIs,95,73,1090,22.244897959183675,66.0205935796487,0,0,1994,2001
S Bau,ODIs,57,57,1089,20.166666666666668,61.769710720363015,0,5,2016,2023
J Liyanage,ODIs,39,33,1089,41.88461538461539,87.68115942028986,1,7,2024,2026
G Boycott,ODIs,36,34,1082,36.06666666666667,53.56435643564357,1,9,1971,1981
F Behardien,ODIs,59,49,1074,30.685714285714287,97.90337283500456,0,6,2013,2018
Ayaan Khan,ODIs,41,38,1072,29.77777777777778,75.12263489838823,1,5,2021,2024
NL McCullum,ODIs,84,62,1070,20.980392156862745,87.70491803278688,0,4,2009,2015
Asif Mujtaba,ODIs,66,55,1068,26.048780487804876,63.91382405745063,1,6,1986,1996
DW Randall,ODIs,49,45,1067,26.675,62.69095182138661,0,5,1976,1985
DS Smith,ODIs,47,45,1059,24.627906976744185,70.3187250996016,1,5,2003,2013
MS Chapman,ODIs,37,33,1057,36.44827586206897,104.13793103448276,3,5,2015,2026
JK Kamande,ODIs,86,72,1055,17.295081967213115,62.61127596439169,0,3,1999,2011
IDS Smith,ODIs,98,77,1055,17.295081967213115,99.43449575871819,0,3,1980,1992
C Kieswetter,ODIs,46,40,1054,30.114285714285714,89.93174061433447,1,5,2010,2013
Basil Hameed,ODIs,49,45,1051,24.441860465116278,73.85804638088545,0,5,2019,2026
Javed Ahmadi,ODIs,47,44,1049,23.84090909090909,76.01449275362319,0,7,2010,2021
KH Prajapati,ODIs,37,36,1048,29.11111111111111,74.64387464387464,2,6,2021,2024
KD Mills,ODIs,170,101,1047,15.626865671641792,81.66926677067082,0,2,2001,2015
JM How,ODIs,41,37,1046,29.055555555555557,66.53944020356234,1,7,2005,2011
Pargat Singh,ODIs,34,32,1045,33.70967741935484,74.74964234620887,1,7,2023,2026
Tanzid Hasan,ODIs,40,39,1044,27.473684210526315,101.35922330097087,1,9,2023,2026
MG Bracewell,ODIs,48,41,1042,35.93103448275862,107.53353973168214,2,3,2022,2026
AD Russell,ODIs,56,47,1034,27.210526315789473,130.22670025188916,0,4,2011,2019
B Sharki,ODIs,41,38,1034,29.542857142857144,66.79586563307494,1,4,2022,2026
JP Faulkner,ODIs,69,52,1032,34.4,104.24242424242425,1,4,2013,2017
DSBP Kuruppu,ODIs,54,52,1022,20.03921568627451,51.66835187057634,0,4,1983,1990
AG Prince,ODIs,52,41,1018,35.10344827586207,67.7762982689747,0,3,2002,2007
SK Warne,ODIs,194,107,1018,13.051282051282051,72.04529370134466,0,1,1993,2005
Gulsan Jha,ODIs,53,45,1015,29,81.85483870967742,0,6,2021,2026
Muhammad Usman,ODIs,38,37,1008,31.5,76.82926829268293,1,4,2016,2022
SM Patil,ODIs,45,42,1005,24.51219512195122,82.17497955846281,0,9,1980,1986
KOA Powell,ODIs,46,44,1005,22.84090909090909,78.63849765258216,0,9,2009,2018
Rajin Saleh,ODIs,43,43,1005,23.928571428571427,54.828150572831426,1,6,2003,2006
PW Borren,ODIs,58,50,1004,22.31111111111111,85.37414965986395,0,5,2006,2014
NFI McCallum,ODIs,43,42,1002,27.833333333333332,69.05582356995176,2,4,2006,2011
C Green,ODIs,40,36,991,38.11538461538461,82.85953177257525,1,4,2020,2026
Khaled Mahmud,ODIs,77,72,991,14.36231884057971,67.83025325119782,0,1,1998,2006
PD Salt,ODIs,33,31,988,31.870967741935484,114.75029036004645,1,5,2021,2025
BL Cairns,ODIs,78,65,987,16.728813559322035,104.88841657810839,0,2,1974,1985
MJ Slater,ODIs,42,42,987,24.073170731707318,60.40391676866585,0,9,1993,1997
Imad Wasim,ODIs,55,40,986,42.869565217391305,110.29082774049218,0,5,2015,2020
G Singh,ODIs,32,32,986,36.51851851851852,83.70118845500849,1,6,2021,2023
MJ Horne,ODIs,50,48,980,20.416666666666668,64.68646864686468,0,5,1997,2002
R Powell,ODIs,51,48,979,21.755555555555556,84.90893321769298,1,2,2016,2023
Akram Khan,ODIs,44,44,976,23.238095238095237,56.71121441022661,0,5,1988,2003
Naeem Islam,ODIs,59,51,975,27.083333333333332,66.19144602851324,0,5,2008,2014
RR Hendricks,ODIs,38,38,974,27.055555555555557,77.05696202531645,1,7,2018,2024
DF Watts,ODIs,36,35,974,28.647058823529413,62.475946119307245,1,9,2006,2011
AU Rashid,ODIs,164,88,972,16.47457627118644,93.10344827586206,0,1,2009,2026
Waqar Younis,ODIs,262,139,969,10.308510638297872,67.05882352941175,0,0,1989,2003
Fawad Alam,ODIs,38,36,966,40.25,74.47956823438705,1,6,2007,2015
SA Thomson,ODIs,56,52,964,22.952380952380953,67.55430974071479,0,5,1990,1996
JF Mooney,ODIs,64,55,963,23.48780487804878,79.25925925925927,0,3,2006,2015
GM Ritchie,ODIs,44,42,959,27.4,64.84110885733604,0,6,1982,1987
JN Malan,ODIs,23,22,958,47.9,83.30434782608695,3,4,2020,2022
RR Watson,ODIs,35,35,956,30.838709677419356,74.33903576982893,1,6,2006,2010
MD Marshall,ODIs,136,83,955,14.921875,76.64526484751204,0,2,1980,1992
SF Mire,ODIs,47,47,955,20.319148936170212,80.25210084033614,1,3,2014,2019
Shadab Khan,ODIs,73,46,955,28.08823529411765,83.55205599300088,0,5,2017,2026
MG Johnson,ODIs,153,91,951,16.11864406779661,96.35258358662614,0,2,2005,2015
RS Madugalle,ODIs,63,56,950,18.627450980392158,60.35578144853876,0,3,1979,1988
CP Rizwan,ODIs,42,40,948,27.88235294117647,57.87545787545788,1,4,2019,2024
Chirag Suri,ODIs,37,37,946,25.56756756756757,62.81540504648074,2,5,2018,2023
NT Broom,ODIs,39,39,943,26.942857142857143,81.22308354866495,1,5,2009,2017
RP Burl,ODIs,52,44,938,24.68421052631579,79.55894826123834,0,6,2017,2024
A Kumble,ODIs,271,136,938,10.539325842696629,61.067708333333336,0,0,1990,2007
Rameez Shahzad,ODIs,26,26,936,40.69565217391305,80.41237113402062,2,5,2016,2023
CM Spearman,ODIs,51,50,936,18.72,77.87021630615641,0,5,1995,2001
RV Uthappa,ODIs,46,42,934,25.944444444444443,90.59165858389913,0,6,2006,2015
LS Livingstone,ODIs,39,36,932,31.066666666666666,108.12064965197217,1,4,2021,2025
MRJ Watt,ODIs,92,64,932,21.674418604651162,82.69742679680569,0,2,2016,2026
L Siaka,ODIs,47,47,931,19.80851063829787,75.20193861066235,1,2,2014,2022
H Thaker,ODIs,33,31,930,33.214285714285715,65.86402266288952,2,4,2023,2026
AN Kervezee,ODIs,39,36,924,28,73.15914489311164,0,4,2006,2012
W Madhevere,ODIs,46,43,921,21.41860465116279,78.65072587532023,0,7,2020,2026
AR McBrine,ODIs,96,65,920,18.4,71.48407148407149,0,2,2014,2025
AR Patel,ODIs,74,52,918,23.53846153846154,92.26130653266331,0,4,2014,2026
S Dhaniram,ODIs,44,41,915,24.72972972972973,81.26110124333925,0,6,2006,2010
AJ Hall,ODIs,88,56,905,21.046511627906977,75.04145936981757,0,3,1999,2007
SJ Modani,ODIs,34,34,900,26.470588235294116,63.1578947368421,1,6,2021,2024
AT Nidamanuru,ODIs,41,37,893,27.060606060606062,91.49590163934425,2,4,2022,2025
TD Paine,ODIs,35,35,890,27.8125,70.80350039777248,1,5,2009,2018
JWA Taylor,ODIs,27,26,887,42.23809523809524,80.12646793134599,1,7,2011,2015
SK Patel,ODIs,27,27,885,35.4,80.30852994555354,1,5,2024,2026
AL Phehlukwayo,ODIs,85,57,883,23.236842105263158,85.97857838364168,0,2,2016,2024
J Srinath,ODIs,229,121,883,10.63855421686747,79.62128043282236,0,1,1991,2003
Yashpal Sharma,ODIs,42,40,883,28.483870967741936,63.026409707351895,0,4,1978,1985
MP Breetzke,ODIs,17,16,881,58.733333333333334,98.10690423162583,2,6,2025,2026
G Malla,ODIs,37,37,876,24.333333333333332,66.46433990895297,0,7,2018,2023
SE Rutherford,ODIs,31,28,873,36.375,99.09194097616346,1,8,2023,2026
TT Bresnan,ODIs,85,64,871,19.795454545454547,90.25906735751296,0,1,2006,2015
RR Pant,ODIs,31,27,871,33.5,106.21951219512195,1,5,2018,2024
SHT Kandamby,ODIs,39,36,870,29,69.6,0,5,2004,2014
AC Voges,ODIs,31,28,870,45.78947368421053,87.17434869739479,1,4,2007,2013
Shayan Jahangir,ODIs,36,33,869,31.035714285714285,91.86046511627907,2,3,2022,2026
DJ Richardson,ODIs,122,77,868,19.727272727272727,66.87211093990754,0,1,1991,1998
MA Vermeulen,ODIs,43,43,868,22.256410256410255,70.74164629176855,0,6,2000,2009
HK Badani,ODIs,40,36,867,33.34615384615385,73.47457627118644,1,4,2000,2004
GO Jones,ODIs,51,43,862,24.62857142857143,77.17099373321396,0,4,2004,2014
Mohammad Nadeem,ODIs,42,36,862,41.04761904761905,63.94658753709199,0,6,2019,2025
TT Samaraweera,ODIs,53,42,862,27.806451612903224,69.29260450160771,2,0,1998,2011
SB Smith,ODIs,28,24,861,39.13636363636363,65.27672479150873,2,8,1983,1985
DL Amiss,ODIs,18,18,859,47.72222222222222,72.48945147679325,4,1,1972,1977
T de Zorzi,ODIs,26,24,856,38.90909090909091,95.85666293393056,1,4,2023,2026
RA Harper,ODIs,105,73,855,16.132075471698112,73.58003442340791,0,0,1983,1996
WB Phillips,ODIs,48,41,852,24.34285714285714,85.71428571428571,0,6,1982,1986
CWJ Athey,ODIs,31,30,848,31.40740740740741,56.72240802675586,2,4,1980,1988
RS Kalpage,ODIs,86,69,844,20.585365853658537,63.93939393939394,0,1,1992,1999
MAR Samarasekera,ODIs,39,39,844,22.81081081081081,69.92543496271747,0,4,1983,1994
D Ganga,ODIs,35,34,843,25.545454545454547,59.618104667609614,0,9,1999,2006
CA Ingram,ODIs,31,29,843,32.42307692307692,82.32421875,3,3,2010,2013
Shoaib Khan,ODIs,31,31,843,31.22222222222222,83.7972166998012,1,7,2021,2024
SSJ Brooks,ODIs,29,29,842,30.071428571428573,75.58348294434471,1,4,2022,2023
BM McMillan,ODIs,78,52,841,23.36111111111111,73.32170880557977,1,0,1991,1998
N Vanua,ODIs,57,53,837,17.081632653061224,81.42023346303502,0,2,2014,2023
CK Coventry,ODIs,39,35,831,24.441176470588236,88.68729989327642,1,3,2003,2015
Anshuman Rath,ODIs,18,18,828,51.75,76.66666666666667,1,7,2014,2018
PJ Moor,ODIs,49,45,827,20.675,67.51020408163265,0,4,2014,2019
DW Hookes,ODIs,39,36,826,24.294117647058822,72.07678883071553,0,5,1977,1986
PJ Hughes,ODIs,25,24,826,35.91304347826087,75.09090909090908,2,4,2013,2014
AI Kallicharran,ODIs,31,28,826,34.416666666666664,62.151993980436416,0,6,1973,1981
JR Ratnayeke,ODIs,78,69,824,14.981818181818182,52.45066836409929,0,1,1982,1990
Sompal Kami,ODIs,75,57,823,20.073170731707318,76.274328081557,0,3,2018,2026
GN Yallop,ODIs,30,27,823,39.19047619047619,63.89751552795031,0,7,1978,1984
AC Waller,ODIs,39,38,818,23.37142857142857,69.7952218430034,0,4,1987,1997
Kushal Malla,ODIs,40,36,813,24.636363636363637,89.53744493392071,1,4,2020,2025
Sharjeel Khan,ODIs,25,25,812,32.48,113.40782122905028,1,6,2013,2017
YK Pathan,ODIs,57,41,810,27,113.60448807854138,2,3,2008,2012
WG Jacks,ODIs,29,26,802,34.869565217391305,100.88050314465409,0,5,2023,2026
Mosaddek Hossain,ODIs,49,40,801,28.607142857142858,87.35005452562704,0,5,2016,2026
JM Davison,ODIs,32,32,799,26.633333333333333,104.17209908735332,1,5,2003,2011
Aminul Islam,ODIs,39,39,794,23.352941176470587,56.59301496792587,0,3,1988,2002
Z Khan,ODIs,200,101,792,12,73.46938775510205,0,0,2000,2012
GB Hogg,ODIs,123,65,790,20.256410256410255,78.60696517412936,0,2,1996,2008
Majid Khan,ODIs,23,22,786,37.42857142857143,74.7148288973384,1,7,1973,1982
S Wettimuny,ODIs,35,33,786,24.5625,48.044009779951104,0,4,1982,1987
Babar Hayat,ODIs,22,22,784,39.2,78.47847847847848,0,8,2014,2018
R Lamba,ODIs,32,31,783,27,67.15265866209262,1,6,1986,1989
IH Romaine,ODIs,35,34,783,25.258064516129032,64.07528641571196,1,4,2006,2009
JA Morkel,ODIs,58,43,782,23.696969696969695,100.25641025641025,0,2,2004,2012
Wasim Raja,ODIs,54,45,782,22.34285714285714,66.95205479452055,0,2,1973,1985
Sohaib Maqsood,ODIs,29,28,781,30.03846153846154,83.52941176470588,0,5,2013,2021
Abdur Razzak,ODIs,153,97,779,13.431034482758621,76.37254901960785,0,1,2004,2014
AR White,ODIs,61,46,776,18.046511627906977,62.83400809716599,0,1,2006,2014
SA Yadav,ODIs,37,35,773,25.766666666666666,105.02717391304348,0,4,2021,2023
Saleem Yousuf,ODIs,86,62,768,17.86046511627907,75,0,4,1982,1990
CN Evans,ODIs,53,47,764,18.19047619047619,75.94433399602386,0,2,1992,2002
Rizwan Cheema,ODIs,33,32,764,24.64516129032258,111.53284671532846,0,6,2008,2013
KWR Fletcher,ODIs,24,22,757,39.8421052631579,66.75485008818343,1,5,1971,1982
J Dyson,ODIs,29,27,755,32.82608695652174,48.61558274307791,0,4,1980,1983
Saim Ayub,ODIs,17,17,751,46.9375,100,3,3,2024,2025
CA Soper,ODIs,56,54,751,19.763157894736842,57.11026615969582,0,0,2016,2023
AG Cremer,ODIs,97,72,745,14.326923076923077,62.083333333333336,0,1,2009,2026
AR Cusack,ODIs,59,47,745,22.575757575757574,64.27955133735979,0,2,2007,2015
G Fowler,ODIs,26,26,744,31,56.32096896290689,0,4,1983,1986
DT Johnston,ODIs,67,53,743,19.55263157894737,94.64968152866243,0,0,2006,2013
C de Grandhomme,ODIs,45,35,742,26.5,106.1516452074392,0,4,2012,2022
Manzoor Elahi,ODIs,54,46,741,22.454545454545453,89.60096735187423,0,1,1984,1995
AM Samad,ODIs,27,27,740,29.6,70.81339712918661,1,2,2003,2009
TG Southee,ODIs,161,96,740,12.131147540983607,95.9792477302205,0,1,2008,2023
Wahab Riaz,ODIs,91,66,740,14.509803921568627,87.16136631330977,0,3,2008,2020
Abdullah Shafique,ODIs,27,27,737,29.48,78.07203389830508,1,6,2022,2025
PA Patel,ODIs,38,34,736,23.741935483870968,76.50727650727652,0,4,2003,2012
MW Machan,ODIs,23,22,734,33.36363636363637,77.10084033613445,1,3,2013,2016
CJ Nevin,ODIs,37,36,732,20.333333333333332,73.2,0,4,2000,2003
Sediqullah Atal,ODIs,18,17,732,43.05882352941177,86.93586698337292,2,3,2024,2026
K Doriga,ODIs,39,38,730,20.27777777777778,60.985797827903085,0,4,2017,2023
Karan KC,ODIs,75,56,729,16.2,90,0,1,2018,2026
CJ Tavare,ODIs,29,28,720,27.692307692307693,48.94629503738953,0,4,1980,1984
MA Ealham,ODIs,64,45,716,17.463414634146343,65.56776556776556,0,0,1996,2001
IJ Harvey,ODIs,73,51,715,17.875,88.16276202219481,0,0,1997,2004
Mohammad Mithun,ODIs,34,30,714,27.46153846153846,77.52442996742671,0,6,2014,2021
Afif Hossain,ODIs,38,33,713,27.423076923076923,86.42424242424242,0,3,2020,2026
JG Bethell,ODIs,24,22,712,33.904761904761905,90.5852417302799,1,6,2024,2026
Saqlain Mushtaq,ODIs,169,98,711,11.85,49.58158995815899,0,0,1995,2003
R Ashwin,ODIs,116,63,707,16.441860465116278,86.96186961869618,0,1,2010,2023
LJ Wright,ODIs,50,39,707,20.2,86.21951219512195,0,2,2007,2014
NR Kirton,ODIs,32,29,706,28.24,75.99569429494079,0,6,2023,2026
J Mubarak,ODIs,40,37,704,22.70967741935484,63.139013452914796,0,4,2002,2013
SW Billings,ODIs,28,23,702,33.42857142857143,91.05058365758755,1,5,2015,2022
PA Wallace,ODIs,33,33,701,21.242424242424242,60.90356211989574,1,2,1991,2000
SM Ervine,ODIs,42,34,698,25.85185185185185,85.5392156862745,1,2,2001,2004
PL Symcox,ODIs,80,54,694,16.926829268292682,83.61445783132531,0,3,1993,1999
PAJ DeFreitas,ODIs,103,66,690,16.046511627906977,83.83961117861483,0,1,1987,1997
N Deonarine,ODIs,31,29,682,26.23076923076923,68.95854398382204,0,4,2005,2015
R Chopra,ODIs,22,21,681,37.833333333333336,81.26491646778044,3,2,2024,2026
JR Murray,ODIs,55,36,678,22.6,72.98170075349839,0,5,1992,1999
A Sharma,ODIs,28,28,678,24.214285714285715,77.30900798175598,1,4,2023,2026
Nizakat Khan,ODIs,20,20,675,33.75,82.92383292383292,0,3,2014,2018
M Muralidaran,ODIs,350,162,674,6.808080808080808,77.56041426927503,0,0,1993,2011
IM Chappell,ODIs,16,16,673,48.07142857142857,77.00228832951946,0,8,1971,1980
DA Marillier,ODIs,48,41,672,18.16216216216216,70.8113804004215,1,3,2000,2003
UC Hathurusingha,ODIs,35,33,669,20.90625,50.758725341426405,0,4,1992,1999
SM Curran,ODIs,44,33,668,22.266666666666666,88.12664907651715,0,2,2018,2026
AC Botha,ODIs,42,38,666,19.58823529411765,68.65979381443299,0,2,2006,2011
Hammad Mirza,ODIs,20,20,665,36.94444444444444,72.04767063921993,1,4,2024,2026
CJ Ferguson,ODIs,30,25,663,41.4375,85.32818532818533,0,5,2009,2011
DJ Willey,ODIs,73,46,663,24.555555555555557,95.67099567099568,0,2,2015,2023
KR Mayers,ODIs,28,26,660,25.384615384615383,85.16129032258064,2,2,2021,2023
SM Sharif,ODIs,97,63,654,19.818181818181817,78.22966507177034,0,0,2011,2026
Aayan Afzal Khan,ODIs,43,38,647,22.310344827586206,71.570796460177,0,3,2022,2026
M Jansen,ODIs,34,29,647,26.958333333333332,114.31095406360423,0,3,2022,2026
LE Plunkett,ODIs,89,50,646,20.838709677419356,102.7027027027027,0,1,2005,2019
S Ramesh,ODIs,24,24,646,28.08695652173913,59.15750915750916,0,6,1999,1999
Qasim Umar,ODIs,31,31,642,22.928571428571427,57.06666666666666,0,4,1983,1987
Abdul Qadir,ODIs,104,68,641,15.261904761904763,75.50058892815076,0,0,1983,1993
DL Hemp,ODIs,22,22,641,33.73684210526316,70.28508771929825,1,4,2006,2009
CEL Ambrose,ODIs,176,96,639,10.65,64.8730964467005,0,0,1988,2000
BMAJ Mendis,ODIs,58,44,636,18.705882352941178,82.70481144343303,0,1,2010,2019
JF Reid,ODIs,25,24,633,27.52173913043478,58.39483394833949,0,4,1980,1986
DLS van Bunge,ODIs,37,31,633,21.1,66.4218258132214,0,3,2002,2013
PSP Handscomb,ODIs,22,20,632,33.26315789473684,97.38058551617874,1,4,2017,2019
JN Mohammed,ODIs,36,31,630,21.724137931034484,66.9500531349628,0,4,2011,2021
RMH Binny,ODIs,72,49,629,16.128205128205128,60.133843212237096,0,1,1980,1987
GR Larsen,ODIs,121,70,629,14.627906976744185,64.84536082474227,0,0,1990,1999
AM Blignaut,ODIs,54,41,626,18.96969696969697,106.28183361629881,0,5,1999,2010
Khawar Ali,ODIs,34,29,626,27.217391304347824,59.168241965973536,0,4,2019,2022
DJ Nash,ODIs,81,53,624,15.6,66.38297872340425,0,0,1992,2002
DN Patel,ODIs,75,63,623,11.754716981132075,71.7741935483871,0,1,1987,1997
RR Patel,ODIs,39,35,621,20.032258064516128,63.49693251533742,0,2,2008,2014
GRJ Matthews,ODIs,59,50,619,16.72972972972973,67.94731064763995,0,1,1984,1993
PHKD Mendis,ODIs,32,30,619,25.791666666666668,79.66537966537966,0,4,2019,2026
R Mutumbami,ODIs,36,34,618,19.3125,72.96340023612751,0,3,2014,2020
WV Raman,ODIs,27,27,617,23.73076923076923,55.635707844905326,1,3,1988,1996
GJ Rennie,ODIs,40,37,617,19.903225806451612,66.48706896551724,0,2,1996,2003
JM Vince,ODIs,25,22,616,28,87.62446657183499,1,3,2015,2023
Iftikhar Ahmed,ODIs,28,24,614,38.375,106.59722222222223,1,1,2015,2023
SFAF Bacchus,ODIs,29,26,612,26.608695652173914,65.94827586206897,0,3,1978,1983
I Kaia,ODIs,25,25,612,26.608695652173914,65.1063829787234,1,3,2022,2026
RJ Ratnayake,ODIs,70,55,612,16.54054054054054,86.80851063829788,0,0,1982,1993
R Trumpelmann,ODIs,60,47,611,16.07894736842105,84.86111111111111,0,2,2021,2026
MA Starc,ODIs,132,79,610,11.96078431372549,77.21518987341773,0,1,2010,2026
J Botha,ODIs,78,50,609,19.03125,85.77464788732394,0,0,2005,2012
D Gough,ODIs,159,87,609,12.428571428571429,64.30834213305174,0,0,1994,2006
JP Greaves,ODIs,26,24,607,31.94736842105263,96.34920634920636,1,1,2022,2026
AJ Hollioake,ODIs,35,30,606,25.25,75.09293680297398,0,3,1996,1999
S Movva,ODIs,30,27,605,31.842105263157894,66.85082872928176,0,4,2024,2026
RIC Holder,ODIs,37,31,599,23.96,68.37899543378995,0,2,1993,1997
RT Robinson,ODIs,26,26,597,22.96153846153846,58.187134502923975,0,3,1984,1988
XM Marshall,ODIs,37,37,596,17.529411764705884,66.07538802660754,1,1,2005,2020
BM Laird,ODIs,23,23,594,29.7,53.755656108597286,1,2,1979,1982
Mansoor Akhtar,ODIs,41,35,593,17.441176470588236,51.65505226480837,0,0,1980,1990
Simi Singh,ODIs,35,30,593,22.807692307692307,72.76073619631902,1,1,2017,2022
W Larkins,ODIs,25,24,591,24.625,56.446991404011456,1,0,1979,1991
LOB Cann,ODIs,26,25,590,26.818181818181817,117.06349206349206,0,1,2006,2009
MB Kruger,ODIs,27,26,587,22.576923076923077,64.71885336273428,0,3,2024,2026
RJ Nicol,ODIs,22,21,586,30.842105263157894,75.51546391752578,2,2,2011,2013
SB Joshi,ODIs,69,45,584,17.176470588235293,89.43338437978561,0,1,1996,2001
JP Kotze,ODIs,26,26,584,23.36,74.77592829705506,1,1,2019,2025
Sandeep Goud,ODIs,39,30,584,25.391304347826086,73,0,3,2019,2024
RT Latham,ODIs,33,33,583,20.103448275862068,57.837301587301596,0,1,1990,1994
FH Allen,ODIs,22,21,582,27.714285714285715,93.26923076923077,0,5,2022,2023
Khurram Khan,ODIs,16,16,582,41.57142857142857,80.27586206896552,1,3,2004,2015
L Louwrens,ODIs,26,25,582,23.28,58.72855701311806,0,3,2022,2024
JL Carter,ODIs,33,28,581,23.24,70.68126520681265,0,3,2015,2019
DAS Gunaratne,ODIs,31,25,575,27.38095238095238,79.41988950276243,1,1,2016,2019
BJ Hodge,ODIs,25,21,575,30.263157894736842,87.51902587519027,1,3,2005,2007
MJR Rindel,ODIs,22,22,575,27.38095238095238,66.86046511627907,1,2,1994,1999
WD Parnell,ODIs,73,43,574,20.5,79.39142461964039,0,1,2009,2023
Tushar Imran,ODIs,41,40,574,14.35,59.175257731958766,0,2,2001,2007
CD Wallace,ODIs,32,28,574,21.25925925925926,91.11111111111111,0,4,2012,2022
BJ Watling,ODIs,28,25,573,24.91304347826087,68.37708830548927,0,5,2010,2018
C White,ODIs,51,41,568,15.777777777777779,61.206896551724135,0,1,1994,2003
SL Malinga,ODIs,226,119,567,6.831325301204819,74.50722733245729,0,1,2004,2019
RM Haq,ODIs,54,40,566,16.647058823529413,60.794844253490865,0,3,2006,2015
MK Pandey,ODIs,29,24,566,33.294117647058826,90.56,1,2,2015,2021
KS More,ODIs,94,65,563,13.093023255813954,69.67821782178217,0,0,1984,1993
FDW McCreath,ODIs,20,17,561,33,72.2007722007722,1,3,2025,2026
CR Brathwaite,ODIs,44,37,559,16.441176470588236,91.04234527687296,1,1,2011,2019
Mominul Haque,ODIs,28,26,557,22.28,74.36582109479306,0,3,2012,2018
Aamer Malik,ODIs,24,23,556,25.272727272727273,56.21840242669363,0,5,1988,1994
RJ Peterson,ODIs,79,41,556,20.59259259259259,80.81395348837209,0,1,2002,2014
B Kumar,ODIs,121,55,552,14.153846153846153,73.89558232931726,0,1,2012,2022
RD Rickelton,ODIs,19,19,552,32.470588235294116,87.06624605678233,1,2,2023,2026
GS Blewett,ODIs,32,30,551,20.40740740740741,61.97975253093363,0,2,1995,1999
PJ Cummins,ODIs,91,60,548,14.421052631578947,77.29196050775741,0,0,2011,2026
TJ Friend,ODIs,51,39,548,16.11764705882353,75.69060773480662,0,3,2000,2004
T Duffin,ODIs,23,23,546,23.73913043478261,54.98489425981873,0,3,2006,2007
Mohammad Wasim,ODIs,25,25,543,23.608695652173914,52.06136145733461,0,3,1996,2000
AP Kuiper,ODIs,25,23,539,33.6875,81.41993957703929,0,3,1991,1996
NRJ Croes,ODIs,27,24,538,25.61904761904762,76.52916073968706,0,2,2023,2026
Mohammad Nawaz (3),ODIs,44,33,538,21.52,89.51747088186356,0,2,2016,2025
P Willey,ODIs,26,24,538,23.391304347826086,62.92397660818714,0,5,1977,1986
MC Snedden,ODIs,93,54,535,15.285714285714286,63.4638196915777,0,1,1980,1990
K Verreynne,ODIs,19,16,533,38.07142857142857,90.64625850340136,0,5,2020,2025
Athar Ali Khan,ODIs,19,19,532,29.555555555555557,56.2962962962963,0,3,1988,1998
JD Campbell,ODIs,17,15,532,38,109.46502057613168,2,1,2019,2026
IS Billcliff,ODIs,19,19,529,27.842105263157894,66.70870113493065,0,4,2003,2009
SCJ Broad,ODIs,121,68,529,12.30232558139535,74.61212976022567,0,0,2006,2016
NN Odhiambo,ODIs,69,53,528,12,71.64179104477611,0,1,2006,2014
SJ Myburgh,ODIs,22,22,527,26.35,79.60725075528701,0,4,2011,2022
LV van Beek,ODIs,38,35,526,21.916666666666668,82.574568288854,0,1,2021,2026
Naved-ul-Hasan,ODIs,74,51,524,15.878787878787879,84.51612903225806,0,0,2003,2010
Amjad Ali,ODIs,17,17,520,30.58823529411765,76.47058823529412,0,3,2008,2015
LK Germon,ODIs,37,31,519,19.96153846153846,65.94663278271918,0,3,1994,1997
DN Wellalage,ODIs,37,30,519,22.565217391304348,87.22689075630252,0,1,2022,2026
A Johnson,ODIs,23,22,518,23.545454545454547,98.292220113852,0,4,2023,2026
Mudassar Bukhari,ODIs,46,34,516,17.2,76.90014903129658,0,2,2007,2014
TAM Siriwardana,ODIs,27,24,516,22.434782608695652,98.28571428571429,0,3,2015,2019
KM Dabengwa,ODIs,37,34,514,19.037037037037038,60.39952996474736,0,0,2005,2010
AS Joseph,ODIs,91,52,514,14.685714285714285,75.366568914956,0,0,2016,2026
PK Amre,ODIs,37,30,513,20.52,64.20525657071339,0,2,1991,1994
Dawlat Zadran,ODIs,82,56,513,17.689655172413794,77.2590361445783,0,0,2011,2019
KD Walters,ODIs,28,24,513,28.5,70.08196721311475,0,2,1971,1981
JG Bracewell,ODIs,53,43,512,16.516129032258064,71.40864714086472,0,0,1983,1990
DP Viljoen,ODIs,53,43,512,14.222222222222221,61.9105199516324,0,2,1997,2001
JM Brearley,ODIs,25,24,510,24.285714285714285,45.535714285714285,0,3,1977,1980
SV Samson,ODIs,16,14,510,56.666666666666664,99.609375,1,3,2021,2023
BJ Curran,ODIs,14,14,508,42.333333333333336,74.48680351906158,2,2,2024,2026
MA Jones,ODIs,19,17,506,29.764705882352942,70.37552155771905,0,3,2018,2026
AO Suji,ODIs,60,46,506,12.974358974358974,51.79119754350051,0,1,1996,2008
CN Ackermann,ODIs,21,19,505,28.055555555555557,76.39939485627836,0,4,2021,2025
S Lamichhane,ODIs,79,53,504,12.923076923076923,83.86023294509151,0,0,2018,2026
AN Petersen,ODIs,21,19,504,28,82.62295081967214,0,4,2006,2013
Taufeeq Umar,ODIs,22,22,504,24,56.31284916201117,0,3,2001,2011
PR Reiffel,ODIs,92,57,503,13.972222222222221,70.94499294781383,0,1,1992,1999
CPL Connolly,ODIs,18,15,502,38.61538461538461,89.48306595365419,1,3,2024,2026
AR Nurse,ODIs,54,40,502,19.307692307692307,97.85575048732943,0,0,2016,2019
JE Emburey,ODIs,61,45,501,14.314285714285715,75.45180722891565,0,0,1980,1993
Ghulam Shabber,ODIs,23,23,500,21.73913043478261,62.5,0,4,2017,2019
GP Swann,ODIs,79,48,500,13.88888888888889,90.41591320072332,0,0,2000,2013
JH Davey,ODIs,33,29,498,21.652173913043477,66.84563758389261,0,2,2010,2025
NK Patel,ODIs,41,36,496,17.714285714285715,68.13186813186813,0,1,2019,2023
JJ Tucker,ODIs,26,26,496,19.84,68.31955922865014,0,1,2006,2009
DJ Callaghan,ODIs,29,25,493,25.94736842105263,67.90633608815428,1,0,1992,2000
C Tear,ODIs,20,19,489,30.5625,77.86624203821655,0,4,2024,2025
MR Adair,ODIs,57,42,488,16.82758620689655,102.09205020920503,0,0,2019,2026
Naimur Rahman,ODIs,29,27,488,19.52,63.29442282749675,0,0,1995,2002
CG Williams,ODIs,18,18,488,30.5,75.07692307692308,1,1,2019,2022
JWM Dalrymple,ODIs,27,26,487,19.48,72.47023809523809,0,2,2006,2007
AC Cummins,ODIs,76,49,486,13.5,82.93515358361775,0,0,1991,2007
R McLaren,ODIs,54,41,485,18.653846153846153,71.32352941176471,0,1,2009,2014
MRJ Veletta,ODIs,20,19,484,32.266666666666666,75.38940809968847,0,2,1987,1989
CS Baugh,ODIs,47,35,482,20.083333333333332,67.0375521557719,0,0,2003,2012
AA Mulla,ODIs,24,24,482,20.083333333333332,81.00840336134453,0,1,2006,2009
SR Patel,ODIs,36,22,482,32.13333333333333,93.23017408123792,0,1,2008,2013
DJ Reekers,ODIs,19,19,481,25.31578947368421,117.0316301703163,1,0,2006,2009
TN de Grooth,ODIs,34,32,480,17.142857142857142,62.01550387596899,0,1,2006,2013
DA Minors,ODIs,20,20,478,26.555555555555557,60.42983565107459,0,3,2006,2007
BG Rogers,ODIs,15,15,478,31.866666666666667,69.37590711175616,0,5,2002,2005
S Lee,ODIs,45,35,477,17.666666666666668,95.39999999999999,0,0,1995,2001
Karim Sadiq,ODIs,24,22,475,23.75,80.91993185689948,2,0,2009,2016
SW Ambris,ODIs,16,15,473,36.38461538461539,95.74898785425101,1,2,2017,2021
CA Best,ODIs,24,23,473,24.894736842105264,68.55072463768116,1,2,1986,1992
AJ Bichel,ODIs,67,36,471,20.47826086956522,78.5,0,1,1997,2004
H Patel,ODIs,23,23,468,21.272727272727273,80.13698630136986,0,2,2009,2013
AA Jangoo,ODIs,12,10,467,58.375,102.41228070175438,2,3,2024,2026
CH Morris,ODIs,42,27,467,20.304347826086957,100.43010752688173,0,1,2013,2019
ALF de Mel,ODIs,57,41,466,14.5625,78.31932773109244,0,0,1982,1987
MW Short,ODIs,23,21,462,22,87.5,0,4,2023,2026
Saad Bin Zafar,ODIs,37,32,460,17.037037037037038,76.41196013289037,0,0,2023,2026
AO Malhotra,ODIs,20,19,457,30.466666666666665,70.85271317829456,0,1,1982,1986
Umar Gul,ODIs,130,65,457,9.72340425531915,71.18380062305296,0,0,2003,2016
NS Dhaliwal,ODIs,18,17,456,26.823529411764707,57.07133917396746,0,4,2024,2025
C Sharma,ODIs,65,35,456,24,90.47619047619048,1,0,1983,1994
GEF Barnett,ODIs,22,22,455,20.681818181818183,61.07382550335571,0,1,2006,2010
R Gunasekera,ODIs,19,19,455,23.94736842105263,67.20827178729691,0,6,2008,2014
R Shepherd,ODIs,42,30,455,17.5,104.35779816513761,0,1,2019,2025
GS Ballance,ODIs,21,20,454,25.22222222222222,71.04851330203444,0,4,2013,2023
MD Dai,ODIs,18,18,454,28.375,77.60683760683762,0,3,2014,2018
H Hiri,ODIs,34,34,454,15.133333333333333,55.70552147239264,0,1,2016,2023
GSNFG Jayasuriya,ODIs,19,17,454,30.266666666666666,79.50963222416813,1,2,2015,2026
Minhajul Abedin,ODIs,27,26,453,18.875,49.834983498349835,0,2,1986,1999
C Karunaratne,ODIs,26,24,451,25.055555555555557,78.43478260869566,0,1,2021,2023
MT Renshaw,ODIs,15,15,451,32.214285714285715,96.16204690831557,1,2,2025,2026
BJ Bennett,ODIs,17,17,449,26.41176470588235,88.91089108910892,1,0,2024,2026
Mehrab Hossain,ODIs,18,18,449,24.944444444444443,58.84665792922673,1,2,1998,2003
G Motie,ODIs,43,29,448,21.333333333333332,93.52818371607515,0,2,2022,2026
JL Denly,ODIs,16,13,446,34.30769230769231,70.90620031796503,0,4,2009,2020
Washington Sundar,ODIs,34,23,445,22.25,82.56029684601113,0,2,2017,2026
NP Kenjige,ODIs,65,44,443,17.03846153846154,69.21875,0,0,2019,2026
M Levitt,ODIs,17,17,443,26.058823529411764,83.90151515151516,0,1,2024,2025
TE Blain,ODIs,38,38,442,16.37037037037037,66.76737160120845,0,0,1986,1994
SAR Silva,ODIs,20,20,441,22.05,52.62529832935561,0,3,1984,1985
GR Viswanath,ODIs,25,23,439,19.954545454545453,52.89156626506024,0,2,1974,1982
JP Maher,ODIs,26,20,438,25.764705882352942,65.0817236255572,0,1,1998,2003
AH Omarshah,ODIs,28,28,437,16.807692307692307,50.813953488372086,0,1,1983,1996
PL Taylor,ODIs,83,47,437,19.863636363636363,74.95711835334477,0,1,1987,1992
Usman Ghani,ODIs,17,17,435,25.58823529411765,75.25951557093425,1,2,2014,2022
DN Chudasama,ODIs,20,19,434,22.842105263157894,63.357664233576635,1,1,1996,1999
A Sharafu,ODIs,28,26,433,16.653846153846153,72.28714524207011,0,1,2021,2025
CJ McDermott,ODIs,138,78,432,7.081967213114754,87.8048780487805,0,0,1985,1996
CJO Smith,ODIs,27,26,432,19.636363636363637,67.5,0,2,2006,2009
LM Jongwe,ODIs,43,36,430,13.870967741935484,83.82066276803118,0,0,2014,2024
Shafiqullah,ODIs,24,21,430,22.63157894736842,105.3921568627451,0,2,2009,2018
JS Malhotra,ODIs,18,18,429,30.642857142857142,93.058568329718,1,1,2019,2022
DR Pringle,ODIs,44,30,425,23.61111111111111,68.9935064935065,0,0,1982,1993
MN van Wyk,ODIs,17,17,425,26.5625,68.88168557536467,0,4,2003,2015
AK Sharma,ODIs,31,27,424,20.19047619047619,90.40511727078892,0,3,1988,1993
RC Russell,ODIs,40,31,423,17.625,66.30094043887146,0,1,1987,1998
AS Hansra,ODIs,24,22,421,23.38888888888889,58.06896551724138,0,2,2010,2014
S Prasanna,ODIs,40,37,421,12.382352941176471,94.6067415730337,0,2,2011,2019
SMA Priyanjan,ODIs,23,20,420,23.333333333333332,80.45977011494253,0,2,2013,2015
AR Adams,ODIs,42,34,419,17.458333333333332,100.47961630695443,0,0,2001,2007
SR Waters,ODIs,20,20,419,20.95,55.792276964047936,0,2,2008,2011
A Zampa,ODIs,127,69,417,9.69767441860465,64.15384615384615,0,0,2016,2026
CO Browne,ODIs,46,32,415,17.291666666666668,70.33898305084746,0,0,1995,2005
Farhad Reza,ODIs,34,31,412,16.48,64.77987421383648,0,1,2006,2011
T Stubbs,ODIs,17,17,412,27.466666666666665,84.59958932238193,1,3,2023,2026
Faheem Ashraf,ODIs,45,31,410,14.642857142857142,85.59498956158664,0,1,2017,2026
Suraj Kumar,ODIs,24,20,410,29.285714285714285,76.92307692307693,0,3,2019,2023
Ahmed Raza,ODIs,53,41,409,12.029411764705882,60.682492581602375,0,1,2014,2022
GB Brent,ODIs,70,54,408,12,58.45272206303726,0,1,1996,2008
Saud Shakeel,ODIs,19,16,408,27.2,85.35564853556485,0,4,2021,2025
CB Lambert,ODIs,12,12,407,33.916666666666664,75.37037037037037,1,2,1990,2004
CM McBride,ODIs,22,19,407,22.61111111111111,71.90812720848056,0,1,2022,2026
RW Price,ODIs,102,59,406,9.666666666666666,57.9172610556348,0,0,2002,2012
A Athanaze,ODIs,17,17,405,23.823529411764707,77.14285714285715,0,2,2023,2025
IR Bishop,ODIs,84,44,405,16.2,52.19072164948454,0,0,1988,1997
AGS Gous,ODIs,14,14,405,31.153846153846153,84.375,0,4,2024,2025
EA Brandes,ODIs,59,41,404,13.03225806451613,90.17857142857143,0,2,1987,1999
ID Blackwell,ODIs,34,29,403,14.925925925925926,86.66666666666667,0,1,2002,2006
F Mutizwa,ODIs,17,15,403,31,80.2788844621514,0,4,2009,2011
AK Sah,ODIs,17,17,403,26.866666666666667,86.48068669527898,1,4,2018,2025
JP Bray,ODIs,15,15,401,28.642857142857142,67.50841750841751,2,0,2006,2007
RG de Alwis,ODIs,31,27,401,21.105263157894736,78.3203125,0,2,1983,1988
S Madan Lal,ODIs,67,35,401,19.095238095238095,62.17054263565891,0,1,1974,1987
K Rabada,ODIs,106,45,401,14.851851851851851,79.09270216962526,0,0,2015,2025
TBM de Leede,ODIs,29,25,400,16.666666666666668,63.69426751592356,0,2,1996,2007
WS Jayantha,ODIs,17,17,400,26.666666666666668,75.47169811320755,0,2,2004,2004
Mushtaq Ahmed,ODIs,144,76,399,9.5,57.163323782234954,0,0,1989,2003
Sohail Tanvir,ODIs,62,40,399,13.758620689655173,87.117903930131,0,1,2007,2014
DR Chumney,ODIs,21,21,397,20.894736842105264,66.72268907563024,0,0,2003,2007
Mohammad Naveed,ODIs,39,34,397,16.541666666666668,122.91021671826626,0,0,2014,2019
Ali Naseer,ODIs,18,17,396,26.4,101.53846153846153,0,3,2023,2026
IA Karim,ODIs,9,9,396,44,75.86206896551724,2,1,2011,2014
Naseem Khushi,ODIs,32,25,395,17.17391304347826,112.53561253561253,0,1,2020,2023
AB Barath,ODIs,14,14,394,30.307692307692307,64.37908496732027,1,1,2010,2012
Jaker Ali,ODIs,12,12,394,39.4,78.48605577689243,0,3,2024,2025
Shoaib Akhtar,ODIs,163,84,394,8.954545454545455,73.23420074349443,0,0,1998,2011
JL Smith,ODIs,19,18,392,21.77777777777778,112.32091690544412,0,3,2023,2025
T Thushara,ODIs,38,27,392,18.666666666666668,92.45283018867924,0,1,2008,2010
PJ Ongondo,ODIs,79,62,391,9.093023255813954,62.96296296296296,0,0,1999,2011
Aryan Lakra,ODIs,16,16,387,24.1875,57.93413173652695,0,4,2022,2023
Mirwais Ashraf,ODIs,46,38,387,14.333333333333334,71.27071823204419,0,1,2009,2016
Ikram Alikhil,ODIs,33,23,386,21.444444444444443,66.55172413793103,0,3,2019,2026
SA Engelbrecht,ODIs,12,12,385,35,65.58773424190801,0,2,2023,2024
AF Giles,ODIs,62,35,385,17.5,69.87295825771325,0,0,1997,2005
Hannan Sarkar,ODIs,20,20,383,19.15,53.71669004207573,0,3,2002,2004
Hasan Ali,ODIs,68,39,383,13.678571428571429,116.06060606060606,0,2,2016,2025
Sadiq Mohammad,ODIs,19,19,383,21.27777777777778,50.72847682119205,0,2,1973,1980
Asif Ali,ODIs,21,16,382,25.466666666666665,121.656050955414,0,3,2018,2022
J Gumbie,ODIs,16,16,382,23.875,65.7487091222031,0,2,2023,2024
T Banton,ODIs,10,9,381,42.333333333333336,104.38356164383562,1,2,2020,2026
CN Greaves,ODIs,30,23,381,22.41176470588235,89.22716627634661,0,2,2022,2025
MH Dekker,ODIs,23,22,379,18.95,47.4937343358396,0,2,1992,1996
DM Wellham,ODIs,17,17,379,25.266666666666666,54.220314735336196,0,1,1981,1987
U Bhatti,ODIs,36,30,378,17.181818181818183,73.68421052631578,0,0,2006,2010
GF Lawson,ODIs,79,52,378,11.117647058823529,75.6,0,0,1980,1989
YS Samra,ODIs,15,13,378,29.076923076923077,80.08474576271186,0,3,2025,2026
MR Ramprakash,ODIs,18,18,376,26.857142857142858,69.11764705882352,0,1,1991,2001
L Steenkamp,ODIs,12,11,375,37.5,71.02272727272727,0,4,2026,2026
SA Abbott,ODIs,29,21,374,19.68421052631579,96.3917525773196,0,2,2014,2025
Al Sahariar,ODIs,29,29,374,13.357142857142858,52.750352609308884,0,2,1999,2003
CC Lewis,ODIs,53,40,374,14.384615384615385,81.48148148148148,0,0,1990,1998
SMH Kirmani,ODIs,49,31,373,20.72222222222222,60.55194805194806,0,0,1976,1986
DS de Silva,ODIs,41,29,371,19.526315789473685,53.69030390738061,0,0,1975,1985
KMA Paul,ODIs,33,25,371,20.61111111111111,97.12041884816755,0,0,2018,2026
S Chattergoon,ODIs,18,17,370,24.666666666666668,60.16260162601627,0,2,2006,2009
PJ Forrest,ODIs,15,14,368,26.285714285714285,65.59714795008912,1,3,2012,2012
IG Holland,ODIs,15,14,368,26.285714285714285,77.47368421052632,0,2,2019,2022
DW Steyn,ODIs,125,51,365,9.35897435897436,64.94661921708185,0,1,2005,2019
DT Tiripano,ODIs,38,29,364,17.333333333333332,66.3023679417122,0,1,2014,2022
WM Darling,ODIs,18,18,363,21.352941176470587,53.46097201767305,0,1,1978,1982
Mohammad Amir,ODIs,61,30,363,18.15,81.75675675675676,0,2,2009,2019
SP Narine,ODIs,65,45,363,11,82.31292517006803,0,0,2011,2016
SS Karim,ODIs,34,27,362,15.73913043478261,64.64285714285715,0,1,1997,2000
Mohammad Saifuddin,ODIs,30,19,362,36.2,85.78199052132702,0,2,2017,2026
R Rampaul,ODIs,92,40,362,12.482758620689655,76.69491525423729,0,1,2003,2015
Shahriar Hossain,ODIs,20,19,362,19.05263157894737,53.0791788856305,0,2,1997,2004
DG Brownlie,ODIs,16,15,361,25.785714285714285,74.2798353909465,0,1,2012,2017
Hazratullah Zazai,ODIs,16,16,361,22.5625,88.26405867970661,0,2,2018,2019
WK McCallan,ODIs,39,28,361,20.055555555555557,86.15751789976133,0,1,2006,2009
RC Irani,ODIs,31,30,360,14.4,65.57377049180327,0,1,1996,2003
Mushfiqur Rahman,ODIs,28,25,360,16.363636363636363,52.17391304347826,0,0,2000,2004
BJ Patel,ODIs,31,25,360,16.363636363636363,48.91304347826087,0,0,2001,2006
AD Brown,ODIs,16,16,354,22.125,82.90398126463701,1,1,1996,2001
ADS Fletcher,ODIs,25,25,354,14.16,64.48087431693989,0,2,2008,2016
Harpreet Singh,ODIs,9,8,353,44.125,93.88297872340425,0,3,2026,2026
Nasir Jamal,ODIs,16,14,352,27.076923076923077,65.54934823091247,0,3,2014,2018
Harmeet Singh,ODIs,29,21,350,21.875,103.55029585798816,0,2,2024,2026
Wajahatullah Wasti,ODIs,15,15,349,23.266666666666666,48.94810659186536,0,1,1999,2000
SJ Baard,ODIs,19,19,348,18.31578947368421,58.4873949579832,0,2,2019,2022
SP Krishnamurthi,ODIs,22,18,348,23.2,99.42857142857143,0,2,2021,2026
Zahid Fazal,ODIs,19,18,348,23.2,59.589041095890416,0,2,1990,1994
R Hekure,ODIs,25,24,347,15.772727272727273,75.27114967462039,0,1,2019,2023
PM Seelaar,ODIs,57,39,347,11.96551724137931,58.516020236087684,0,0,2006,2022
RDB Croft,ODIs,50,36,345,14.375,66.47398843930635,0,0,1996,2001
RE van der Merwe,ODIs,46,32,345,14.375,84.55882352941177,0,1,2009,2026
Ashfaq Ahmed,ODIs,16,16,344,21.5,88.88888888888889,0,2,2018,2019
M Theekshana,ODIs,61,34,344,16.38095238095238,55.12820512820513,0,0,2021,2026
GP Wickramasinghe,ODIs,134,64,344,8.6,63.35174953959485,0,0,1990,2002
DNT Zoysa,ODIs,95,47,343,13.192307692307692,95.81005586592178,0,0,1997,2007
D Khanal,ODIs,15,13,342,26.307692307692307,69.0909090909091,0,3,2022,2026
B Bhandari,ODIs,20,17,341,20.058823529411764,61.33093525179856,0,2,2019,2026
HH Kanitkar,ODIs,34,27,339,17.842105263157894,66.2109375,0,1,1997,2000
M Vijay,ODIs,17,16,339,21.1875,66.99604743083005,0,1,2010,2015
BE Congdon,ODIs,11,9,338,56.333333333333336,71.61016949152543,1,2,1973,1978
PWA Mulder,ODIs,30,24,338,18.77777777777778,84.92462311557789,0,2,2017,2025
CM Old,ODIs,32,25,338,18.77777777777778,84.28927680798004,0,1,1973,1981
MG Burgess,ODIs,26,20,336,16.8,65.24271844660194,0,0,1973,1981
NM Hauritz,ODIs,58,32,336,22.4,96.27507163323781,0,1,2002,2011
SD Outerbridge,ODIs,23,23,336,14.608695652173912,54.90196078431373,0,1,2006,2009
Tapash Baisya,ODIs,56,41,336,12,58.333333333333336,0,0,2002,2007
SS Pathirana,ODIs,18,14,332,25.53846153846154,86.68407310704961,0,1,2015,2017
Shaheen Shah Afridi,ODIs,77,44,332,13.28,84.6938775510204,0,0,2018,2026
C Bosch,ODIs,16,13,331,55.166666666666664,111.07382550335569,0,1,2024,2026
KA Edwards,ODIs,16,16,331,23.642857142857142,67.00404858299595,1,0,2011,2014
Manjural Islam Rana,ODIs,25,21,331,20.6875,49.550898203592816,0,1,2003,2006
S Mukuddem,ODIs,20,18,331,23.642857142857142,50.92307692307693,0,1,2006,2007
Adnan Mufti,ODIs,18,16,330,27.5,80.68459657701712,0,1,2017,2018
Asif Iqbal,ODIs,10,8,330,55,70.81545064377683,0,5,1973,1979
D Wiese,ODIs,15,15,330,25.384615384615383,89.43089430894308,0,1,2015,2022
RD Gaikwad,ODIs,12,11,329,36.55555555555556,86.80738786279683,1,2,2022,2026
SN Thakur,ODIs,47,25,329,17.31578947368421,105.11182108626198,0,1,2017,2023
Khushdil Shah,ODIs,15,12,328,32.8,98.20359281437125,0,1,2020,2025
KA Maharaj,ODIs,58,32,328,13.666666666666666,80.98765432098766,0,0,2017,2026
ZE Surkari,ODIs,23,22,328,17.263157894736842,50,0,0,2008,2011
DJ Capel,ODIs,23,19,327,19.235294117647058,68.26722338204593,0,1,1987,1990
V Shukla,ODIs,17,16,327,23.357142857142858,84.49612403100775,0,1,2025,2026
MH Yardy,ODIs,28,24,326,20.375,69.0677966101695,0,2,2006,2011
Adeeb Usmani,ODIs,9,8,325,40.625,81.65829145728644,1,2,2026,2026
BM Scholtz,ODIs,74,47,325,12.037037037037036,65.13026052104209,0,0,2019,2026
ML Nkala,ODIs,50,35,324,10.8,61.59695817490495,0,0,1998,2006
Saeed Ajmal,ODIs,113,70,324,7.043478260869565,60.5607476635514,0,0,2008,2015
A Dananjaya,ODIs,42,32,323,12.423076923076923,71.61862527716187,0,1,2012,2024
AC Agar,ODIs,22,18,322,24.76923076923077,82.9896907216495,0,0,2015,2023
RP Snell,ODIs,42,28,322,16.1,97.57575757575758,0,2,1991,1996
KJJ van Noortwijk,ODIs,9,9,322,46,75.23364485981308,1,1,1996,2003
Anwar Ali,ODIs,22,16,321,29.181818181818183,87.46594005449592,0,0,2013,2016
CA Walsh,ODIs,205,79,321,6.978260869565218,71.17516629711751,0,0,1985,2000
RB McCosker,ODIs,14,14,320,22.857142857142858,51.36436597110754,0,2,1975,1982
DR Brown,ODIs,25,24,319,17.72222222222222,66.32016632016632,0,1,1997,2007
Muhammad Shahdad,ODIs,9,9,319,35.44444444444444,74.88262910798123,0,3,2025,2026
ZB Lion-Cachet,ODIs,18,17,317,19.8125,62.64822134387352,0,1,2025,2026
HP Rinke,ODIs,18,18,317,17.61111111111111,83.86243386243386,0,3,2006,2006
P Khadka,ODIs,10,10,315,35,79.14572864321609,1,1,2018,2020
Faisal Iqbal,ODIs,18,16,314,22.428571428571427,60.5009633911368,1,0,2000,2006
NAM McLean,ODIs,45,34,314,12.076923076923077,81.98433420365535,0,1,1996,2003
Mohammad Sami,ODIs,87,46,314,11.62962962962963,64.08163265306122,0,0,2001,2015
B Wood,ODIs,13,12,314,31.4,48.53168469860896,0,2,1972,1982
D la Cock,ODIs,16,16,313,20.866666666666667,67.02355460385438,0,1,2022,2022
VV Morea,ODIs,13,13,313,26.083333333333332,68.04347826086956,0,3,2014,2018
RC Fredericks,ODIs,12,12,311,25.916666666666668,70.68181818181817,1,1,1973,1977
BR Hartland,ODIs,16,16,311,20.733333333333334,49.919743178170144,0,2,1992,1994
N Chopra,ODIs,39,26,310,15.5,62.24899598393574,0,1,1998,2000
BC Hollioake,ODIs,20,17,309,20.6,81.10236220472441,0,2,1997,2002
AJ Hosein,ODIs,40,30,309,14.714285714285714,78.03030303030303,0,1,2021,2025
Nafees Iqbal,ODIs,16,16,309,19.3125,54.401408450704224,0,2,2003,2005
Jasdeep Singh,ODIs,46,31,308,12.32,71.46171693735499,0,0,2019,2026
TK Musakanda,ODIs,16,16,308,20.533333333333335,79.58656330749353,0,1,2016,2022
KAJ Roach,ODIs,95,60,308,12.833333333333334,51.85185185185185,0,0,2008,2022
Ihsanullah,ODIs,16,16,307,21.928571428571427,69.77272727272728,0,3,2017,2018
D Brevis,ODIs,12,12,306,30.6,139.0909090909091,0,1,2025,2026
Nurul Hasan,ODIs,16,14,306,34,88.95348837209302,0,0,2016,2026
DM Benkenstein,ODIs,23,20,305,17.941176470588236,65.87473002159827,0,1,1998,2002
PVD Chameera,ODIs,61,40,303,11.653846153846153,58.6073500967118,0,0,2015,2026
TK Curran,ODIs,28,17,303,37.875,94.39252336448598,0,0,2017,2021
J Overton,ODIs,16,13,303,25.25,110.58394160583941,0,1,2024,2026
Saif Hassan,ODIs,13,13,302,23.23076923076923,80.74866310160428,0,2,2025,2026
LE Bosman,ODIs,14,12,301,25.083333333333332,98.68852459016394,0,2,2006,2010
CMW Read,ODIs,36,24,300,17.647058823529413,73.17073170731707,0,0,2000,2006
R Ngarava,ODIs,57,36,299,13.590909090909092,81.91780821917808,0,0,2017,2026
WKM Benjamin,ODIs,85,52,298,7.45,73.39901477832512,0,0,1986,1995
PA Nixon,ODIs,19,18,297,21.214285714285715,85.5907780979827,0,0,2007,2007
P Rathnayake,ODIs,9,8,297,37.125,91.38461538461539,1,0,2025,2026
Zahoor Elahi,ODIs,14,14,297,22.846153846153847,58.57988165680473,0,3,1996,1997
DN Crookes,ODIs,32,23,296,14.8,71.84466019417476,0,1,1994,2000
AJ Pycroft,ODIs,20,19,295,17.352941176470587,52.67857142857143,0,2,1983,1992
DR Tuffey,ODIs,94,52,295,9.516129032258064,79.3010752688172,0,0,2000,2010
C Madande,ODIs,20,16,294,19.6,72.5925925925926,0,2,2022,2026
DL Murray,ODIs,26,17,294,24.5,62.82051282051282,0,2,1973,1980
SE Bond,ODIs,82,40,292,16.22222222222222,76.04166666666666,0,0,2002,2010
P Kumar,ODIs,68,33,292,13.904761904761905,88.21752265861026,0,1,2007,2012
Tanwir Afzal,ODIs,20,19,292,18.25,114.50980392156862,0,1,2014,2018
RN Lewis,ODIs,28,21,291,18.1875,79.291553133515,0,0,1997,2009
DA Reeve,ODIs,29,21,291,24.25,74.80719794344472,0,0,1991,1996
CS Pandit,ODIs,36,23,290,20.714285714285715,72.5,0,0,1986,1992
Sanuar Hossain,ODIs,27,27,290,11.6,48.57621440536013,0,1,1998,2003
SMSM Senanayake,ODIs,49,33,290,13.181818181818182,93.2475884244373,0,0,2012,2015
JN Gillespie,ODIs,97,39,289,12.565217391304348,78.7465940054496,0,0,1996,2005
IDR Bradshaw,ODIs,62,34,287,12.478260869565217,59.791666666666664,0,0,2004,2007
KM Curran,ODIs,11,11,287,26.09090909090909,66.74418604651163,0,2,1983,1987
LG Howell,ODIs,12,12,287,23.916666666666668,73.96907216494846,0,4,1998,1998
MK Tiwary,ODIs,12,12,287,26.09090909090909,71.21588089330024,1,1,2008,2015
YBK Jaiswal,ODIs,6,6,285,71.25,97.6027397260274,2,0,2025,2026
D Lloyd,ODIs,8,8,285,40.714285714285715,54.18250950570342,1,0,1973,1980
VJ Marks,ODIs,34,24,285,13.571428571428571,65.66820276497695,0,0,1980,1988
JAR Blain,ODIs,33,25,284,14.947368421052632,54.932301740812385,0,0,1999,2009
NO Miller,ODIs,50,27,284,20.285714285714285,79.10863509749304,0,1,2008,2018
LP van Troost,ODIs,23,20,284,15.777777777777779,62.28070175438597,0,0,2002,2007
MA Holding,ODIs,102,42,282,9.096774193548388,74.80106100795756,0,2,1976,1987
Kashif Daud,ODIs,19,16,282,28.2,90.96774193548387,0,2,2021,2022
B Evans,ODIs,23,21,281,16.529411764705884,97.90940766550523,0,2,2022,2026
S Randiv,ODIs,31,18,280,17.5,73.29842931937172,0,1,2009,2016
CL King,ODIs,18,14,280,23.333333333333332,104.8689138576779,0,1,1976,1980
RS Sodhi,ODIs,18,14,280,25.454545454545453,73.49081364829397,0,2,2000,2002
KC Brathwaite,ODIs,10,10,278,27.8,57.55693581780539,0,1,2016,2017
JE Taylor,ODIs,90,42,278,8.424242424242424,86.06811145510835,0,0,2003,2017
AV Vadher,ODIs,18,16,278,27.8,54.296875,0,2,1997,1999
Mehrab Hossain jnr,ODIs,18,16,276,17.25,42.99065420560748,0,1,2006,2009
WP Masakadza,ODIs,45,29,274,11.416666666666666,65.23809523809524,0,0,2015,2026
JM Anderson,ODIs,194,79,273,7.583333333333333,48.663101604278076,0,0,2002,2015
DT Christian,ODIs,20,18,273,21,88.92508143322475,0,0,2012,2021
GH Worker,ODIs,10,10,272,34,71.76781002638522,0,3,2015,2018
JW Hastings,ODIs,29,21,271,27.1,99.26739926739927,0,1,2010,2017
Umar Amin,ODIs,16,16,271,18.066666666666666,69.13265306122449,0,1,2010,2018
AM Bacher,ODIs,13,13,270,20.76923076923077,57.56929637526652,0,1,1997,2005
MJ Henry,ODIs,95,38,270,10.384615384615385,93.10344827586206,0,0,2014,2025
Jahurul Islam,ODIs,14,13,270,22.5,72.77628032345014,0,1,2010,2013
KBJ Azad,ODIs,25,21,269,14.157894736842104,67.25,0,0,1980,1986
AD Gaekwad,ODIs,15,14,269,20.692307692307693,52.848722986247544,0,1,1975,1987
AW Greig,ODIs,22,19,269,16.8125,71.16402116402116,0,0,1972,1977
Taskin Ahmed,ODIs,94,52,269,7.078947368421052,58.22510822510822,0,0,2014,2026
M Morkel,ODIs,117,47,268,9.241379310344827,75.70621468926554,0,0,2007,2018
G Toka,ODIs,22,21,268,12.761904761904763,55.48654244306418,0,0,2019,2023
Aaqib Javed,ODIs,163,51,267,10.68,58.55263157894737,0,0,1988,1998
TA Blundell,ODIs,12,12,266,29.555555555555557,86.64495114006515,0,2,2020,2023
Shamsur Rahman,ODIs,10,10,266,26.6,76,0,2,2013,2014
NF Kelly,ODIs,8,8,265,33.125,75.07082152974505,0,3,2025,2026
Afsar Zazai,ODIs,17,16,264,17.6,54.09836065573771,0,2,2014,2017
BA Carse,ODIs,30,21,264,17.6,80.24316109422493,0,0,2021,2025
MH Denness,ODIs,12,11,264,29.333333333333332,63.30935251798561,0,1,1973,1975
S Jyoti,ODIs,14,13,264,22,59.72850678733032,1,0,2006,2010
SP Patil,ODIs,13,12,263,26.3,65.0990099009901,0,2,2014,2015
HN Ya France,ODIs,25,21,263,26.3,87.66666666666667,0,1,2019,2023
HJW Gardiner,ODIs,11,11,262,23.818181818181817,66.16161616161617,0,2,2013,2015
Naved Latif,ODIs,11,11,262,23.818181818181817,62.829736211031175,1,0,2001,2003
S Fouche,ODIs,12,11,261,23.727272727272727,67.26804123711341,0,2,2023,2025
Aizaz Khan,ODIs,19,15,260,20,69.5187165775401,0,0,2014,2018
K Birkenstock,ODIs,20,18,258,15.176470588235293,57.71812080536913,0,1,2019,2023
KJ Wadsworth,ODIs,13,10,258,28.666666666666668,77.24550898203593,1,0,1973,1976
ML Udawatte,ODIs,9,9,257,28.555555555555557,67.1018276762402,0,2,2008,2008
SS Dighe,ODIs,23,17,256,23.272727272727273,60.80760095011877,0,1,2000,2001
N Davin,ODIs,13,13,255,19.615384615384617,89.7887323943662,0,1,2023,2025
R Edwards,ODIs,9,8,255,36.42857142857143,73.06590257879655,0,3,1972,1975
Musa Ahmed,ODIs,15,15,255,17,62.19512195121951,0,1,2021,2024
AD Poynter,ODIs,19,16,255,19.615384615384617,61.89320388349514,0,2,2008,2014
SA Wijeyeratne,ODIs,10,10,254,25.4,70.55555555555556,0,3,2023,2024
S Ranatunga,ODIs,13,11,253,23,48.09885931558935,0,2,1994,1996
IP Butchart,ODIs,20,16,252,18,63.79746835443038,0,1,1983,1995
NM Coulter-Nile,ODIs,32,21,252,16.8,96.18320610687023,0,1,2013,2019
J Edness,ODIs,11,11,252,28,62.531017369727046,0,1,2007,2008
JFM Morrison,ODIs,18,15,252,21,53.38983050847458,0,1,1975,1983
HA Varaiya,ODIs,63,38,252,12,51.533742331288344,0,0,2006,2014
JJ Atkinson,ODIs,9,9,250,27.77777777777778,62.8140703517588,0,1,2008,2017
JAH Marshall,ODIs,10,10,250,25,79.87220447284345,1,1,2005,2008
CT Radley,ODIs,4,4,250,83.33333333333333,68.11989100817438,1,1,1978,1978
AR Caddick,ODIs,54,38,249,12.45,63.037974683544306,0,0,1993,2003
GF Labrooy,ODIs,44,36,249,8.586206896551724,71.14285714285714,0,0,1986,1992
DE Budge,ODIs,17,15,248,22.545454545454547,79.48717948717949,0,0,2018,2022
JM Parker,ODIs,24,20,248,12.4,61.53846153846154,0,1,1974,1981
RB Reid,ODIs,9,9,248,27.555555555555557,55.35714285714286,0,2,1988,1991
RH Vance,ODIs,8,8,248,31,51.559251559251564,0,1,1988,1989
J Hermann,ODIs,3,3,247,82.33333333333333,118.18181818181819,1,1,2026,2026
MA Suji,ODIs,64,52,247,8.233333333333333,46.958174904942965,0,0,1996,2006
A Turner,ODIs,6,6,247,41.166666666666664,79.93527508090615,1,0,1975,1975
J Ramanandi,ODIs,10,10,246,27.333333333333332,83.6734693877551,0,2,2025,2026
AD Mascarenhas,ODIs,20,13,245,22.272727272727273,95.3307392996109,0,1,2007,2009
SM Davies,ODIs,8,8,244,30.5,105.62770562770562,0,1,2009,2011
RAS Lakmal,ODIs,86,48,244,9.384615384615385,60.396039603960396,0,0,2009,2021
Qaiser Ali,ODIs,17,17,244,15.25,63.70757180156657,0,2,2006,2008
JAD Lawrenson,ODIs,5,5,243,48.6,77.88461538461539,1,1,2023,2023
AR Odedara,ODIs,10,10,243,27,52.370689655172406,0,1,2024,2026
BP Patel,ODIs,10,9,243,30.375,60.902255639097746,0,1,1974,1979
PR Downton,ODIs,28,20,242,16.133333333333333,67.59776536312849,0,0,1977,1988
Hasan Raza,ODIs,16,13,242,18.615384615384617,50.416666666666664,0,1,1996,1999
MJ Di Venuto,ODIs,9,9,241,26.77777777777778,85.76512455516014,0,2,1997,1997
GD Drummond,ODIs,30,20,240,18.46153846153846,91.6030534351145,0,0,2007,2013
DK Lillee,ODIs,63,34,240,9.23076923076923,75,0,0,1972,1983
CM Wright,ODIs,20,18,240,16,68.37606837606837,0,0,2006,2009
Amjad Javed,ODIs,15,13,239,19.916666666666668,89.51310861423221,0,1,2008,2017
CRD Fernando,ODIs,147,61,239,9.192307692307692,60.96938775510205,0,0,2001,2012
J Garner,ODIs,98,41,239,9.192307692307692,66.38888888888889,0,0,1977,1987
T Panyangara,ODIs,65,49,239,6.638888888888889,51.61987041036718,0,0,2004,2016
KJ Arnott,ODIs,13,12,238,23.8,48.472505091649694,0,3,1987,1993
MW Forde,ODIs,22,18,238,14.875,107.6923076923077,0,1,2023,2026
DC Thomas,ODIs,21,19,238,14,65.38461538461539,0,0,2009,2013
NS Poonia,ODIs,21,21,237,11.285714285714286,62.864721485411145,0,1,2006,2009
AM Tribe,ODIs,5,5,237,59.25,73.83177570093457,1,1,2023,2023
I Udana,ODIs,21,18,237,16.928571428571427,95.18072289156626,0,1,2012,2021
Enamul Haque,ODIs,29,26,236,11.238095238095237,49.26931106471816,0,0,1990,2002
GJ Hopkins,ODIs,25,17,236,14.75,75.88424437299035,0,0,2004,2010
Khurram Manzoor,ODIs,7,7,236,33.714285714285715,62.93333333333333,0,3,2008,2009
Mujeeb Ur Rahman,ODIs,75,40,236,9.076923076923077,90.07633587786259,0,1,2017,2023
GR Codrington,ODIs,17,15,235,19.583333333333332,63.17204301075269,0,0,2006,2007
JP Crawley,ODIs,13,12,235,21.363636363636363,57.59803921568627,0,2,1994,1999
Abid Ali,ODIs,6,6,234,39,93.60000000000001,1,1,2019,2020
GJ Delany,ODIs,21,18,234,18,95.1219512195122,0,0,2020,2023
Iftikhar Anjum,ODIs,62,34,234,15.6,61.904761904761905,0,0,2004,2010
A Dutt,ODIs,60,42,233,7.0606060606060606,57.81637717121588,0,0,2021,2026
P Mustard,ODIs,10,10,233,23.3,92.46031746031747,0,1,2007,2008
AME Roberts,ODIs,56,32,231,10.043478260869565,64.70588235294117,0,0,1975,1983
STR Binny,ODIs,14,11,230,28.75,93.4959349593496,0,1,2014,2015
MM English,ODIs,6,6,230,46,70.5521472392638,1,1,2024,2026
TM Chappell,ODIs,20,13,229,17.615384615384617,62.73972602739726,1,0,1980,1983
SHU Karnain,ODIs,19,17,229,19.083333333333332,59.32642487046632,0,0,1984,1990
TM Dowlin,ODIs,11,11,228,25.333333333333332,65.51724137931035,1,1,2009,2010
DR Flynn,ODIs,20,17,228,15.2,63.33333333333333,0,0,2008,2012
AY Karim,ODIs,34,24,228,12.666666666666666,60.8,0,1,1996,2003
SR Thompson,ODIs,20,15,228,16.285714285714285,90.83665338645417,0,0,2013,2017
M Dillon,ODIs,108,51,227,7.32258064516129,55.23114355231144,0,0,1997,2005
AMJ Hilditch,ODIs,8,8,226,28.25,47.47899159663865,0,1,1979,1985
T Marumani,ODIs,21,19,225,13.235294117647058,65.78947368421053,0,0,2021,2025
Mohammed Shami,ODIs,108,49,225,7.758620689655173,82.41758241758241,0,0,2013,2025
Raza-ur-Rehman,ODIs,6,5,225,45,85.87786259541986,0,3,2013,2014
Hussain Talat,ODIs,12,10,224,28,80.57553956834532,0,1,2019,2026
BP Julian,ODIs,25,17,224,13.176470588235293,89.60000000000001,0,0,1993,1999
Naseem Shah,ODIs,34,18,224,22.4,88.53754940711462,0,1,2022,2025
KR Stackpole,ODIs,6,6,224,37.333333333333336,57.88113695090439,0,3,1971,1974
JH Edrich,ODIs,7,6,223,37.166666666666664,68.61538461538461,0,2,1971,1975
BR McDermott,ODIs,5,5,223,44.6,80.2158273381295,1,1,2021,2022
V Shankar,ODIs,12,8,223,31.857142857142858,90.65040650406505,0,0,2019,2019
KM Jarvis,ODIs,49,33,222,9.652173913043478,65.8753709198813,0,0,2009,2019
JC Archer,ODIs,42,25,221,17,107.8048780487805,0,0,2019,2026
DAJ Bracewell,ODIs,21,14,221,18.416666666666668,80.65693430656934,0,1,2011,2022
BKV Prasad,ODIs,161,63,221,6.90625,60.217983651226156,0,0,1994,2001
Sarfraz Nawaz,ODIs,45,31,221,9.608695652173912,64.05797101449275,0,0,1973,1984
Wasim Bari,ODIs,51,26,221,17,51.27610208816705,0,0,1973,1984
HS Baidwan,ODIs,32,22,220,14.666666666666666,64.89675516224189,0,0,2008,2014
BJ McCarthy,ODIs,48,31,220,9.166666666666666,61.62464985994398,0,0,2016,2025
DR Lockhart,ODIs,14,11,218,24.22222222222222,63.929618768328446,0,0,2006,2010
Y Venugopal Rao,ODIs,16,11,218,24.22222222222222,60.05509641873278,0,1,2005,2006
NR Kumar,ODIs,16,15,217,15.5,54.65994962216625,0,0,2010,2014
FA Rose,ODIs,27,23,217,12.055555555555555,81.88679245283019,0,0,1997,2000
EO Simons,ODIs,23,18,217,15.5,73.5593220338983,0,0,1994,1995
TA Boult,ODIs,114,52,216,9,77.41935483870968,0,0,2012,2023
V Dahiya,ODIs,19,15,216,16.615384615384617,80.89887640449437,0,1,2000,2001
Kuldeep Yadav,ODIs,124,45,215,9.772727272727273,51.93236714975845,0,0,2017,2026
WK Lees,ODIs,31,24,215,11.31578947368421,70.03257328990227,0,0,1979,1983
I Pandey,ODIs,9,9,215,26.875,70.26143790849673,0,2,2026,2026
D Heyliger,ODIs,23,17,213,14.2,95.94594594594594,0,1,2023,2025
NO Perry,ODIs,21,16,212,26.5,62.35294117647059,0,1,1999,2000
FRJ Coleman,ODIs,16,14,211,15.071428571428571,61.337209302325576,0,1,2013,2015
DJM Short,ODIs,8,8,211,30.142857142857142,78.43866171003717,0,1,2018,2020
K Gore,ODIs,16,15,210,16.153846153846153,67.3076923076923,0,0,2019,2021
Kamran Ghulam,ODIs,11,7,210,30,99.05660377358491,1,1,2023,2025
KS Lokuarachchi,ODIs,21,18,210,14,80.1526717557252,0,1,2003,2007
OJ Peake,ODIs,8,8,210,30,88.98305084745762,0,0,2026,2026
CPH Ramanayake,ODIs,62,35,210,10,56.14973262032086,0,0,1986,1995
IS Sodhi,ODIs,54,26,210,9.545454545454545,72.66435986159169,0,0,2015,2024
Tahir Naqqash,ODIs,40,23,210,15,86.77685950413223,0,1,1980,1985
Mushtaq Mohammad,ODIs,10,9,209,34.833333333333336,59.20679886685553,0,1,1973,1978
MHW Papps,ODIs,6,6,207,51.75,60.526315789473685,0,2,2004,2005
DL Bairstow,ODIs,21,20,206,14.714285714285714,52.820512820512825,0,0,1979,1984
TL Chatara,ODIs,87,57,206,6.4375,46.924829157175395,0,0,2013,2023
AWJ Auguste,ODIs,9,9,205,22.77777777777778,76.49253731343283,0,0,2025,2026
AR Berenger,ODIs,10,10,205,20.5,67.43421052631578,0,2,2014,2015
Z Crawley,ODIs,9,9,205,25.625,94.9074074074074,0,2,2021,2026
D Bau,ODIs,14,13,204,18.545454545454547,55.5858310626703,0,0,2016,2022
PE McEwan,ODIs,17,15,204,13.6,58.95953757225434,0,0,1980,1985
DL Chahar,ODIs,13,9,203,33.833333333333336,98.06763285024155,0,2,2018,2022
Fayyaz Butt,ODIs,30,20,201,18.272727272727273,72.04301075268818,0,0,2019,2024
Nasum Ahmed,ODIs,20,13,201,18.272727272727273,86.26609442060087,0,0,2022,2025
JA Rennie,ODIs,44,27,201,13.4,51.406649616368284,0,0,1993,2000
FA Allen,ODIs,20,16,200,15.384615384615385,98.52216748768473,0,1,2018,2022
APE Knott,ODIs,20,14,200,20,80.97165991902834,0,1,1971,1977
NW Bracken,ODIs,116,35,199,11.705882352941176,70.56737588652481,0,0,2001,2009
AJ Burger,ODIs,6,6,199,33.166666666666664,100.50505050505049,0,1,2003,2003
Moin-ul-Atiq,ODIs,5,5,199,39.8,71.32616487455196,1,0,1988,1989
M Ntini,ODIs,173,47,199,8.652173913043478,66.77852348993288,0,0,1998,2009
OF Smith,ODIs,9,8,199,28.428571428571427,167.22689075630254,0,0,2022,2023
D Parashar,ODIs,13,13,198,22,62.857142857142854,0,1,2024,2026
C Esterhuizen,ODIs,3,3,197,98.5,100,1,1,2026,2026
Ijaz Faqih,ODIs,27,19,197,12.3125,56.12535612535613,0,0,1980,1988
GA Lamb,ODIs,15,14,197,17.90909090909091,51.70603674540683,0,0,2010,2011
MR Swart,ODIs,12,11,197,19.7,72.42647058823529,0,1,2011,2014
T Maruma,ODIs,22,18,196,11.529411764705882,59.3939393939394,0,0,2007,2021
AP Devcich,ODIs,12,11,195,17.727272727272727,77.07509881422925,0,1,2013,2016
ASA Perera,ODIs,20,13,195,17.727272727272727,75.87548638132296,0,1,1998,2001
Saqib Zulfiqar,ODIs,15,15,194,14.923076923076923,64.45182724252491,0,0,2019,2023
V Sukumaran,ODIs,10,10,194,19.4,63.60655737704918,0,1,2022,2024
Akram Raza,ODIs,49,25,193,17.545454545454547,62.25806451612903,0,0,1989,1995
PJ Ingram,ODIs,8,7,193,27.571428571428573,81.09243697478992,0,1,2010,2010
C Pringle,ODIs,64,41,193,8.772727272727273,75.390625,0,0,1990,1995
V Rathour,ODIs,7,7,193,27.571428571428573,58.30815709969789,0,2,1996,1997
Rishad Hossain,ODIs,21,17,193,13.785714285714286,116.96969696969697,0,0,2023,2026
NT Ellis,ODIs,27,22,192,14.76923076923077,81.35593220338984,0,0,2022,2026
MM Iqbal,ODIs,13,12,192,24,53.333333333333336,0,1,2009,2014
D Pretorius,ODIs,27,13,192,16,85.71428571428571,0,1,2016,2022
CJ Smith,ODIs,12,12,192,16,78.36734693877551,0,1,2006,2007
AJ Turner,ODIs,9,7,192,32,120,0,1,2019,2021
DAG Fletcher,ODIs,6,6,191,47.75,66.08996539792388,0,2,1983,1983
TN Madondo,ODIs,13,13,191,15.916666666666666,57.70392749244713,0,1,1998,2001
Mohammad Boota,ODIs,9,9,191,23.875,75.79365079365078,0,1,2018,2019
Shabir Noori,ODIs,10,10,191,19.1,63.66666666666667,0,1,2010,2016
CJ McKay,ODIs,59,31,190,9.047619047619047,56.37982195845698,0,0,2009,2014
Mohammad Shahzad,ODIs,6,6,190,31.666666666666668,84.44444444444444,0,2,2014,2016
SS Ranjane,ODIs,11,9,190,27.142857142857142,80.16877637130801,0,1,2025,2026
A Saud,ODIs,11,11,189,17.181818181818183,48.837209302325576,0,1,2022,2024
PP Shaw,ODIs,6,6,189,31.5,113.85542168674698,0,0,2020,2021
Usman Limbada,ODIs,11,11,189,18.9,66.54929577464789,0,1,2010,2014
JA McCollum,ODIs,10,10,188,18.8,67.14285714285714,0,2,2019,2021
BAW Mendis,ODIs,87,42,188,8.173913043478262,71.48288973384031,0,0,2008,2015
TJ Murtagh,ODIs,58,36,188,7.833333333333333,63.08724832214765,0,0,2012,2019
BN Cooper,ODIs,13,11,187,18.7,90.33816425120773,0,1,2013,2021
BB Chari,ODIs,14,14,186,13.285714285714286,46.616541353383454,0,0,2015,2020
MJ Hay,ODIs,10,7,186,31,104.49438202247192,0,1,2024,2026
C Carmichael,ODIs,7,6,185,30.833333333333332,79.39914163090128,0,1,2025,2026
T Mupariwa,ODIs,40,32,185,8.409090909090908,56.92307692307692,0,0,2004,2016
SW Poynter,ODIs,21,19,185,13.214285714285714,66.54676258992805,0,0,2014,2019
EAE Baptiste,ODIs,43,16,184,15.333333333333334,76.34854771784232,0,0,1983,1990
CJ Jordan,ODIs,35,24,184,12.266666666666667,87.20379146919431,0,0,2013,2022
Mustafizur Rahman,ODIs,124,62,184,7.36,49.32975871313673,0,0,2015,2026
JL Ontong,ODIs,28,16,184,13.142857142857142,68.91385767790263,0,0,2001,2012
Saadat Ali,ODIs,8,7,184,30.666666666666668,53.95894428152492,0,1,1984,1984
Shakeel Ahmed,ODIs,24,19,184,14.153846153846153,53.48837209302325,0,0,2024,2026
Sohag Gazi,ODIs,20,16,184,15.333333333333334,86.3849765258216,0,0,2012,2014
SI de Saram,ODIs,15,13,183,16.636363636363637,67.77777777777779,0,0,1999,2001
SJ Benn,ODIs,47,30,182,7.913043478260869,75.83333333333333,0,0,2008,2016
Nishan Madushka,ODIs,8,7,182,26,80.88888888888889,0,2,2024,2025
T Suri,ODIs,8,7,181,25.857142857142858,88.29268292682927,0,0,2024,2026
Tayyab Tahir,ODIs,11,10,181,22.625,102.25988700564972,0,0,2024,2025
JR Thomson,ODIs,50,30,181,7.541666666666667,64.64285714285715,0,0,1975,1985
SB Bangar,ODIs,15,15,180,13.846153846153847,75.31380753138075,0,1,2002,2004
DG Cork,ODIs,32,21,180,10,66.42066420664207,0,0,1992,2002
AM Hardie,ODIs,15,12,180,15,80,0,0,2023,2025
AF Milne,ODIs,50,22,180,12.857142857142858,87.8048780487805,0,0,2012,2024
MJG Rippon,ODIs,9,7,180,30,70.86614173228347,0,2,2013,2022
JT Smuts,ODIs,6,5,180,45,78.60262008733623,0,1,2020,2021
WF Stelling,ODIs,15,11,180,30,66.17647058823529,0,0,2006,2007
B Warnapura,ODIs,12,12,180,15,43.373493975903614,0,1,1975,1982
Mazhar Hussain,ODIs,7,7,179,25.571428571428573,53.59281437125748,0,1,1994,1996
DM Richards,ODIs,8,7,179,25.571428571428573,71.31474103585657,0,2,2009,2010
CT Mutombodzi,ODIs,14,13,177,14.75,75.64102564102564,0,0,2013,2020
SC Khanna,ODIs,10,10,176,22,66.41509433962264,0,2,1979,1984
HR Walsh,ODIs,25,14,176,16,69.29133858267717,0,0,2019,2024
TC Bastiampillai,ODIs,13,13,175,13.461538461538462,58.139534883720934,0,0,2007,2014
Wasim Ali,ODIs,13,13,175,17.5,79.90867579908677,0,1,2022,2026
BR Blair,ODIs,14,14,174,14.5,68.77470355731225,0,0,1982,1986
GC Dyer,ODIs,23,13,174,15.818181818181818,76.65198237885463,0,0,1986,1988
MD Moxon,ODIs,8,8,174,21.75,53.53846153846153,0,1,1985,1988
GRJ Roope,ODIs,8,8,173,21.625,50.58479532163743,0,0,1973,1978
SB Doull,ODIs,42,27,172,12.285714285714286,91.48936170212765,0,0,1992,2000
Hasibul Hossain,ODIs,32,26,172,8.6,69.63562753036437,0,0,1995,2004
D Foxcroft,ODIs,6,6,171,34.2,86.36363636363636,0,2,2023,2026
RP Lefebvre,ODIs,11,11,171,28.5,61.07142857142858,0,0,1996,2003
DK Morrison,ODIs,96,43,171,9,42.75,0,0,1987,1996
PS de Villiers,ODIs,83,36,170,8.095238095238095,77.98165137614679,0,0,1992,1997
SW Masakadza,ODIs,16,11,170,21.25,96.045197740113,0,0,2010,2014
TSS Mackintosh,ODIs,10,9,169,21.125,84.07960199004975,0,0,2023,2023
J Smits,ODIs,38,19,169,16.9,46.94444444444444,0,0,2003,2009
RA Jones,ODIs,5,5,168,33.6,51.06382978723404,0,1,2003,2003
SN Netravalkar,ODIs,74,38,168,9.882352941176471,58.94736842105262,0,0,2019,2026
AR Whittall,ODIs,63,35,168,7.636363636363637,54.19354838709678,0,0,1996,2000
MA Wood,ODIs,70,29,168,12.923076923076923,100.59880239520957,0,0,2015,2025
RS Gabriel,ODIs,11,11,167,15.181818181818182,46.38888888888889,0,0,1984,1984
JE Morris,ODIs,8,8,167,23.857142857142858,74.22222222222223,0,1,1990,1991
SC van Schalkwyk,ODIs,13,10,167,20.875,63.49809885931559,0,1,2024,2025
Haroon Rasheed,ODIs,12,10,166,20.75,52.53164556962025,0,1,1977,1982
A McGrath,ODIs,14,12,166,16.6,47.02549575070821,0,1,2003,2004
DES Maxwell,ODIs,10,10,166,27.666666666666668,69.74789915966386,0,1,2006,2007
CA Young,ODIs,48,27,166,13.833333333333334,87.83068783068782,0,0,2014,2024
ST Doheny,ODIs,11,9,165,18.333333333333332,62.5,0,1,2023,2024
Khurram Chohan,ODIs,25,19,165,12.692307692307692,57.89473684210527,0,0,2009,2014
JF Kloppenburg,ODIs,6,6,165,27.5,62.264150943396224,1,0,2002,2003
MJ Lumb,ODIs,3,3,165,55,81.2807881773399,1,0,2014,2014
GAHM Parkar,ODIs,10,10,165,18.333333333333332,49.6987951807229,0,0,1982,1984
Riaz Hassan,ODIs,7,6,165,27.5,60.66176470588235,0,1,2022,2024
JF Smith,ODIs,6,5,165,33,90.1639344262295,0,1,2024,2026
D Bishoo,ODIs,42,25,164,10.933333333333334,62.3574144486692,0,0,2011,2019
RB Kanhai,ODIs,7,5,164,54.666666666666664,60.07326007326007,0,2,1973,1975
KP Meiyappan,ODIs,31,22,163,9.055555555555555,48.94894894894895,0,0,2019,2023
RR Powar,ODIs,31,19,163,11.642857142857142,62.69230769230769,0,1,2004,2007
Shan Masood,ODIs,9,9,163,18.11111111111111,69.65811965811966,0,1,2019,2023
JC Tredwell,ODIs,45,25,163,11.642857142857142,67.35537190082644,0,0,2010,2015
Muhammad Abbas,ODIs,6,6,162,27,79.80295566502463,0,1,2025,2026
MV Nagamootoo,ODIs,24,18,162,13.5,60,0,0,2000,2002
JTC Vaughan,ODIs,18,16,162,18,62.06896551724138,0,0,1992,1996
CD Cumming,ODIs,13,13,161,13.416666666666666,53.48837209302325,0,0,2003,2009
SKL de Silva,ODIs,11,6,161,53.666666666666664,83.41968911917098,0,2,1997,1997
SC Joseph,ODIs,13,11,161,16.1,53.31125827814569,0,1,2000,2005
E Schiferli,ODIs,30,22,161,10.0625,73.85321100917432,0,0,2002,2013
Aamir Kaleem,ODIs,15,13,160,12.307692307692308,60.150375939849624,0,0,2019,2025
HMCM Bandara,ODIs,31,17,160,12.307692307692308,71.42857142857143,0,0,2006,2010
PE Cantrell,ODIs,5,5,160,32,52.11726384364821,0,0,1996,1996
K Klein,ODIs,25,15,160,14.545454545454545,66.94560669456067,0,0,2024,2026
JL Langer,ODIs,8,7,160,32,88.88888888888889,0,0,1994,1997
M Spoors,ODIs,11,10,160,16,55.172413793103445,0,0,2023,2026
K Weeraratne,ODIs,15,9,160,20,90.3954802259887,0,0,2000,2008
Akshay Homraj,ODIs,8,8,159,19.875,71.30044843049326,0,0,2019,2020
J Kila,ODIs,13,13,159,15.9,65.1639344262295,0,0,2018,2022
Saleem Raza,ODIs,6,6,159,26.5,91.90751445086705,0,1,1994,1996
Shariz Ahmad,ODIs,20,17,159,10.6,56.58362989323843,0,0,2022,2024
AC Bedade,ODIs,13,10,158,22.571428571428573,86.33879781420765,0,1,1994,1994
JJ Martin,ODIs,10,8,158,22.571428571428573,47.73413897280967,0,0,1999,2001
AAP Atkinson,ODIs,16,11,157,19.625,112.14285714285714,0,0,2023,2026
Imran Tahir,ODIs,107,36,157,7.85,69.77777777777779,0,0,2011,2019
T Kaitano,ODIs,11,11,157,15.7,61.328125,0,0,2022,2024
MP Maynard,ODIs,14,12,156,14.181818181818182,69.33333333333334,0,0,1994,2000
IJ Gould,ODIs,18,14,155,12.916666666666666,63.78600823045267,0,0,1983,1983
GJ Cosier,ODIs,9,7,154,30.8,92.7710843373494,0,1,1975,1979
AM Ellis,ODIs,15,12,154,14,83.69565217391305,0,0,2012,2013
DO Leicher,ODIs,8,7,154,30.8,74.39613526570048,0,1,2024,2026
Mohammad Hussain,ODIs,14,12,154,30.8,113.23529411764706,0,0,1997,1998
D Myers,ODIs,10,10,154,15.4,67.84140969162996,0,0,2021,2024
CJ Richards,ODIs,22,16,154,11.846153846153847,58.333333333333336,0,1,1981,1988
RML Taylor,ODIs,15,14,154,14,89.53488372093024,0,0,2013,2016
C Zhuwao,ODIs,9,9,154,17.11111111111111,116.66666666666667,0,0,2008,2018
CPS Chauhan,ODIs,7,7,153,21.857142857142858,50.83056478405316,0,0,1978,1981
DJ Hooda,ODIs,10,7,153,25.5,80.95238095238095,0,0,2022,2022
AN Ranasinghe,ODIs,9,8,153,21.857142857142858,104.08163265306123,0,1,1975,1982
DW Fleming,ODIs,88,31,152,11.692307692307692,68.77828054298642,0,0,1994,2001
Junaid Siddique,ODIs,69,50,152,5.241379310344827,60.8,0,0,2019,2026
MDK Perera,ODIs,13,12,152,12.666666666666666,76.38190954773869,0,0,2007,2018
AJ Redmond,ODIs,6,6,152,25.333333333333332,58.68725868725869,0,1,2009,2010
Zahoor Khan,ODIs,62,40,152,6.608695652173913,56.50557620817844,0,0,2017,2024
MW Alleyne,ODIs,10,8,151,21.571428571428573,59.21568627450981,0,1,1999,2000
J Anderson,ODIs,8,8,151,18.875,56.55430711610487,0,0,2014,2016
RS Gavaskar,ODIs,11,10,151,18.875,64.52991452991454,0,1,2004,2004
BF Hastings,ODIs,11,9,151,18.875,55.71955719557196,0,0,1973,1975
VD Philander,ODIs,30,19,151,12.583333333333334,70.89201877934272,0,0,2007,2015
Tanzim Hasan Sakib,ODIs,15,11,151,18.875,82.5136612021858,0,0,2023,2025
RG Aga,ODIs,12,9,150,16.666666666666668,71.77033492822966,0,1,2004,2014
NA Foster,ODIs,48,25,150,11.538461538461538,61.47540983606557,0,0,1984,1989
GD Barlow,ODIs,6,6,149,29.8,58.43137254901961,0,1,1976,1977
AR Khurasiya,ODIs,12,11,149,13.545454545454545,79.25531914893617,0,1,1999,2001
AD Nath,ODIs,9,8,148,21.142857142857142,74,0,0,2026,2026
BOP Fernando,ODIs,8,8,148,18.5,64.34782608695652,0,0,2019,2021
K Mishara,ODIs,6,6,148,24.666666666666668,86.54970760233918,0,0,2025,2026
Khalid Latif,ODIs,5,5,147,29.4,64.47368421052632,0,1,2008,2010
Nazimuddin,ODIs,11,11,147,13.363636363636363,62.0253164556962,0,0,2008,2012
GM Strydom,ODIs,12,10,147,14.7,65.33333333333333,0,1,2006,2006
D Williams,ODIs,36,23,147,9.1875,60.74380165289256,0,0,1988,1997
JA Burns,ODIs,6,6,146,24.333333333333332,79.34782608695652,0,1,2015,2015
TS Chisoro,ODIs,21,17,146,13.272727272727273,62.39316239316239,0,0,2015,2020
SE Findlay,ODIs,9,8,146,20.857142857142858,75.25773195876289,0,1,2008,2009
K Zondo,ODIs,6,6,146,29.2,63.20346320346321,0,1,2018,2021
T Munyonga,ODIs,9,8,145,24.166666666666668,72.8643216080402,0,0,2022,2025
PA van Meekeren,ODIs,39,28,145,8.529411764705882,65.9090909090909,0,0,2013,2025
R Clarke,ODIs,20,13,144,11.076923076923077,62.06896551724138,0,0,2003,2006
DK Liyanage,ODIs,16,11,144,16,69.56521739130434,0,0,1992,2001
LN Onyango,ODIs,29,18,144,13.090909090909092,76.59574468085107,0,0,1996,2014
Rubel Hossain,ODIs,104,53,144,4.9655172413793105,51.985559566786996,0,0,2009,2021
Sohaib Khan,ODIs,9,8,144,18,73.84615384615385,0,1,2025,2026
HL Carlyon,ODIs,5,5,143,28.6,86.14457831325302,0,1,2023,2023
Abdur Rehman,ODIs,31,23,142,8.352941176470589,53.99239543726235,0,0,2006,2014
EH Hutchinson,ODIs,11,8,142,23.666666666666668,99.3006993006993,0,0,2019,2021
CM Kuggeleijn,ODIs,16,11,142,15.777777777777779,63.67713004484305,0,0,1988,1989
D Langford-Smith,ODIs,22,17,142,15.777777777777779,106.76691729323309,0,0,2006,2008
MB Loye,ODIs,7,7,142,20.285714285714285,77.17391304347827,0,0,2007,2007
LG Pretorius,ODIs,3,3,142,47.333333333333336,97.93103448275862,0,1,2025,2025
KNA Bandara,ODIs,6,5,141,35.25,64.97695852534562,0,2,2021,2023
DE Bernard,ODIs,20,12,141,14.1,64.38356164383562,0,0,2003,2010
ARC Fraser,ODIs,42,20,141,12.818181818181818,67.78846153846155,0,0,1989,1999
OD Gibson,ODIs,15,11,141,14.1,102.17391304347827,0,1,1995,1997
Kaleemullah,ODIs,46,28,141,8.294117647058824,97.91666666666666,0,0,2019,2024
Kaleem Sana,ODIs,33,25,141,10.071428571428571,85.97560975609755,0,0,2023,2026
CR Matthews,ODIs,56,22,141,10.846153846153847,69.80198019801979,0,0,1991,1997
A Nehra,ODIs,120,46,141,5.64,57.3170731707317,0,0,2001,2011
Shahid Saeed,ODIs,10,10,141,14.1,44.620253164556964,0,1,1989,1993
CAH Stevenson,ODIs,18,18,141,10.846153846153847,66.82464454976304,0,0,2019,2022
VJ Wells,ODIs,9,7,141,20.142857142857142,55.73122529644269,0,0,1999,1999
M Bhanuka,ODIs,6,6,140,23.333333333333332,72.16494845360825,0,0,2019,2021
AF Buurman,ODIs,17,11,140,15.555555555555555,78.2122905027933,0,0,2007,2011
HMRKB Herath,ODIs,71,30,140,9.333333333333334,64.51612903225806,0,0,2004,2015
JM Wiener,ODIs,7,7,140,20,43.20987654320987,0,1,1979,1980
MV Fleming,ODIs,11,10,139,15.444444444444445,101.45985401459853,0,0,1997,1998
Ghazi Ghori,ODIs,4,4,139,34.75,72.39583333333334,0,1,2026,2026
JW Jenner,ODIs,5,5,139,27.8,71.64948453608247,0,1,2023,2023
KH MacLeay,ODIs,16,13,139,12.636363636363637,81.76470588235294,0,0,1983,1987
EAR de Silva,ODIs,28,20,138,9.857142857142858,57.26141078838174,0,0,1986,1992
GN Edwards,ODIs,6,6,138,23,72.25130890052355,0,0,1976,1981
KA Hope,ODIs,7,6,138,23,71.875,0,0,2017,2017
B Muzarabani,ODIs,62,45,138,5.111111111111111,48.76325088339223,0,0,2018,2026
ARI Umeed,ODIs,5,4,138,46,99.28057553956835,0,1,2024,2024
RJ Bailey,ODIs,4,4,137,68.5,69.89795918367348,0,0,1985,1990
JR Hazlewood,ODIs,99,40,137,13.7,77.8409090909091,0,0,2010,2026
RM Hogg,ODIs,71,35,137,9.133333333333333,63.133640552995395,0,0,1979,1985
Mujibur Ali,ODIs,10,10,137,15.222222222222221,57.80590717299579,0,0,2025,2026
APB Tennekoon,ODIs,4,4,137,34.25,66.18357487922705,0,1,1975,1979
ST Finn,ODIs,69,30,136,8,60.98654708520179,0,0,2011,2017
G Miller,ODIs,25,18,136,8.5,51.320754716981135,0,0,1977,1984
LG Rowe,ODIs,11,8,136,17,55.73770491803278,0,1,1975,1980
KD Shah,ODIs,10,10,136,15.11111111111111,57.14285714285714,0,0,2014,2018
R Vijay Bharadwaj,ODIs,10,9,136,27.2,70.10309278350515,0,0,1999,2002
SRD Wettimuny,ODIs,3,3,136,68,56.19834710743802,0,2,1975,1979
J Jarvis,ODIs,23,16,135,10.384615384615385,88.23529411764706,0,0,2023,2026
Ali Nadeem,ODIs,6,6,134,22.333333333333332,64.73429951690821,0,1,2025,2026
PA Browne,ODIs,5,5,134,33.5,74.86033519553072,0,0,2008,2008
Krishna Chandran,ODIs,12,10,134,16.75,48.9051094890511,0,0,2014,2016
Maaz Sadaqat,ODIs,6,6,134,22.333333333333332,111.66666666666667,0,1,2026,2026
Shafiul Islam,ODIs,60,34,134,6.090909090909091,55.833333333333336,0,0,2010,2020
Arshad Khan,ODIs,58,29,133,12.090909090909092,61.29032258064516,0,0,1993,2006
MD Bell,ODIs,7,7,133,19,49.62686567164179,0,1,1998,2001
LA Dawson,ODIs,11,8,133,16.625,83.125,0,1,2016,2026
RJ Sidebottom,ODIs,25,18,133,13.3,68.55670103092784,0,0,2001,2010
RK Chauhan,ODIs,35,18,132,10.153846153846153,77.19298245614034,0,0,1993,1997
D Keulder,ODIs,6,6,132,22,60,0,1,2003,2003
JDF Vandersay,ODIs,32,18,132,11,49.81132075471698,0,0,2015,2026
Zawar Farid,ODIs,10,8,132,18.857142857142858,94.96402877697841,0,0,2020,2023
Bazid Khan,ODIs,5,5,131,26.2,56.46551724137932,0,2,2004,2008
TS Kamunhukamwe,ODIs,12,12,131,10.916666666666666,79.8780487804878,0,1,2018,2024
MSK Prasad,ODIs,17,11,131,14.555555555555555,58.22222222222222,0,1,1998,1999
KH Pandya,ODIs,5,4,130,65,101.5625,0,1,2021,2021
Sajid Ali,ODIs,13,12,130,10.833333333333334,44.36860068259386,0,0,1984,1997
SM Sharma,ODIs,11,9,130,26,96.29629629629629,0,0,2023,2025
RW Taylor,ODIs,27,17,130,13,41.66666666666667,0,0,1973,1984
RJ Trott,ODIs,11,10,130,21.666666666666668,52.208835341365464,0,0,2007,2009
TJ Zoehrer,ODIs,22,15,130,10.833333333333334,71.03825136612022,0,1,1986,1994
KTGD Prasad,ODIs,24,12,129,21.5,88.35616438356165,0,0,2006,2015
D Ravu,ODIs,18,17,129,12.9,65.48223350253807,0,0,2017,2022
FC Hayes,ODIs,6,6,128,25.6,54.46808510638298,0,1,1973,1975
DT Hondo,ODIs,56,29,127,7.470588235294118,51.00401606425703,0,0,2001,2005
TE Jesty,ODIs,10,10,127,21.166666666666668,69.78021978021978,0,1,1983,1983
A Nel,ODIs,79,22,127,12.7,76.50602409638554,0,0,2001,2008
B Sai Sudharsan,ODIs,3,3,127,63.5,89.43661971830986,0,2,2023,2023
Yasir Shah,ODIs,25,13,127,18.142857142857142,85.23489932885906,0,0,2011,2019
Dhiman Ghosh,ODIs,14,12,126,14,62.68656716417911,0,0,2008,2008
N Dutta,ODIs,7,6,126,31.5,62.37623762376238,0,1,2013,2024
M Kartik,ODIs,37,14,126,14,70.78651685393258,0,0,2002,2007
CE McConchie,ODIs,6,5,126,42,99.21259842519686,0,1,2023,2023
A Nao,ODIs,26,20,126,12.6,94.02985074626866,0,0,2017,2023
L Ngidi,ODIs,75,31,126,9,48.837209302325576,0,0,2018,2025
TRO Payne,ODIs,7,4,126,31.5,52.5,0,1,1984,1987
CP Senanayake,ODIs,7,7,126,18,59.71563981042654,0,0,1990,1991
PA Jaques,ODIs,6,6,125,20.833333333333332,71.02272727272727,0,1,2006,2007
Mahedi Hasan,ODIs,12,11,125,13.88888888888889,63.45177664974619,0,0,2021,2026
MC Sorensen,ODIs,13,8,125,20.833333333333332,80.64516129032258,0,0,2013,2016
XC Bartlett,ODIs,12,9,124,13.777777777777779,104.20168067226892,0,2,2024,2026
AIC Dodemaide,ODIs,24,16,124,13.777777777777779,77.9874213836478,0,0,1988,1993
M Gill,ODIs,5,5,124,31,72.51461988304094,0,2,2025,2025
Harshit Rana,ODIs,14,7,124,24.8,121.56862745098039,0,1,2025,2026
A Maregwede,ODIs,11,11,124,12.4,56.88073394495413,0,0,2003,2005
JA Samarasekera,ODIs,7,6,124,31,57.674418604651166,0,0,1994,1996
M van Jaarsveld,ODIs,11,7,124,20.666666666666668,73.37278106508876,0,0,2002,2004
LR Williams,ODIs,15,13,124,11.272727272727273,66.66666666666666,0,0,1996,2001
Ziaur Rahman,ODIs,13,11,124,11.272727272727273,112.72727272727272,0,0,2013,2014
CD de Lange,ODIs,13,10,123,20.5,61.5,0,0,2016,2017
Akhil Kumar,ODIs,9,8,123,24.6,97.61904761904762,0,0,2024,2026
GA Paterson,ODIs,10,10,123,12.3,37.61467889908257,0,0,1983,1987
Abdul Malik (1),ODIs,4,3,122,40.666666666666664,65.59139784946237,0,1,2024,2024
J Arun Lal,ODIs,13,13,122,9.384615384615385,52.58620689655172,0,1,1982,1989
RL Bhudia,ODIs,5,5,122,24.4,98.38709677419355,0,0,2008,2009
CRM Douglas,ODIs,2,2,122,61,55.96330275229357,0,2,2008,2008
LH Ferguson,ODIs,65,30,122,7.176470588235294,51.69491525423729,0,0,2016,2023
BA Parchment,ODIs,7,7,122,17.428571428571427,56.22119815668203,0,0,2007,2008
SK Gupta,ODIs,10,10,121,13.444444444444445,55.00000000000001,0,0,1996,2001
GJAF Aponso,ODIs,5,4,120,30,48.582995951417004,0,1,1996,1996
L Balaji,ODIs,30,16,120,12,78.94736842105263,0,0,2002,2009
Shahid Mahboob,ODIs,10,6,119,23.8,61.34020618556701,0,1,1982,1984
Shivam Sharma,ODIs,7,7,119,19.833333333333332,72.5609756097561,0,0,2025,2026
EJ Chatfield,ODIs,114,48,118,10.727272727272727,34.104046242774565,0,0,1979,1989
DBL Powell,ODIs,55,25,118,5.363636363636363,71.95121951219512,0,0,2002,2009
JN Snape,ODIs,10,7,118,29.5,68.20809248554913,0,0,2001,2002
T van der Gugten,ODIs,15,9,118,16.857142857142858,69.41176470588235,0,0,2012,2025
V Yadav,ODIs,19,12,118,11.8,101.72413793103448,0,0,1992,1994
DH Brain,ODIs,23,18,117,8.357142857142858,68.42105263157895,0,0,1992,1995
L Gregory,ODIs,3,2,117,58.5,100.86206896551724,0,1,2021,2021
MC Henriques,ODIs,16,15,117,9,60.9375,0,0,2009,2021
Khalid Kail,ODIs,5,5,117,23.4,74.52229299363057,0,1,2024,2024
NB Mahwire,ODIs,23,19,117,10.636363636363637,46.98795180722892,0,0,2004,2006
CAK Rajitha,ODIs,34,19,117,9.75,63.58695652173913,0,0,2018,2023
FL Reifer,ODIs,8,8,117,14.625,51.09170305676856,0,0,1997,2009
Arshad Ayub,ODIs,32,17,116,11.6,71.60493827160494,0,0,1987,1990
Azam Khan,ODIs,6,5,116,23.2,65.5367231638418,0,1,1996,1998
PH Edmonds,ODIs,29,18,116,10.545454545454545,50,0,0,1977,1987
Hamza Tariq,ODIs,7,7,116,16.571428571428573,73.88535031847134,0,1,2011,2014
Tauseef Ahmed,ODIs,70,25,116,10.545454545454545,53.70370370370371,0,0,1982,1990
GK Khoda,ODIs,2,2,115,57.5,62.16216216216216,0,1,1998,1998
GD McGrath,ODIs,250,68,115,3.8333333333333335,48.728813559322035,0,0,1993,2007
NG Smith,ODIs,21,15,115,10.454545454545455,67.2514619883041,0,0,2024,2026
MA Carberry,ODIs,6,6,114,19,63.33333333333333,0,1,2013,2014
C Carter,ODIs,11,9,114,12.666666666666666,61.29032258064516,0,0,2015,2018
GR Dilley,ODIs,36,18,114,11.4,85.71428571428571,0,0,1979,1988
FM Engineer,ODIs,5,4,114,38,58.46153846153847,0,1,1974,1975
KD Ghavri,ODIs,19,16,114,11.4,58.76288659793815,0,0,1975,1981
Hasan Nawaz,ODIs,4,4,113,56.5,88.9763779527559,0,1,2025,2025
MO Jones,ODIs,12,12,113,11.3,75.83892617449665,0,0,2006,2007
DL Maddy,ODIs,8,6,113,18.833333333333332,54.85436893203883,0,1,1998,2000
Naved Anjum,ODIs,13,12,113,12.555555555555555,73.37662337662337,0,0,1984,1992
MJ Cosgrove,ODIs,3,3,112,37.333333333333336,96.55172413793103,0,1,2006,2006
Haseeb Amjad,ODIs,7,6,112,22.4,131.76470588235293,0,0,2014,2016
DP Hyatt,ODIs,9,9,112,14,59.57446808510638,0,0,2011,2011
JJ Bumrah,ODIs,91,27,111,9.25,64.53488372093024,0,0,2016,2026
Hasan Jamil,ODIs,6,5,111,22.2,92.5,0,0,1977,1978
RDM Leverock,ODIs,32,19,111,11.1,29.05759162303665,0,0,2006,2009
RD Brown,ODIs,7,7,110,15.714285714285714,32.93413173652694,0,0,1983,1987
C de Lange,ODIs,6,6,110,22,53.398058252427184,0,0,2026,2026
Rashid Khan,ODIs,29,15,110,13.75,63.58381502890174,0,0,1980,1985
Taijul Islam,ODIs,20,12,110,10,63.2183908045977,0,0,2014,2024
MG Burmester,ODIs,8,7,109,18.166666666666668,52.65700483091788,0,0,1992,1995
K Nitish Kumar Reddy,ODIs,8,5,109,27.25,94.78260869565217,0,1,2025,2026
CL Smith,ODIs,4,4,109,27.25,45.416666666666664,0,1,1984,1984
DS Bajwa,ODIs,9,8,108,13.5,61.71428571428571,0,0,2024,2025
Haris Rauf,ODIs,59,24,108,7.2,75,0,0,2020,2026
MJ McClenaghan,ODIs,48,14,108,27,78.26086956521739,0,0,2013,2016
SS McKechnie,ODIs,8,8,108,15.428571428571429,55.95854922279793,0,0,2017,2018
R Murray,ODIs,5,5,108,27,60.67415730337079,0,0,2018,2018
Parvez Hossain Emon,ODIs,3,3,108,36,83.72093023255815,0,1,2025,2025
Shoriful Islam,ODIs,46,26,108,6.75,85.03937007874016,0,0,2021,2026
Hamid Hassan,ODIs,38,22,107,6.6875,54.871794871794876,0,0,2009,2019
SJ Rhodes,ODIs,9,8,107,17.833333333333332,71.33333333333334,0,1,1989,1995
NA Saini,ODIs,8,5,107,53.5,78.1021897810219,0,0,2019,2021
Sufyan Mehmood,ODIs,8,7,107,17.833333333333332,77.53623188405797,0,1,2021,2025
G Cook,ODIs,6,6,106,17.666666666666668,40.61302681992337,0,0,1981,1983
CR Foggo,ODIs,4,4,106,26.5,60.91954022988506,0,1,2008,2008
SR Hain,ODIs,2,2,106,53,106,0,1,2023,2023
KO Meth,ODIs,11,8,106,13.25,57.92349726775956,0,1,2006,2012
Faruk Ahmed,ODIs,7,7,105,15,38.46153846153847,0,1,1988,1999
RK Kleinveldt,ODIs,10,7,105,15,84.67741935483872,0,0,2013,2013
TJ Laughlin,ODIs,6,5,105,26.25,65.625,0,1,1978,1979
PM Toohey,ODIs,5,4,105,52.5,78.94736842105263,0,1,1978,1979
CD Collymore,ODIs,84,35,104,5.777777777777778,39.84674329501915,0,0,1999,2007
D Elgar,ODIs,8,7,104,17.333333333333332,58.75706214689266,0,0,2012,2018
BP Nash,ODIs,9,7,104,26,73.75886524822694,0,0,2008,2009
RP Singh,ODIs,58,20,104,10.4,42.97520661157025,0,0,2005,2011
PS Athavale,ODIs,7,7,103,14.714285714285714,60.946745562130175,0,0,2024,2024
MW Priest,ODIs,18,14,103,10.3,45.77777777777778,0,0,1990,1998
JW Wilson,ODIs,6,6,103,20.6,91.96428571428571,0,0,1993,2005
Ehsan Khan,ODIs,15,12,102,11.333333333333334,44.73684210526316,0,0,2016,2018
A Kumal,ODIs,4,4,102,25.5,58.620689655172406,0,0,2026,2026
Mohammad Naim,ODIs,9,8,102,12.75,56.353591160220994,0,0,2020,2025
JR Philippe,ODIs,4,4,102,25.5,86.4406779661017,0,0,2021,2025
Waqas Barkat,ODIs,10,10,102,12.75,55.434782608695656,0,0,2014,2018
Yasir Ali,ODIs,9,7,102,14.571428571428571,89.47368421052632,0,1,2022,2023
Rehan Ahmed,ODIs,11,9,101,11.222222222222221,75.3731343283582,0,0,2023,2026
Arshad Laeeq,ODIs,6,6,101,20.2,46.97674418604651,0,0,1994,1996
XJ Doherty,ODIs,60,23,101,14.428571428571429,54.891304347826086,0,0,2010,2015
ERNS Fernando,ODIs,7,5,101,20.2,46.75925925925926,0,0,1983,1983
RO Hinds,ODIs,14,9,101,16.833333333333332,59.411764705882355,0,0,2001,2004
WR James,ODIs,11,8,101,14.428571428571429,39.6078431372549,0,0,1992,1996
KA Jamieson,ODIs,23,10,101,25.25,87.82608695652175,0,0,2020,2026
TA Lloyd,ODIs,3,3,101,33.666666666666664,44.29824561403509,0,0,1984,1984
Sahibzada Farhan,ODIs,6,6,101,16.833333333333332,75.93984962406014,0,0,2026,2026
Tabarak Dar,ODIs,4,4,101,25.25,57.714285714285715,0,0,2004,2008
GB Troup,ODIs,22,12,101,25.25,72.14285714285714,0,0,1976,1985
S Amarnath,ODIs,3,3,100,33.333333333333336,84.03361344537815,0,1,1978,1978
S Elworthy,ODIs,39,16,100,12.5,62.5,0,0,1998,2002
AC Evans,ODIs,42,19,100,9.090909090909092,63.69426751592356,0,0,2009,2023
MG Hughes,ODIs,33,17,100,11.11111111111111,74.6268656716418,0,0,1988,1993
WB Rankin,ODIs,75,34,100,7.6923076923076925,41.84100418410041,0,0,2007,2020
Shahzaib Hasan,ODIs,3,3,100,33.333333333333336,88.49557522123894,0,1,2010,2010
NMK Smith,ODIs,7,6,100,20,75.75757575757575,0,0,1996,1996
CJ Bowes,ODIs,6,6,99,16.5,83.19327731092437,0,1,2023,2023
LV Garrick,ODIs,3,3,99,33,48.529411764705884,0,1,2001,2001
AFG Griffith,ODIs,9,8,99,14.142857142857142,55.932203389830505,0,0,1996,2000
Irfan Ahmed,ODIs,6,6,99,16.5,79.2,0,0,2008,2014
BC Rose,ODIs,2,2,99,49.5,47.14285714285714,0,1,1977,1977
Saad Nasim,ODIs,3,3,99,49.5,79.83870967741935,0,1,2015,2015
DCC Borden,ODIs,12,11,98,14,50.256410256410255,0,0,2006,2008
JM Cox,ODIs,4,4,98,24.5,90.74074074074075,0,1,2024,2026
GJ Crocker,ODIs,6,5,98,24.5,93.33333333333333,0,1,1992,1993
J Fraser-McGurk,ODIs,7,7,98,14,132.43243243243242,0,0,2024,2025
EJ Gray,ODIs,10,7,98,16.333333333333332,42.608695652173914,0,0,1984,1988
LR Johnson,ODIs,6,6,98,16.333333333333332,56.00000000000001,0,1,2008,2015
I Maraj,ODIs,6,6,98,19.6,37.121212121212125,0,1,2003,2003
Mohammad Ishaq,ODIs,5,5,98,24.5,75.38461538461539,0,1,1994,1996
Ravinderpal Singh,ODIs,6,6,98,19.6,81.66666666666667,0,0,2023,2024
GC Small,ODIs,53,24,98,6.533333333333333,52.12765957446809,0,0,1987,1992
Sohrawordi Shuvo,ODIs,17,10,98,14,72.5925925925926,0,0,2010,2011
Basir Ahamad,ODIs,8,7,97,16.166666666666668,55.42857142857143,0,0,2022,2026
GM Ewing,ODIs,7,7,97,13.857142857142858,70.8029197080292,0,0,2004,2005
AL Kandappah,ODIs,2,2,97,97,62.17948717948718,0,1,2007,2007
RB Kerr,ODIs,4,4,97,32.333333333333336,61.0062893081761,0,1,1985,1985
SP Khakurel,ODIs,6,6,97,16.166666666666668,50.259067357512954,0,1,2018,2022
Manzoor Akhtar,ODIs,7,4,97,24.25,65.98639455782312,0,0,1997,1998
JTS Sumerauer,ODIs,5,4,97,24.25,110.22727272727273,0,0,2023,2023
Azhar Hossain,ODIs,7,7,96,13.714285714285714,36.09022556390977,0,1,1988,1990
MP Bicknell,ODIs,7,6,96,24,92.3076923076923,0,0,1990,1991
Aamer Yamin,ODIs,4,3,95,95,98.95833333333334,0,1,2015,2018
D Daesrath,ODIs,4,3,95,31.666666666666668,69.34306569343066,0,0,2012,2013
AA Donald,ODIs,164,40,95,4.318181818181818,34.05017921146953,0,0,1991,2003
Mohammad Tauqir,ODIs,11,9,95,13.571428571428571,57.92682926829268,0,1,2004,2015
HK Olonga,ODIs,50,27,95,7.3076923076923075,58.282208588957054,0,0,1995,2003
JS Patel,ODIs,43,15,95,13.571428571428571,58.64197530864198,0,0,2005,2017
KL Tucker,ODIs,12,12,95,9.5,38.61788617886179,0,0,2006,2007
PC de Silva,ODIs,7,7,94,15.666666666666666,83.92857142857143,0,0,2014,2017
VC Drakes,ODIs,34,17,94,7.833333333333333,54.02298850574713,0,0,1995,2004
NA Greenwood,ODIs,5,5,94,18.8,69.11764705882352,0,1,2023,2023
GFJ Liebenberg,ODIs,4,4,94,23.5,47.23618090452261,0,0,1995,1998
Mohammad Wasim (1),ODIs,27,14,94,8.545454545454545,93.06930693069307,0,0,2022,2026
Mohammed Qasim,ODIs,5,5,94,18.8,50,0,0,2017,2017
S Abid Ali,ODIs,5,3,93,31,70.45454545454545,0,1,1974,1975
Kabir Ali,ODIs,14,9,93,15.5,86.11111111111111,0,0,2003,2006
Y Cariah,ODIs,14,7,93,15.5,56.024096385542165,0,1,2022,2023
MR Gillespie,ODIs,32,14,93,15.5,78.8135593220339,0,0,2006,2009
JA Richardson,ODIs,15,9,93,18.6,86.91588785046729,0,0,2018,2022
B Mavuta,ODIs,14,10,92,11.5,85.98130841121495,0,0,2018,2024
V Mehra,ODIs,6,6,92,18.4,45.54455445544555,0,0,1994,1996
BC Strang,ODIs,49,26,92,5.111111111111111,41.81818181818181,0,0,1995,2001
SJ Harmison,ODIs,58,25,91,8.272727272727273,64.53900709219859,0,0,2002,2009
JV Harris,ODIs,6,6,91,15.166666666666666,44.6078431372549,0,0,2003,2003
SG Peall,ODIs,21,15,91,6.5,60.66666666666667,0,0,1992,1996
DP Samaraweera,ODIs,5,4,91,22.75,53.84615384615385,0,0,1993,1994
SK Atai,ODIs,15,12,90,10,52.02312138728323,0,0,2019,2022
RT Lyons,ODIs,25,14,90,22.5,61.224489795918366,0,0,2006,2010
GB Murgatroyd,ODIs,6,6,90,15,62.06896551724138,0,1,2003,2003
A Ratra,ODIs,12,8,90,12.857142857142858,70.86614173228347,0,0,2002,2002
Aamer Hanif,ODIs,5,4,89,44.5,69.53125,0,0,1993,1995
SSD Arachchige,ODIs,5,3,89,29.666666666666668,66.4179104477612,0,1,2023,2024
Bilawal Bhatti,ODIs,10,7,89,14.833333333333334,118.66666666666667,0,0,2013,2015
MNK Fernando,ODIs,6,5,89,17.8,67.42424242424242,0,1,2023,2025
Hassnain Shah,ODIs,12,10,89,12.714285714285714,112.65822784810126,0,0,2025,2026
PBB Rajapaksa,ODIs,5,5,89,17.8,104.70588235294119,0,1,2021,2021
JJ van der Wath,ODIs,10,8,89,14.833333333333334,127.14285714285714,0,0,2006,2007
VB Chandrasekhar,ODIs,7,7,88,12.571428571428571,54.32098765432099,0,1,1988,1990
SS Cottrell,ODIs,38,19,88,11,67.6923076923077,0,0,2015,2021
Raees Ahmadzai,ODIs,5,4,88,29.333333333333332,64.23357664233576,0,0,2009,2010
AJ Traicos,ODIs,27,17,88,11,50.28571428571429,0,0,1983,1993
Anil Dalpat,ODIs,15,10,87,12.428571428571429,63.970588235294116,0,0,1984,1986
K Jethi,ODIs,3,3,87,43.5,110.12658227848102,0,0,2008,2008
MA Agarwal,ODIs,5,5,86,17.2,103.6144578313253,0,0,2020,2020
RM Ellison,ODIs,14,12,86,10.75,78.18181818181819,0,0,1984,1986
BD Julien,ODIs,12,8,86,14.333333333333334,58.108108108108105,0,0,1973,1977
EH Mattis,ODIs,2,2,86,43,45.26315789473684,0,1,1981,1981
AD Mullally,ODIs,50,25,86,5.733333333333333,36.134453781512605,0,0,1996,2001
R Vinay Kumar,ODIs,31,13,86,9.555555555555555,58.9041095890411,0,0,2010,2013
BV Vitori,ODIs,24,14,86,7.818181818181818,95.55555555555556,0,0,2011,2018
W Watson,ODIs,61,24,86,7.818181818181818,47.77777777777778,0,0,1986,1994
NE Bonner,ODIs,6,6,85,17,62.96296296296296,0,0,2021,2022
PB Dassanayake,ODIs,16,10,85,10.625,59.859154929577464,0,0,1993,1994
PJC Hoffmann,ODIs,18,14,85,7.7272727272727275,123.18840579710144,0,0,2006,2007
KAD Hurdle,ODIs,19,13,85,10.625,84.15841584158416,0,0,2006,2007
SI Mahmood,ODIs,26,15,85,7.7272727272727275,84.15841584158416,0,0,2004,2009
KJ Barnett,ODIs,1,1,84,84,57.534246575342465,0,1,1988,1988
IG Butler,ODIs,26,13,84,10.5,54.54545454545454,0,0,2002,2010
SF Dukanwala,ODIs,5,4,84,42,60.431654676258994,0,0,1996,1996
VB John,ODIs,45,19,84,9.333333333333334,55.26315789473685,0,0,1982,1987
GI Maiden,ODIs,7,6,84,21,63.1578947368421,0,0,2010,2011
Saqib Ali,ODIs,5,5,84,21,65.11627906976744,0,0,2008,2014
Younis Ahmed,ODIs,2,2,84,42,55.62913907284768,0,1,1987,1987
OAC Banks,ODIs,5,5,83,16.6,55.70469798657718,0,0,2003,2005
AR Bisht,ODIs,5,5,83,20.75,76.14678899082568,0,0,2025,2026
GH Bodi,ODIs,2,2,83,41.5,62.878787878787875,0,1,2007,2007
AG Davies,ODIs,5,5,83,20.75,53.896103896103895,0,0,1999,1999
LHD Dilhara,ODIs,9,9,83,9.222222222222221,77.57009345794393,0,0,2005,2013
BC Fortuin,ODIs,21,13,83,7.545454545454546,59.71223021582733,0,0,2020,2026
R Strydom,ODIs,9,6,83,13.833333333333334,53.5483870967742,0,0,2008,2008
RGD Willis,ODIs,64,22,83,10.375,52.86624203821656,0,0,1973,1984
RR David,ODIs,4,3,82,27.333333333333332,48.23529411764706,0,0,2008,2010
C Hemraj,ODIs,6,6,82,13.666666666666666,83.6734693877551,0,0,2018,2018
LJ Koen,ODIs,5,5,82,16.4,48.5207100591716,0,0,1997,2000
DB Kotze,ODIs,6,6,82,16.4,60.74074074074074,0,0,2003,2003
GT Main,ODIs,16,4,82,82,94.25287356321839,0,1,2019,2024
Nasir Aziz,ODIs,5,3,82,27.333333333333332,65.60000000000001,0,1,2014,2015
RD Robinson,ODIs,2,2,82,41,57.34265734265735,0,1,1977,1977
JB Little,ODIs,42,15,81,8.1,93.10344827586206,0,0,2019,2025
Mahbubul Alam,ODIs,5,2,81,40.5,114.08450704225352,0,1,2009,2009
AM Phangiso,ODIs,21,13,81,7.363636363636363,50,0,0,2013,2016
K Pierre,ODIs,10,8,81,27,62.30769230769231,0,0,2019,2026
GA Rogers,ODIs,13,8,81,16.2,47.928994082840234,0,0,2006,2008
Shahid Wasif,ODIs,10,7,81,11.571428571428571,49.693251533742334,0,0,2016,2018
S Sriram,ODIs,8,7,81,13.5,60,0,1,2000,2004
Syed Rasel,ODIs,52,27,81,5.0625,43.78378378378379,0,0,2005,2010
JNT Vare,ODIs,9,9,81,10.125,73.63636363636363,0,0,2014,2018
Jai P Yadav,ODIs,12,7,81,20.25,65.85365853658537,0,1,2002,2005
Aftab Alam,ODIs,27,17,80,11.428571428571429,74.76635514018692,0,0,2010,2019
G Goudie,ODIs,16,11,80,10,80.8080808080808,0,0,2008,2013
TR Gripper,ODIs,8,8,80,10,42.780748663101605,0,0,2001,2003
Hammad Azam,ODIs,11,7,80,16,61.06870229007634,0,0,2011,2015
H Kaushik,ODIs,4,4,80,20,86.95652173913044,0,1,2025,2025
PWE Rawson,ODIs,10,8,80,16,65.04065040650406,0,0,1983,1987
SK Sharma,ODIs,23,12,80,10,59.25925925925925,0,0,1988,1990
TD Astle,ODIs,9,5,79,26.333333333333332,102.59740259740259,0,0,2017,2019
S Badrinath,ODIs,7,6,79,15.8,45.93023255813954,0,0,2008,2011
GI Hume,ODIs,21,10,79,15.8,63.70967741935484,0,0,2022,2025
Khuzaima Tanveer,ODIs,6,5,79,19.75,106.75675675675676,0,0,2026,2026
FJ Klaassen,ODIs,20,16,79,9.875,61.71875,0,0,2018,2025
Shahadat Hossain,ODIs,51,27,79,7.9,52.317880794701985,0,0,2006,2013
MHN Walker,ODIs,17,11,79,9.875,46.470588235294116,0,0,1974,1981
UT Yadav,ODIs,75,24,79,7.9,58.95522388059702,0,0,2010,2018
AC Dale,ODIs,30,12,78,19.5,57.35294117647059,0,0,1997,2000
MF Kent,ODIs,5,5,78,19.5,58.64661654135338,0,0,1981,1981
MW Rushmere,ODIs,4,4,78,19.5,44.827586206896555,0,0,1992,1992
Sami Aslam,ODIs,4,4,78,19.5,66.66666666666666,0,0,2015,2016
MH Tissera,ODIs,3,3,78,26,53.06122448979592,0,1,1975,1975
YS Chahal,ODIs,72,14,77,8.555555555555555,54.60992907801418,0,0,2016,2023
NM Lyon,ODIs,29,14,77,19.25,92.7710843373494,0,0,2012,2019
KJ Abbott,ODIs,28,13,76,8.444444444444445,60.317460317460316,0,0,2013,2016
TL Best,ODIs,26,16,76,9.5,60.8,0,0,2004,2014
RA Mariu,ODIs,2,2,76,38,88.37209302325581,0,1,2025,2025
WP Myburgh,ODIs,5,5,76,15.2,45.50898203592814,0,0,2025,2026
CA Lynn,ODIs,4,4,75,18.75,84.26966292134831,0,0,2017,2018
KW Richardson,ODIs,25,12,75,15,110.29411764705883,0,0,2013,2020
AP Sheahan,ODIs,3,3,75,25,60.483870967741936,0,1,1972,1972
U Srivastava,ODIs,2,2,75,37.5,102.73972602739727,0,1,2024,2024
KDK Vithanage,ODIs,6,6,75,15,83.33333333333334,0,0,2013,2014
B Ward,ODIs,5,5,75,18.75,61.98347107438017,0,0,2023,2023
Arshdeep Singh,ODIs,18,12,74,8.222222222222221,119.35483870967742,0,0,2022,2026
NG Jones,ODIs,14,9,74,14.8,72.54901960784314,0,0,2010,2011
Junaid Siddiqui,ODIs,11,10,74,10.571428571428571,44.31137724550898,0,0,2011,2024
MS Kasprowicz,ODIs,43,13,74,18.5,83.14606741573034,0,0,1995,2005
MM Patel,ODIs,70,27,74,6.7272727272727275,66.07142857142857,0,0,2006,2011
Yasir Arafat,ODIs,11,8,74,14.8,67.27272727272727,0,0,2000,2009
FH Edwards,ODIs,50,22,73,9.125,45.625,0,0,2003,2009
CK Langeveldt,ODIs,72,21,73,6.636363636363637,58.87096774193549,0,0,2001,2010
EB McSweeney,ODIs,16,14,73,8.11111111111111,61.34453781512605,0,0,1986,1987
KV Morea,ODIs,17,13,73,10.428571428571429,61.86440677966102,0,0,2021,2023
GR Sealy,ODIs,3,3,73,24.333333333333332,48.99328859060403,0,0,1979,1979
CS Serjeant,ODIs,3,3,73,24.333333333333332,46.20253164556962,0,0,1977,1978
R Telemachus,ODIs,37,15,73,6.083333333333333,77.6595744680851,0,0,1998,2006
AL Wadekar,ODIs,2,2,73,36.5,81.11111111111111,0,1,1974,1974
Waheed Ahmed,ODIs,7,6,73,14.6,56.58914728682171,0,0,2019,2021
DS Weerakkody,ODIs,3,3,73,24.333333333333332,110.6060606060606,0,1,2017,2017
G Blakeney,ODIs,2,2,72,36,104.34782608695652,0,0,2009,2009
TG Hogan,ODIs,16,12,72,9,75.78947368421053,0,0,1983,1984
BA Murphy,ODIs,31,17,72,8,55.38461538461539,0,0,2000,2003
TK Patel,ODIs,7,7,72,18,48.322147651006716,0,1,2019,2020
OL Pitcher,ODIs,5,5,72,14.4,33.17972350230415,0,0,2007,2007
P Sarraf,ODIs,12,10,72,8,62.06896551724138,0,0,2019,2024
I Sharma,ODIs,80,28,72,4.8,35.467980295566505,0,0,2007,2016
TP Visee,ODIs,3,3,72,24,109.09090909090908,0,0,2019,2021
S Viswanath,ODIs,22,12,72,9,51.798561151079134,0,0,1985,1988
CJ Adams,ODIs,5,4,71,17.75,49.30555555555556,0,0,1998,2000
DI Allan,ODIs,5,5,71,14.2,46.40522875816993,0,0,2011,2013
CB Sole,ODIs,31,14,71,6.454545454545454,78.88888888888889,0,0,2016,2024
Mohammad Aadil Alam,ODIs,6,5,70,17.5,90.9090909090909,0,0,2022,2022
KED Carroll,ODIs,6,6,70,11.666666666666666,55.55555555555556,0,0,2007,2007
SR Gillespie,ODIs,19,11,70,11.666666666666666,66.0377358490566,0,0,1986,1988
JNT Seales,ODIs,36,15,70,8.75,61.40350877192983,0,0,2022,2026
Nangeyalia Khan,ODIs,12,7,70,11.666666666666666,71.42857142857143,0,0,2024,2026
Sharafuddin Ashraf,ODIs,20,12,70,8.75,64.22018348623854,0,0,2014,2024
Shuvagata Hom,ODIs,4,3,70,35,81.3953488372093,0,0,2011,2011
MJ Smith,ODIs,5,5,70,14,44.0251572327044,0,0,1973,1974
RD Steede,ODIs,8,7,70,11.666666666666666,49.29577464788733,0,0,2006,2008
Ashraf Ali,ODIs,16,9,69,17.25,51.11111111111111,0,0,1980,1985
SR Clark,ODIs,39,12,69,13.8,78.4090909090909,0,0,2005,2009
AC Dawson,ODIs,19,7,69,23,102.98507462686568,0,0,1998,2004
Y Goonasekera,ODIs,3,3,69,23,66.34615384615384,0,0,1983,1983
Mahidul Islam Ankon,ODIs,3,3,69,23,57.02479338842975,0,0,2025,2025
DR Mousley,ODIs,3,3,69,34.5,80.23255813953489,0,1,2024,2024
FS Crockwell,ODIs,2,2,68,34,65.38461538461539,0,0,2009,2009
TGJ Gruijters,ODIs,5,4,68,22.666666666666668,58.620689655172406,0,0,2010,2013
OJ Hairs,ODIs,5,5,68,13.6,68,0,0,2010,2010
RK Illingworth,ODIs,25,11,68,11.333333333333334,57.14285714285714,0,0,1991,1996
Junaid Khan,ODIs,76,31,68,4.857142857142857,53.54330708661418,0,0,2011,2019
SO Ngoche,ODIs,14,12,68,7.555555555555555,57.14285714285714,0,0,2010,2014
C Overton,ODIs,7,5,68,22.666666666666668,89.47368421052632,0,0,2018,2022
M Sheikh,ODIs,21,15,68,6.8,55.28455284552846,0,0,1997,2000
NT Tilak Varma,ODIs,5,4,68,22.666666666666668,57.14285714285714,0,1,2023,2025
SJ Cook,ODIs,4,4,67,16.75,56.779661016949156,0,0,1991,1993
SG Davies,ODIs,4,4,67,16.75,38.72832369942196,0,0,1996,1996
G Hoey,ODIs,6,6,67,16.75,62.03703703703704,0,0,2024,2026
N Madziva,ODIs,12,12,67,7.444444444444445,48.55072463768116,0,0,2014,2016
HJC Mol,ODIs,11,9,67,8.375,36.6120218579235,0,0,2002,2008
Nadeem Ahmed,ODIs,25,16,67,5.583333333333333,44.370860927152314,0,0,2004,2018
V Pollard,ODIs,3,2,67,33.5,46.206896551724135,0,1,1973,1974
Shamim Hossain,ODIs,7,7,67,9.571428571428571,77.90697674418605,0,0,2023,2025
Shapoor Zadran,ODIs,44,27,67,6.7,41.875,0,0,2009,2019
Waqas Khan,ODIs,8,5,67,16.75,48.9051094890511,0,0,2015,2017
Abdul Samad,ODIs,6,6,66,16.5,70.2127659574468,0,0,2026,2026
PR Adams,ODIs,24,9,66,16.5,53.2258064516129,0,0,1996,2003
Akhtar Sarfraz,ODIs,4,4,66,16.5,66.66666666666666,0,0,1997,1998
RJ Bright,ODIs,11,8,66,16.5,54.09836065573771,0,0,1974,1986
Mehran Khan,ODIs,4,4,66,16.5,100,0,0,2024,2024
S Vesawkar,ODIs,4,4,66,22,43.70860927152318,0,1,2018,2021
OO Bascome,ODIs,6,6,65,10.833333333333334,44.827586206896555,0,0,2008,2008
KCG Benjamin,ODIs,26,13,65,10.833333333333334,81.25,0,0,1992,1996
BJ Dwarshuis,ODIs,7,4,65,16.25,62.5,0,0,2024,2026
AM Ghazanfar,ODIs,21,11,65,6.5,98.48484848484848,0,0,2024,2026
RD King,ODIs,50,23,65,7.222222222222222,32.01970443349754,0,0,1998,2005
RG Petrie,ODIs,12,8,65,13,59.63302752293578,0,0,1990,1991
Saeed Azad,ODIs,4,4,65,16.25,49.61832061068702,0,0,1995,1996
VA Holder,ODIs,12,6,64,12.8,75.29411764705883,0,0,1973,1978
H Osinde,ODIs,42,28,64,4.266666666666667,49.23076923076923,0,0,2006,2013
PADLR Sandakan,ODIs,31,19,64,5.333333333333333,45.714285714285715,0,0,2016,2021
KF Semple,ODIs,7,6,64,10.666666666666666,38.78787878787879,0,0,1999,1999
G Coetzee,ODIs,16,8,63,7.875,67.02127659574468,0,0,2023,2026
Hasan Mahmud,ODIs,26,17,63,4.846153846153846,45.32374100719424,0,0,2021,2025
RO Hussain,ODIs,8,8,63,9,44.05594405594406,0,0,2006,2010
S Jora,ODIs,6,6,63,10.5,87.5,0,0,2019,2026
PD McGlashan,ODIs,4,2,63,63,123.52941176470588,0,1,2009,2009
N Pokana,ODIs,21,15,63,7,39.62264150943396,0,0,2017,2022
MQ Sheikh,ODIs,7,7,63,10.5,45,0,0,2008,2010
Adnan Akmal,ODIs,5,4,62,20.666666666666668,69.66292134831461,0,0,2011,2012
SD Anurasiri,ODIs,45,18,62,10.333333333333334,43.35664335664335,0,0,1986,1994
PG Coman,ODIs,3,3,62,20.666666666666668,59.61538461538461,0,0,1973,1974
CE Cuffy,ODIs,41,22,62,4.428571428571429,49.6,0,0,1994,2002
CBRLS Kumara,ODIs,32,19,62,5.636363636363637,44.285714285714285,0,0,2017,2025
JB Reva,ODIs,9,7,62,10.333333333333334,74.69879518072288,0,0,2016,2018
Shaheedur Rahman,ODIs,2,2,62,31,57.407407407407405,0,0,1986,1986
Azhar Saeed,ODIs,7,7,61,8.714285714285714,31.28205128205128,0,0,1994,1996
JC Balt,ODIs,4,4,61,20.333333333333332,54.95495495495496,0,0,2025,2026
Dolar Mahmud,ODIs,7,4,61,15.25,138.63636363636365,0,0,2008,2009
BT Foakes,ODIs,1,1,61,Inf,80.26315789473685,0,1,2019,2019
MN Hart,ODIs,13,8,61,7.625,60.396039603960396,0,0,1994,2002
JD Love,ODIs,3,3,61,20.333333333333332,61,0,0,1981,1981
EO Odumbe,ODIs,8,7,61,10.166666666666666,40.666666666666664,0,0,1996,1996
DR Parry,ODIs,6,5,61,15.25,79.22077922077922,0,0,1978,1980
Shakeel Ahmed jnr,ODIs,2,2,61,30.5,47.65625,0,0,1995,1995
L Sreekumar,ODIs,4,4,61,15.25,83.56164383561644,0,0,2015,2016
ELR Stewart,ODIs,6,6,61,15.25,52.58620689655172,0,0,1993,2002
DS Wesonga,ODIs,4,4,61,20.333333333333332,56.481481481481474,0,0,2010,2011
RM West,ODIs,10,4,61,30.5,148.78048780487805,0,0,2008,2009
Arafat Minhas,ODIs,3,3,60,30,70.58823529411765,0,0,2026,2026
GE Bradburn,ODIs,11,10,60,8.571428571428571,46.15384615384615,0,0,1990,2001
JJ Celestine,ODIs,8,8,60,7.5,44.44444444444444,0,0,2007,2008
ST Clarke,ODIs,10,8,60,10,103.44827586206897,0,0,1978,1982
Darwish Rasooli,ODIs,5,5,60,15,103.44827586206897,0,0,2026,2026
Humayun Farhat,ODIs,5,3,60,20,107.14285714285714,0,0,2001,2001
JA Jameson,ODIs,3,3,60,20,37.9746835443038,0,0,1973,1975
NC McGarrell,ODIs,17,10,60,7.5,61.224489795918366,0,0,1998,2001
Abdul Jabbar,ODIs,2,2,59,29.5,71.95121951219512,0,0,2007,2007
WD Balaji Rao,ODIs,10,8,59,7.375,66.29213483146067,0,0,2008,2011
Gazi Ashraf,ODIs,7,7,59,8.428571428571429,24.686192468619247,0,0,1986,1990
MBS Jonkman,ODIs,16,9,59,11.8,74.68354430379746,0,0,2006,2010
MA Parker,ODIs,10,8,59,9.833333333333334,56.730769230769226,0,0,2010,2010
TL Seifert,ODIs,4,3,59,19.666666666666668,105.35714285714286,0,0,2019,2025
RO Butcher,ODIs,3,3,58,19.333333333333332,85.29411764705883,0,1,1980,1981
Imran Haider,ODIs,20,14,58,8.285714285714286,42.64705882352941,0,0,2017,2019
TMK Mawoyo,ODIs,7,7,58,8.285714285714286,36.25,0,0,2006,2014
D Murphy,ODIs,8,7,58,11.6,49.152542372881356,0,0,2013,2013
Saqlain Haider,ODIs,5,4,58,14.5,75.32467532467533,0,0,2014,2016
M van Schoor,ODIs,5,5,58,14.5,52.25225225225225,0,0,2003,2003
BM Wheeler,ODIs,6,4,58,Inf,123.40425531914893,0,0,2015,2015
C Wickramasinghe,ODIs,4,3,58,19.333333333333332,57.99999999999999,0,0,2024,2025
B Yardley,ODIs,7,4,58,14.5,59.183673469387756,0,0,1978,1983
KD Boyce,ODIs,8,4,57,14.25,74.02597402597402,0,0,1973,1975
Ehsanul Haque,ODIs,6,6,57,9.5,44.18604651162791,0,0,2002,2003
Frasat Ali,ODIs,3,3,57,19,32.38636363636363,0,0,1975,1975
Mohammed Siraj,ODIs,51,21,57,7.125,42.53731343283582,0,0,2019,2026
CB Mpofu,ODIs,84,41,57,2.85,27.142857142857142,0,0,2004,2020
G Salmond,ODIs,5,5,57,11.4,52.293577981651374,0,0,1999,1999
M Shumba,ODIs,10,9,57,8.142857142857142,48.717948717948715,0,0,2021,2024
AJ Tye,ODIs,7,7,57,14.25,118.75,0,0,2018,2018
Zahid Shirzad,ODIs,6,3,57,19,190,0,1,2026,2026
RS Haire,ODIs,2,2,56,28,77.77777777777779,0,1,2008,2008
JK Lever,ODIs,22,11,56,8,36.84210526315789,0,0,1976,1982
NM Odhiambo,ODIs,8,6,56,9.333333333333334,46.28099173553719,0,0,2010,2013
Sohail Fazal,ODIs,2,2,56,28,94.91525423728814,0,0,1989,1989
LL Tsotsobe,ODIs,61,21,56,7,51.37614678899083,0,0,2009,2013
Zubayr Hamza,ODIs,1,1,56,56,70.88607594936708,0,1,2021,2021
MW Douglas,ODIs,6,6,55,9.166666666666666,44.71544715447154,0,0,1994,1995
FY Fazal,ODIs,1,1,55,Inf,90.1639344262295,0,1,2016,2016
J Figy,ODIs,2,2,55,55,75.34246575342466,0,0,2019,2020
S Kalyan,ODIs,4,4,55,13.75,45.08196721311475,0,0,2025,2025
TV Mufambisi,ODIs,6,6,55,9.166666666666666,61.111111111111114,0,0,2006,2007
SJ Palframan,ODIs,7,4,55,13.75,68.75,0,0,1996,1996
EC Rainsford,ODIs,39,23,55,5.5,41.04477611940299,0,0,2004,2010
SK Ranasinghe,ODIs,4,3,55,18.333333333333332,67.90123456790124,0,0,1986,1986
RK Singh,ODIs,2,2,55,27.5,134.14634146341464,0,0,2023,2023
Abdul Shakoor,ODIs,3,3,54,18,52.94117647058824,0,0,2015,2018
Arshad Ali,ODIs,4,4,54,13.5,52.94117647058824,0,0,2004,2008
RJ Campbell,ODIs,2,2,54,27,77.14285714285715,0,0,2002,2002
RD Jackman,ODIs,15,9,54,6.75,58.06451612903226,0,0,1974,1983
RWT Key,ODIs,5,5,54,10.8,40,0,0,2003,2004
MP Kuhnemann,ODIs,8,5,54,13.5,56.84210526315789,0,0,2022,2026
BJ McKechnie,ODIs,14,8,54,13.5,37.24137931034483,0,0,1975,1981
Mohammad Iqbal,ODIs,5,5,54,10.8,67.5,0,0,2007,2008
JV Paranjpe,ODIs,4,4,54,18,59.34065934065934,0,0,1998,1998
AP Patel,ODIs,5,3,54,27,94.73684210526315,0,0,2024,2026
RG Samuels,ODIs,8,5,54,18,85.71428571428571,0,0,1996,1997
RK Sethi,ODIs,3,3,54,18,29.18918918918919,0,0,1975,1975
S Venkataraghavan,ODIs,15,9,54,10.8,42.857142857142854,0,0,1974,1983
BCJ Cutting,ODIs,4,2,53,26.5,79.1044776119403,0,0,2013,2014
DDP D'Silva,ODIs,6,5,53,13.25,44.537815126050425,0,0,2019,2020
Ghulam Ali,ODIs,3,3,53,17.666666666666668,43.80165289256198,0,0,1993,1995
Mafizur Rahman,ODIs,4,4,53,17.666666666666668,50.96153846153846,0,0,1997,1997
Manjural Islam,ODIs,34,22,53,5.888888888888889,39.55223880597015,0,0,1999,2003
Mohammad Hasnain,ODIs,15,7,53,17.666666666666668,155.88235294117646,0,0,2019,2025
Mohammad Sharif,ODIs,9,9,53,13.25,51.9607843137255,0,0,2001,2007
RAP Nissanka,ODIs,23,13,53,6.625,37.857142857142854,0,0,2001,2003
Pramod Madushan,ODIs,13,9,53,7.571428571428571,44.166666666666664,0,0,2022,2026
BM Tickner,ODIs,18,10,53,13.25,76.81159420289855,0,0,2022,2026
DL Underwood,ODIs,26,13,53,5.888888888888889,39.849624060150376,0,0,1973,1982
CAK Walton,ODIs,9,8,53,6.625,61.627906976744185,0,0,2009,2017
AJ Woodcock,ODIs,1,1,53,53,79.1044776119403,0,1,1974,1974
JE Brinkley,ODIs,5,5,52,10.4,44.06779661016949,0,0,1999,1999
TK Canning,ODIs,4,4,52,17.333333333333332,71.23287671232876,0,0,2003,2005
AK Perera,ODIs,6,4,52,13,62.65060240963856,0,0,2013,2019
RN Bhatia,ODIs,9,9,51,7.285714285714286,45.94594594594595,0,0,2022,2024
CS Cowdrey,ODIs,3,3,51,25.5,110.86956521739131,0,0,1985,1985
D Dasgupta,ODIs,5,4,51,17,62.19512195121951,0,0,2001,2001
AH Gray,ODIs,25,11,51,8.5,66.23376623376623,0,0,1985,1991
T Lungameni,ODIs,35,18,51,5.666666666666667,46.36363636363636,0,0,2022,2025
A Mithun,ODIs,5,3,51,17,92.72727272727272,0,0,2010,2011
AA Paradkar,ODIs,6,5,51,12.75,63.74999999999999,0,0,2021,2024
CA Pujara,ODIs,5,5,51,10.2,39.23076923076923,0,0,2013,2014
RA Reifer,ODIs,6,5,51,10.2,50.495049504950494,0,0,2019,2023
BS Sandhu,ODIs,22,7,51,12.75,52.57731958762887,0,0,1982,1984
Usman Khan,ODIs,2,2,51,25.5,102,0,0,2025,2025
WA Agar,ODIs,2,2,50,25,119.04761904761905,0,0,2021,2021
DE Bollinger,ODIs,39,8,50,8.333333333333334,92.5925925925926,0,0,2009,2011
NE Clarke,ODIs,5,5,50,10,44.642857142857146,0,0,1996,1996
JG Heron,ODIs,6,6,50,8.333333333333334,30.67484662576687,0,0,1983,1983
PA Horne,ODIs,4,4,50,12.5,40.98360655737705,0,0,1987,1987
J Lewis,ODIs,13,8,50,8.333333333333334,79.36507936507937,0,0,2005,2007
RTM Mendis,ODIs,4,4,50,25,100,0,0,2021,2022
IM Stanger,ODIs,5,5,50,10,33.33333333333333,0,0,1999,2006
J Theron,ODIs,18,12,50,5,49.01960784313725,0,0,2010,2022
CT Tremlett,ODIs,15,11,50,7.142857142857143,56.17977528089888,0,0,2005,2011
Zeeshan Siddiqi,ODIs,2,2,50,25,45.04504504504504,0,0,2012,2014
ST Banerjee,ODIs,6,5,49,24.5,116.66666666666667,0,0,1991,1992
DB Close,ODIs,3,3,49,16.333333333333332,98,0,0,1972,1972
WW Daniel,ODIs,18,5,49,49,87.5,0,0,1978,1984
ZG Foulkes,ODIs,9,5,49,24.5,89.0909090909091,0,0,2024,2026
DJ Gandhi,ODIs,3,3,49,16.333333333333332,50.51546391752577,0,0,1999,2000
CK Hooper,ODIs,5,5,49,16.333333333333332,81.66666666666667,0,0,2007,2010
Maninder Singh,ODIs,59,18,49,12.25,54.44444444444444,0,0,1983,1993
E Otieno,ODIs,26,17,49,4.9,36.029411764705884,0,0,2007,2014
D Ranatunga,ODIs,4,4,49,12.25,31.41025641025641,0,0,1990,1990
BA Reid,ODIs,61,21,49,3.769230769230769,41.88034188034188,0,0,1986,1992
GK Robertson,ODIs,10,6,49,8.166666666666666,102.08333333333333,0,0,1981,1989
MMC Schewe,ODIs,5,4,49,16.333333333333332,72.05882352941177,0,0,1996,1996
SS Tiwary,ODIs,3,2,49,Inf,87.5,0,0,2010,2010
KEA Upashantha,ODIs,12,8,49,7,56.97674418604651,0,0,1995,2001
BTJ Wheal,ODIs,18,9,49,8.166666666666666,62.82051282051282,0,0,2016,2024
Arafat Sunny,ODIs,16,11,48,12,52.17391304347826,0,0,2014,2015
GG Arnold,ODIs,14,6,48,16,64,0,0,1972,1975
JH Hampshire,ODIs,3,3,48,24,55.81395348837209,0,0,1971,1972
RJ Harris,ODIs,21,13,48,8,100,0,0,2009,2012
Irfan Khan,ODIs,9,6,48,8,64.86486486486487,0,0,2024,2025
S Joseph,ODIs,10,5,48,48,109.09090909090908,0,0,2024,2026
PD Machhi,ODIs,5,5,48,9.6,60.75949367088608,0,0,2021,2026
Mohammad Irfan,ODIs,60,33,48,4,32.21476510067114,0,0,2010,2016
MW Pringle,ODIs,17,8,48,9.6,85.71428571428571,0,0,1992,1994
TB Robinson,ODIs,3,3,48,16,102.12765957446808,0,0,2024,2024
PC Strydom,ODIs,10,8,48,9.6,51.06382978723404,0,0,2000,2000
MG Vandort,ODIs,1,1,48,48,41.02564102564102,0,0,2006,2006
A Busing-Volschenk,ODIs,4,3,48,16,39.02439024390244,0,0,2026,2026
JJ Whitaker,ODIs,2,2,48,48,73.84615384615385,0,0,1987,1987
Zafar Iqbal,ODIs,8,6,48,8,77.41935483870968,0,0,1995,1995
Zulqarnain Haider,ODIs,4,4,48,24,70.58823529411765,0,0,2010,2010
BF Calitz,ODIs,3,3,47,15.666666666666666,104.44444444444446,0,0,2026,2026
A Codrington,ODIs,9,8,47,5.875,51.08695652173913,0,0,2003,2007
JJ Davidson,ODIs,10,5,47,Inf,120.51282051282051,0,0,2024,2026
FA Dennis,ODIs,3,3,47,15.666666666666666,27.485380116959064,0,0,1979,1979
Fayyaz Ahmed,ODIs,3,3,47,47,47,0,0,2014,2016
ER Fernando,ODIs,3,3,47,15.666666666666666,71.21212121212122,0,0,1975,1975
Sarandeep Singh,ODIs,5,4,47,15.666666666666666,64.38356164383562,0,0,2002,2003
Tanvir Islam,ODIs,14,9,47,5.875,70.1492537313433,0,0,2025,2026
BGK Walker,ODIs,11,7,47,15.666666666666666,59.49367088607595,0,0,2000,2002
ME Sanuth,ODIs,3,2,46,23,117.94871794871796,0,0,2020,2020
Fareed Ahmad,ODIs,20,9,46,9.2,52.87356321839081,0,0,2014,2026
Jawahir Shah,ODIs,3,3,46,15.333333333333334,40.35087719298245,0,0,1975,1975
R Klein,ODIs,15,11,46,5.111111111111111,50,0,0,2022,2026
KK Nair,ODIs,2,2,46,23,52.27272727272727,0,0,2016,2016
Noor Ahmad,ODIs,13,6,46,9.2,71.875,0,0,2022,2025
J Nyumbu,ODIs,19,14,46,4.6,51.68539325842697,0,0,2014,2015
PP Ojha,ODIs,18,10,46,23,41.07142857142857,0,0,2008,2012
IR Redpath,ODIs,5,5,46,9.2,68.65671641791045,0,0,1971,1975
Skhawat Ali,ODIs,4,4,46,11.5,42.201834862385326,0,0,2008,2014
TB Sole,ODIs,10,7,46,7.666666666666667,106.9767441860465,0,0,2018,2019
Azeem Hafeez,ODIs,15,10,45,15,43.269230769230774,0,0,1983,1985
TH David,ODIs,4,4,45,11.25,84.90566037735849,0,0,2023,2023
M Karg,ODIs,3,2,45,22.5,69.23076923076923,0,0,2003,2003
DA Murray,ODIs,10,7,45,9,32.142857142857146,0,0,1973,1981
MJ Potts,ODIs,11,6,45,45,72.58064516129032,0,0,2022,2025
GR Robertson,ODIs,13,7,45,15,81.81818181818183,0,0,1994,1998
S Thuraisingam,ODIs,10,9,45,6.428571428571429,41.66666666666667,0,0,2003,2008
PJ Wiseman,ODIs,15,7,45,22.5,54.21686746987952,0,0,1998,2003
PRP Boissevain,ODIs,6,6,44,7.333333333333333,55.00000000000001,0,0,2021,2022
VR Brown,ODIs,3,3,44,14.666666666666666,51.76470588235295,0,0,1988,1988
NA de Groot,ODIs,6,6,44,7.333333333333333,34.645669291338585,0,0,2003,2003
Golam Faruq,ODIs,5,4,44,22,42.30769230769231,0,0,1986,1990
AV Mankad,ODIs,1,1,44,44,72.1311475409836,0,0,1974,1974
RD McCann,ODIs,8,5,44,11,57.14285714285714,0,0,2010,2010
NT Nyamhuri,ODIs,8,5,44,8.8,58.666666666666664,0,0,2024,2026
BP Patterson,ODIs,59,20,44,8.8,43.56435643564357,0,0,1986,1993
RH Poonawala,ODIs,2,2,44,22,78.57142857142857,0,0,1994,1994
LN Rajbanshi,ODIs,52,30,44,4,24.719101123595504,0,0,2019,2026
S Sreesanth,ODIs,53,21,44,4,36.36363636363637,0,0,2005,2011
JH Stander,ODIs,5,5,44,11,58.666666666666664,0,0,2009,2012
HR Bryan,ODIs,15,8,43,7.166666666666667,60.56338028169014,0,0,1999,1999
S Dube,ODIs,6,5,43,8.6,87.75510204081633,0,0,2019,2026
Ehsan Adil,ODIs,9,5,43,10.75,75.43859649122807,0,0,2013,2026
Faisal Hossain,ODIs,6,5,43,10.75,47.25274725274725,0,0,2004,2010
KHRK Fernando,ODIs,7,5,43,21.5,59.72222222222222,0,0,2002,2006
AR Kapoor,ODIs,17,6,43,7.166666666666667,68.25396825396825,0,0,1995,2000
A Mishra,ODIs,36,11,43,5.375,52.4390243902439,0,0,2003,2016
VM Nyauchi,ODIs,10,6,43,7.166666666666667,82.6923076923077,0,0,2022,2023
Salman Faris,ODIs,3,3,43,14.333333333333334,54.43037974683544,0,0,2014,2014
WN Slack,ODIs,2,2,43,21.5,50.588235294117645,0,0,1986,1986
GB Stevenson,ODIs,4,4,43,43,76.78571428571429,0,0,1980,1981
SJ Swanepoel,ODIs,5,5,43,8.6,45.744680851063826,0,0,2003,2003
Anwar Hossain,ODIs,1,1,42,42,39.25233644859813,0,0,2002,2002
Azmat Rana,ODIs,2,2,42,42,57.534246575342465,0,0,1978,1978
MJ Fourie,ODIs,7,5,42,21,82.35294117647058,0,0,2007,2008
GJ Gilmour,ODIs,5,2,42,42,107.6923076923077,0,0,1974,1975
Haider Ali,ODIs,2,2,42,21,127.27272727272727,0,0,2020,2020
JN Maguire,ODIs,23,11,42,7,59.154929577464785,0,0,1983,1984
JL Pattinson,ODIs,15,8,42,10.5,52.5,0,0,2011,2015
MH Richardson,ODIs,4,4,42,10.5,43.29896907216495,0,0,2002,2002
N Burger,ODIs,14,9,41,13.666666666666666,35.96491228070175,0,0,2023,2025
JS Foster,ODIs,11,6,41,13.666666666666666,57.74647887323944,0,0,2001,2002
SP Heaney,ODIs,4,4,41,10.25,44.565217391304344,0,0,2006,2006
PA Hitchcock,ODIs,14,7,41,10.25,67.21311475409836,0,0,2002,2008
Mehmood Quaraishy,ODIs,3,3,41,20.5,26.623376623376622,0,0,1975,1975
KY Ottley,ODIs,4,4,41,10.25,56.16438356164384,0,0,2021,2024
Parveen Kumar,ODIs,7,4,41,13.666666666666666,87.2340425531915,0,0,2024,2025
WP Saha,ODIs,9,5,41,13.666666666666666,73.21428571428571,0,0,2010,2014
Shafiq Ahmed,ODIs,3,3,41,13.666666666666666,45.05494505494506,0,0,1977,1978
SR Welsh,ODIs,3,3,41,20.5,52.56410256410257,0,0,2006,2008
Bilal Asif,ODIs,3,3,40,13.333333333333334,81.63265306122449,0,0,2015,2015
PC Connell,ODIs,13,5,40,20,54.794520547945204,0,0,2008,2010
DR Hadlee,ODIs,11,7,40,8,47.05882352941176,0,0,1973,1976
Khaliq Dad,ODIs,6,4,40,13.333333333333334,57.971014492753625,0,0,2009,2010
PS Masvaure,ODIs,2,2,40,20,66.66666666666666,0,0,2018,2018
A Nortje,ODIs,22,7,40,6.666666666666667,67.79661016949152,0,0,2019,2023
ML Patel,ODIs,3,3,40,13.333333333333334,42.10526315789473,0,0,2004,2006
SJ Rixon,ODIs,6,6,40,13.333333333333334,40.816326530612244,0,0,1978,1985
DJ ter Braak,ODIs,2,2,40,20,42.5531914893617,0,0,2018,2018
Usama Mir,ODIs,12,6,40,6.666666666666667,117.64705882352942,0,0,2023,2023
MR Whitney,ODIs,38,13,40,6.666666666666667,44.44444444444444,0,0,1983,1993
GA Briant,ODIs,5,5,39,13,56.52173913043478,0,0,1993,1993
KDC Clarke,ODIs,4,3,39,19.5,139.28571428571428,0,0,2026,2026
SS Das,ODIs,4,4,39,13,50.649350649350644,0,0,2001,2002
KSC de Silva,ODIs,38,19,39,6.5,42.391304347826086,0,0,1996,2000
DR Gilbert,ODIs,14,8,39,7.8,38.23529411764706,0,0,1986,1986
MADI Hemantha,ODIs,5,4,39,19.5,100,0,0,2023,2023
Iqbal Qasim,ODIs,15,7,39,6.5,43.333333333333336,0,0,1977,1988
N Kruger,ODIs,2,2,39,19.5,52,0,0,2011,2011
GD Lloyd,ODIs,6,5,39,9.75,48.75,0,0,1996,1998
TBA May,ODIs,47,12,39,9.75,75,0,0,1987,1995
LS Pascoe,ODIs,29,11,39,9.75,38.23529411764706,0,0,1977,1982
Ramveer Rai,ODIs,1,1,39,39,31.451612903225808,0,0,2004,2004
RH Scholte,ODIs,5,5,39,7.8,28.888888888888886,0,0,2002,2003
Shahidullah,ODIs,3,3,39,13,54.929577464788736,0,0,2022,2023
A Shahzad,ODIs,11,8,39,6.5,65,0,0,2010,2011
T Shamsi,ODIs,55,15,39,9.75,56.52173913043478,0,0,2016,2025
Zuhaib Zubair,ODIs,4,4,39,9.75,79.59183673469387,0,0,2024,2026
Zulfiqar Ali,ODIs,3,3,39,19.5,51.31578947368421,0,0,1975,1975
JT Ball,ODIs,18,6,38,9.5,77.55102040816327,0,0,2016,2018
CJD Chappell,ODIs,3,3,38,12.666666666666666,26.573426573426573,0,0,1979,1979
PP Chawla,ODIs,25,12,38,5.428571428571429,65.51724137931035,0,0,2007,2011
Jaskaran Singh,ODIs,3,3,38,12.666666666666666,60.317460317460316,0,0,2025,2025
CKB Kulasekara,ODIs,4,3,38,12.666666666666666,52.77777777777778,0,0,2011,2012
D Madushanka,ODIs,31,13,38,9.5,42.22222222222222,0,0,2023,2026
PJ Martin,ODIs,20,13,38,6.333333333333333,71.69811320754717,0,0,1995,1998
Mohammad Aslam,ODIs,4,4,38,9.5,52.054794520547944,0,0,1996,1996
N M'shangwe,ODIs,6,6,38,7.6,84.44444444444444,0,0,2011,2014
SS Naik,ODIs,2,2,38,19,55.88235294117647,0,0,1974,1974
Najeeb Amar,ODIs,4,4,38,12.666666666666666,59.375,0,0,2004,2008
GH O'Brien,ODIs,9,7,38,5.428571428571429,70.37037037037037,0,0,2006,2008
Saad Masood,ODIs,1,1,38,38,86.36363636363636,0,0,2026,2026
Shahid Ahmadzai,ODIs,7,6,38,9.5,60.317460317460316,0,0,2024,2025
K Sinclair,ODIs,7,3,38,19,59.375,0,0,2022,2023
S Walusimbi,ODIs,3,3,38,12.666666666666666,30.158730158730158,0,0,1975,1975
PN Webb,ODIs,5,5,38,9.5,37.62376237623762,0,0,1983,1984
JA Clarkson,ODIs,6,5,37,7.4,67.27272727272727,0,0,2023,2026
KAR Hodge,ODIs,4,3,37,12.333333333333334,78.72340425531915,0,0,2023,2024
MP Jarvis,ODIs,12,5,37,18.5,55.223880597014926,0,0,1987,1995
Naveen-ul-Haq,ODIs,15,10,37,7.4,68.51851851851852,0,0,2016,2023
MJ Owen,ODIs,3,2,37,18.5,137.03703703703704,0,0,2025,2025
TS Roland-Jones,ODIs,1,1,37,Inf,100,0,0,2017,2017
Saiful Islam,ODIs,7,4,37,18.5,62.71186440677966,0,0,1990,1997
Shahid Anwar,ODIs,1,1,37,37,84.0909090909091,0,0,1996,1996
DJ White,ODIs,3,3,37,12.333333333333334,38.144329896907216,0,0,1990,1990
Aaditya Varadarajan,ODIs,3,3,36,12,58.06451612903226,0,0,2024,2024
Ankur Vasishta,ODIs,4,4,36,12,52.17391304347826,0,0,2014,2014
E Bosch,ODIs,3,2,36,36,163.63636363636365,0,0,2025,2026
PW Gunaratne,ODIs,23,8,36,7.2,57.14285714285714,0,0,2002,2003
Gurnoor Brar,ODIs,9,4,36,18,85.71428571428571,0,0,2026,2026
MF Malone,ODIs,10,7,36,9,57.14285714285714,0,0,1977,1982
G Mylvaganam,ODIs,3,3,36,12,39.130434782608695,0,0,1996,1996
AR Pitcher,ODIs,4,4,36,9,40.44943820224719,0,0,2006,2007
KR Pushpakumara,ODIs,31,9,36,9,69.23076923076923,0,0,1994,1999
Saleem Jaffar,ODIs,39,13,36,18,49.31506849315068,0,0,1986,1990
RB Simpson,ODIs,2,2,36,18,67.9245283018868,0,0,1978,1978
LO Tikolo,ODIs,3,2,36,Inf,48,0,0,1996,1996
JO Troughton,ODIs,6,5,36,9,47.368421052631575,0,0,2003,2003
PKD Chase,ODIs,25,16,35,3.5,62.5,0,0,2015,2018
H Durham,ODIs,9,7,35,8.75,33.33333333333333,0,0,2006,2006
G Dymock,ODIs,15,7,35,11.666666666666666,42.68292682926829,0,0,1974,1980
N Pradeep,ODIs,49,25,35,4.375,42.168674698795186,0,0,2012,2022
Jay Odedra,ODIs,24,10,35,4.375,50,0,0,2019,2026
Joginder Sharma,ODIs,4,3,35,35,116.66666666666667,0,0,2004,2007
C McAuslan,ODIs,2,2,35,17.5,48.61111111111111,0,0,2017,2017
Nazmul Hossain,ODIs,38,21,35,4.375,27.34375,0,0,2004,2012
JO Ngoche,ODIs,17,11,35,5,41.17647058823529,0,0,2010,2013
KT Sandher,ODIs,15,10,35,5.833333333333333,32.71028037383177,0,0,2006,2007
AR Tait,ODIs,5,5,35,11.666666666666666,109.375,0,0,1998,1999
RJW Topley,ODIs,30,14,35,11.666666666666666,50,0,0,2015,2024
SD Udal,ODIs,11,7,35,11.666666666666666,76.08695652173914,0,0,1994,2005
MWA van Nierop,ODIs,2,2,35,35,71.42857142857143,0,0,2006,2006
SM Warnapura,ODIs,3,3,35,11.666666666666666,46.05263157894737,0,0,2007,2008
Zulfiqar Babar,ODIs,5,5,35,17.5,87.5,0,0,2014,2015
RP Alexander,ODIs,2,2,34,17,45.33333333333333,0,0,2004,2004
SA Ankola,ODIs,20,13,34,3.7777777777777777,80.95238095238095,0,0,1989,1997
Ata-ur-Rehman,ODIs,30,13,34,4.857142857142857,44.73684210526316,0,0,1992,1996
Atiq-uz-Zaman,ODIs,3,3,34,17,94.44444444444444,0,0,2000,2000
ID Austin,ODIs,9,6,34,6.8,69.38775510204081,0,0,1998,1999
RO Collinge,ODIs,15,9,34,5.666666666666667,54.83870967741935,0,0,1973,1978
O Davidson,ODIs,9,4,34,11.333333333333334,53.125,0,0,2022,2026
N Dhamba,ODIs,10,6,34,8.5,57.6271186440678,0,0,2021,2022
RMS Eranga,ODIs,19,11,34,11.333333333333334,53.125,0,0,2011,2016
BN French,ODIs,13,8,34,6.8,47.88732394366197,0,0,1985,1988
AS Luseno,ODIs,10,9,34,17,68,0,0,2003,2010
M Mbangwa,ODIs,29,13,34,4.857142857142857,60.71428571428571,0,0,1996,2002
Mohammad Asif,ODIs,38,16,34,3.7777777777777777,34,0,0,2005,2010
J Moondra,ODIs,3,2,34,17,87.17948717948718,0,0,2026,2026
LR Naylor,ODIs,2,2,34,17,79.06976744186046,0,0,2023,2025
CG Rackemann,ODIs,52,18,34,2.8333333333333335,44.15584415584416,0,0,1983,1991
TT Smart,ODIs,2,2,34,17,36.17021276595745,0,0,2004,2004
TC Bruce,ODIs,2,2,33,33,94.28571428571428,0,0,2025,2025
T Gibbons,ODIs,2,2,33,16.5,33.6734693877551,0,0,2006,2006
LWS Kaluperuma,ODIs,4,3,33,Inf,55.00000000000001,0,0,1975,1982
RR Kulkarni,ODIs,10,5,33,16.5,84.61538461538461,0,0,1983,1987
RJ McCurdy,ODIs,11,6,33,8.25,46.478873239436616,0,0,1985,1985
GE Peckover,ODIs,3,3,33,16.5,61.111111111111114,0,0,1983,1983
PARP Perera,ODIs,2,2,33,16.5,56.896551724137936,0,0,2019,2019
S Snater,ODIs,4,4,33,11,122.22222222222223,0,0,2018,2022
AS Wassan,ODIs,9,6,33,8.25,58.92857142857143,0,0,1990,1991
TM Alderman,ODIs,65,18,32,2.6666666666666665,32.98969072164948,0,0,1981,1991
RE Bryson,ODIs,7,4,32,32,128,0,0,1997,1997
D Cleaver,ODIs,1,1,32,32,86.48648648648648,0,0,2022,2022
Karim Janat,ODIs,3,3,32,10.666666666666666,68.08510638297872,0,0,2017,2023
BP Kruger,ODIs,5,3,32,10.666666666666666,64,0,0,2010,2011
CT Mumba,ODIs,7,7,32,8,58.18181818181818,0,0,2016,2020
CW Perchard,ODIs,5,4,32,32,84.21052631578947,0,0,2023,2023
SLV Raju,ODIs,53,16,32,4,47.76119402985074,0,0,1990,1996
JD Siddons,ODIs,1,1,32,32,86.48648648648648,0,0,1988,1988
SP Terry,ODIs,5,5,32,6.4,47.76119402985074,0,0,2016,2016
Amir Hayat,ODIs,9,6,31,10.333333333333334,42.465753424657535,0,0,2018,2019
BS Bedi,ODIs,10,7,31,6.2,44.285714285714285,0,0,1974,1979
HM Goonatilleke,ODIs,6,4,31,31,53.44827586206896,0,0,1982,1982
PW Jarvis,ODIs,16,8,31,5.166666666666667,79.48717948717949,0,0,1988,1993
C Jonker,ODIs,2,2,31,15.5,93.93939393939394,0,0,2018,2018
S Mahmood,ODIs,18,7,31,10.333333333333334,58.490566037735846,0,0,2020,2026
GC Martin,ODIs,5,4,31,7.75,47.69230769230769,0,0,1994,1995
MN Nawaz,ODIs,3,3,31,15.5,43.66197183098591,0,0,1998,2002
JD Nel,ODIs,19,10,31,15.5,57.407407407407405,0,0,2006,2010
MM Sharma,ODIs,26,9,31,7.75,46.96969696969697,0,0,2013,2015
PM Siddle,ODIs,20,6,31,10.333333333333334,103.33333333333334,0,0,2009,2019
Sikander Bakht,ODIs,27,11,31,7.75,31.958762886597935,0,0,1977,1989
Simranjeet Singh,ODIs,6,4,31,10.333333333333334,29.523809523809526,0,0,2025,2025
RW Sims,ODIs,3,2,31,31,46.26865671641791,0,0,2002,2003
RD Woolley,ODIs,4,3,31,31,81.57894736842105,0,0,1983,1983
M Yachad,ODIs,1,1,31,31,40.25974025974026,0,0,1991,1991
BE Young,ODIs,6,3,31,15.5,65.95744680851064,0,0,1998,1999
GJ Batty,ODIs,10,8,30,5,41.0958904109589,0,0,2002,2009
Bilal Khan,ODIs,49,21,30,3,41.0958904109589,0,0,2019,2024
SL Boock,ODIs,14,7,30,10,96.7741935483871,0,0,1978,1987
M Cheruparambil,ODIs,2,2,30,15,57.692307692307686,0,0,2004,2004
PT Collins,ODIs,30,12,30,4.285714285714286,60,0,0,1999,2005
BL D'Oliveira,ODIs,4,4,30,10,69.76744186046511,0,0,1971,1972
J Edwards,ODIs,2,2,30,15,66.66666666666666,0,0,2026,2026
Ehsan Nawaz,ODIs,12,10,30,5,34.48275862068966,0,0,2014,2018
MVT Fernando,ODIs,8,8,30,15,49.18032786885246,0,0,2017,2019
EE Hemmings,ODIs,33,12,30,5,49.18032786885246,0,0,1982,1991
AJ Ireland,ODIs,26,13,30,3.75,29.7029702970297,0,0,2005,2007
D Jansen,ODIs,3,3,30,30,142.85714285714286,0,0,2026,2026
RM Jariwala,ODIs,4,4,30,7.5,60,0,0,2022,2022
Mohammad Haris,ODIs,6,5,30,7.5,85.71428571428571,0,0,2022,2023
Naman Dhir,ODIs,3,1,30,30,142.85714285714286,0,0,2026,2026
IT Shillingford,ODIs,2,2,30,15,78.94736842105263,0,0,1978,1978
JCB Vaughan,ODIs,3,3,30,10,54.54545454545454,0,0,1979,1979
JS Ababu,ODIs,9,5,29,9.666666666666666,46.03174603174603,0,0,1999,2006
TCB Fernando,ODIs,17,10,29,7.25,49.152542372881356,0,0,2001,2003
BD Glover,ODIs,9,6,29,14.5,63.04347826086957,0,0,2019,2023
BHG Gorlee,ODIs,3,3,29,9.666666666666666,52.72727272727272,0,0,2022,2022
Hashir Dafedar,ODIs,4,3,29,14.5,47.540983606557376,0,0,2025,2025
Hasnain Ul Wahab,ODIs,2,2,29,14.5,64.44444444444444,0,0,2026,2026
BW Hilfenhaus,ODIs,25,11,29,9.666666666666666,42.028985507246375,0,0,2007,2012
Imran Abbas,ODIs,2,2,29,14.5,46.03174603174603,0,0,2000,2000
DI Joyce,ODIs,3,3,29,9.666666666666666,51.78571428571429,0,0,2006,2007
GF Linde,ODIs,4,3,29,14.5,76.31578947368422,0,0,2021,2025
A Neill,ODIs,9,6,29,14.5,70.73170731707317,0,0,2019,2023
ARM Opatha,ODIs,5,3,29,9.666666666666666,52.72727272727272,0,0,1975,1979
KJ Wright,ODIs,5,2,29,14.5,55.769230769230774,0,0,1979,1979
Abrar Ahmed,ODIs,19,9,28,14,96.55172413793103,0,0,2024,2026
Adeel Raja,ODIs,21,12,28,2.8,20.14388489208633,0,0,2002,2011
AS Chima,ODIs,2,2,28,14,96.55172413793103,0,0,2026,2026
WW Davis,ODIs,35,5,28,14,52.83018867924528,0,0,1983,1988
JI de Villiers,ODIs,8,7,28,4.666666666666667,43.75,0,0,2020,2025
JD Hall,ODIs,3,3,28,9.333333333333334,37.333333333333336,0,0,2010,2010
Kamran Hussain,ODIs,2,1,28,Inf,133.33333333333331,0,0,2008,2008
E Malinga,ODIs,10,7,28,7,37.83783783783784,0,0,2025,2026
DS Mohanty,ODIs,45,11,28,5.6,49.122807017543856,0,0,1997,2001
Taslim Arif,ODIs,2,2,28,14,48.275862068965516,0,0,1980,1980
Usman Rafiq,ODIs,2,2,28,28,70,0,0,2023,2023
KS Airee,ODIs,3,3,27,27,112.5,0,0,2020,2022
TL Chivanga,ODIs,9,7,27,9,72.97297297297297,0,0,2022,2026
TJ Franklin,ODIs,3,3,27,9,30.337078651685395,0,0,1983,1988
TG Gordon,ODIs,5,5,27,5.4,45.76271186440678,0,0,2011,2011
TJ Heggelman,ODIs,5,5,27,5.4,31.76470588235294,0,0,2010,2011
HAPW Jayawardene,ODIs,6,5,27,5.4,61.36363636363637,0,0,2003,2007
TP Kamungozi,ODIs,14,11,27,5.4,49.09090909090909,0,0,2006,2015
BL Kotze,ODIs,5,4,27,9,52.94117647058824,0,0,2003,2003
DS Kulkarni,ODIs,12,2,27,Inf,96.42857142857143,0,0,2014,2016
WM Lawry,ODIs,1,1,27,27,55.10204081632652,0,0,1971,1971
Mohsin Kamal,ODIs,19,6,27,9,67.5,0,0,1984,1989
Mujahid Jamshed,ODIs,4,3,27,13.5,50,0,0,1997,1997
RJ Robinson,ODIs,3,2,27,13.5,67.5,0,0,2007,2009
Rumman Raees,ODIs,9,4,27,9,112.5,0,0,2017,2018
ED Solkar,ODIs,7,6,27,4.5,34.177215189873415,0,0,1974,1976
BA Williams,ODIs,25,6,27,13.5,58.69565217391305,0,0,2002,2004
Zakir Khan,ODIs,17,5,27,27,42.857142857142854,0,0,1984,1990
Aizaz Cheema,ODIs,14,6,26,8.666666666666666,57.77777777777777,0,0,2011,2012
U Bhagwan,ODIs,4,2,26,26,92.85714285714286,0,0,2024,2024
BJ Diamanti,ODIs,1,1,26,Inf,118.18181818181819,0,0,2009,2009
B Fernando,ODIs,4,3,26,8.666666666666666,72.22222222222221,0,0,2021,2021
BG Hadlee,ODIs,2,2,26,26,27.956989247311824,0,0,1975,1975
Haider Ali,ODIs,10,7,26,4.333333333333333,24.761904761904763,0,0,2025,2026
Hamza Tahir,ODIs,31,8,26,4.333333333333333,33.33333333333333,0,0,2019,2023
RC Haynes,ODIs,8,6,26,5.2,39.39393939393939,0,0,1989,1991
Khurram Nawaz,ODIs,3,2,26,26,53.06122448979592,0,0,2019,2019
A Kuruvilla,ODIs,25,11,26,3.7142857142857144,60.46511627906976,0,0,1997,1997
Mosharraf Hossain,ODIs,5,5,26,6.5,34.66666666666667,0,0,2008,2016
MS Panesar,ODIs,26,8,26,5.2,28.57142857142857,0,0,2007,2007
Pervez Mir,ODIs,3,3,26,13,59.09090909090909,0,0,1975,1977
CEB Rice,ODIs,3,2,26,13,70.27027027027027,0,0,1991,1991
TG Shaw,ODIs,9,6,26,13,74.28571428571429,0,0,1991,1994
SL Stewart,ODIs,4,4,26,6.5,44.06779661016949,0,0,2010,2010
Tareq Aziz,ODIs,10,8,26,26,35.61643835616438,0,0,2002,2004
BO van Rooi,ODIs,3,3,26,26,68.42105263157895,0,0,2003,2003
RJ van Vuuren,ODIs,5,5,26,8.666666666666666,68.42105263157895,0,0,2003,2003
Wasim Haider,ODIs,3,2,26,13,37.142857142857146,0,0,1992,1992
Zain Abbas,ODIs,1,1,26,Inf,48.148148148148145,0,0,2008,2008
Sultan Zarawani,ODIs,7,6,26,4.333333333333333,41.935483870967744,0,0,1994,1996
RJ Blakey,ODIs,3,2,25,12.5,50,0,0,1992,1993
DK Butler,ODIs,5,4,25,25,73.52941176470588,0,0,2005,2006
JJ Dawood,ODIs,2,1,25,Inf,131.57894736842107,0,0,2009,2010
MLC Foster,ODIs,2,1,25,25,40.32258064516129,0,0,1973,1973
S Jeganathan,ODIs,5,4,25,8.333333333333334,64.1025641025641,0,0,1983,1988
GMC Mol,ODIs,6,4,25,12.5,46.2962962962963,0,0,2007,2008
Nasir Ahmed,ODIs,7,4,25,12.5,40.32258064516129,0,0,1988,1990
A Patel,ODIs,2,1,25,25,86.20689655172413,0,0,2003,2003
Saleem Altaf,ODIs,6,2,25,25,47.16981132075472,0,0,1973,1978
Sayed Shirzad,ODIs,2,1,25,25,147.05882352941177,0,0,2019,2019
Shahid Nazir,ODIs,17,8,25,25,58.139534883720934,0,0,1996,2000
Sohail Khan,ODIs,13,6,25,5,49.01960784313725,0,0,2008,2016
SW Tait,ODIs,35,7,25,12.5,86.20689655172413,0,0,2007,2011
MR Benson,ODIs,1,1,24,24,41.37931034482759,0,0,1986,1986
S Bhari,ODIs,11,7,24,12,44.44444444444444,0,0,2020,2022
AN French,ODIs,2,2,24,12,28.57142857142857,0,0,2004,2004
ST Gabriel,ODIs,25,16,24,3.4285714285714284,38.095238095238095,0,0,2016,2019
SF Graf,ODIs,11,6,24,4,48,0,0,1980,1981
Hazrat Bilal,ODIs,7,4,24,24,34.78260869565217,0,0,2022,2023
BE Hendricks,ODIs,10,4,24,8,53.333333333333336,0,0,2019,2023
VR Iyer,ODIs,2,2,24,12,60,0,0,2022,2022
JPR Lamsam,ODIs,2,2,24,12,51.06382978723404,0,0,2004,2008
SW Lubbers,ODIs,4,4,24,8,64.86486486486487,0,0,1996,1996
MJ Mason,ODIs,26,7,24,8,53.333333333333336,0,0,2003,2010
Naeem Ashraf,ODIs,2,2,24,24,55.81395348837209,0,0,1995,1995
SB O'Connor,ODIs,38,13,24,3.4285714285714284,26.373626373626376,0,0,1997,2000
SP Pasqual,ODIs,2,2,24,24,85.71428571428571,0,0,1979,1979
N Pothas,ODIs,3,1,24,24,58.536585365853654,0,0,2000,2000
Rafiqul Alam,ODIs,2,2,24,12,38.095238095238095,0,0,1986,1986
Sheikh Salahuddin,ODIs,6,5,24,12,17.647058823529413,0,0,1997,1997
OP Stone,ODIs,10,6,24,8,68.57142857142857,0,0,2018,2024
ML Su'a,ODIs,12,7,24,4.8,42.857142857142854,0,0,1992,1995
NK Yadav,ODIs,10,7,24,4.8,45.28301886792453,0,0,2025,2026
Amir Hamza,ODIs,31,16,23,3.2857142857142856,24.46808510638298,0,0,2012,2017
JO Angara,ODIs,17,11,23,3.8333333333333335,35.9375,0,0,1997,2003
HAG Anthony,ODIs,3,3,23,7.666666666666667,104.54545454545455,0,0,1995,1995
Asim Butt,ODIs,5,4,23,5.75,82.14285714285714,0,0,1999,1999
Avesh Khan,ODIs,8,4,23,7.666666666666667,79.3103448275862,0,0,2022,2023
SV Bahutule,ODIs,8,4,23,7.666666666666667,79.3103448275862,0,0,1997,2003
J Blackwood,ODIs,3,3,23,11.5,56.09756097560976,0,0,2015,2022
SC Getkate,ODIs,4,2,23,23,100,0,0,2019,2021
JOA Gordon,ODIs,12,9,23,4.6,46,0,0,2012,2024
AE Greenidge,ODIs,1,1,23,23,69.6969696969697,0,0,1978,1978
Hasti Gul,ODIs,2,1,23,Inf,209.0909090909091,0,0,2009,2009
E Katchay,ODIs,5,3,23,11.5,56.09756097560976,0,0,2008,2009
J Louw,ODIs,3,1,23,23,328.57142857142856,0,0,2008,2008
SJ Massiah,ODIs,2,2,23,11.5,52.27272727272727,0,0,2004,2004
J Neill,ODIs,2,1,23,Inf,121.05263157894737,0,0,2025,2026
AJ Penn,ODIs,5,3,23,11.5,69.6969696969697,0,0,1997,2001
V Razdan,ODIs,3,3,23,11.5,85.18518518518519,0,0,1989,1990
CP Tremain,ODIs,4,3,23,23,62.16216216216216,0,0,2016,2016
Afzaal Haider,ODIs,4,4,22,7.333333333333333,42.30769230769231,0,0,2004,2008
UNK Fernando,ODIs,2,2,22,Inf,88,0,0,1994,1994
DW Headley,ODIs,13,6,22,11,44.89795918367347,0,0,1996,1999
Kamran Shazad,ODIs,4,3,22,11,88,0,0,2014,2015
Mohammad Salman,ODIs,7,3,22,11,56.41025641025641,0,0,2011,2011
S Muthusamy,ODIs,5,4,22,7.333333333333333,88,0,0,2025,2025
RM Patidar,ODIs,1,1,22,22,137.5,0,0,2023,2023
N Peter,ODIs,6,3,22,11,37.93103448275862,0,0,2024,2026
A Phillip,ODIs,5,2,22,22,88,0,0,2021,2022
S Qeshile,ODIs,2,1,22,22,95.65217391304348,0,0,2025,2025
RMMP Rathnayaka,ODIs,3,2,22,11,68.75,0,0,2025,2026
Shafiuddin Ahmed,ODIs,11,10,22,5.5,33.33333333333333,0,0,1997,2000
B Shikongo,ODIs,23,14,22,5.5,36.0655737704918,0,0,2020,2025
S Shrivastava,ODIs,14,6,22,11,43.13725490196079,0,0,2024,2026
P Subrayen,ODIs,4,3,22,7.333333333333333,100,0,0,2025,2026
BR Taylor,ODIs,2,1,22,22,52.38095238095239,0,0,1973,1973
O Thomas,ODIs,25,14,22,3.6666666666666665,29.72972972972973,0,0,2018,2024
CM Wells,ODIs,2,2,22,11,50,0,0,1985,1985
Ali Asad,ODIs,2,2,21,21,44.680851063829785,0,0,2004,2004
B Arun,ODIs,4,3,21,10.5,65.625,0,0,1986,1987
JP Behrendorff,ODIs,12,6,21,7,91.30434782608695,0,0,2019,2022
S Colombage,ODIs,3,3,21,10.5,56.75675675675676,0,0,2026,2026
AB Dinda,ODIs,13,5,21,4.2,58.333333333333336,0,0,2010,2013
Fazalhaq Farooqi,ODIs,44,21,21,3.5,31.343283582089555,0,0,2022,2026
S Keshvani,ODIs,5,2,21,10.5,55.26315789473685,0,0,2009,2009
MAWR Madurasinghe,ODIs,12,6,21,10.5,33.87096774193548,0,0,1988,1992
J Patraj,ODIs,2,2,21,10.5,43.75,0,0,2007,2007
A Roy,ODIs,6,3,21,21,77.77777777777779,0,0,2026,2026
DA Stirling,ODIs,6,5,21,7,53.84615384615385,0,0,1984,1984
I Wardlaw,ODIs,22,14,21,3.5,52.5,0,0,2013,2015
RA Woolmer,ODIs,6,4,21,5.25,45.65217391304348,0,0,1972,1976
Ali Khan,ODIs,15,8,20,3.3333333333333335,64.51612903225806,0,0,2019,2023
SP Davis,ODIs,39,11,20,5,58.82352941176471,0,0,1986,1988
M Heingo,ODIs,4,2,20,20,222.22222222222223,0,0,2026,2026
O Henry,ODIs,3,3,20,10,76.92307692307693,0,0,1992,1992
AP Igglesden,ODIs,4,3,20,10,64.51612903225806,0,0,1994,1994
MR Johnson,ODIs,2,2,20,10,105.26315789473684,0,0,2004,2004
MMA Jonkman,ODIs,4,2,20,10,39.21568627450981,0,0,2007,2010
SI Kamea,ODIs,22,18,20,2.857142857142857,32.78688524590164,0,0,2022,2023
BM Mauricette,ODIs,3,3,20,6.666666666666667,29.411764705882355,0,0,1979,1979
DT Mutendera,ODIs,9,4,20,10,46.51162790697674,0,0,1999,2001
IL Philip,ODIs,3,3,20,6.666666666666667,22.47191011235955,0,0,1999,1999
ADJ Pitcher,ODIs,3,3,20,6.666666666666667,71.42857142857143,0,0,2007,2007
Rizwan-uz-Zaman,ODIs,3,3,20,6.666666666666667,15.503875968992247,0,0,1981,1987
AF Sattaur,ODIs,3,3,20,6.666666666666667,33.33333333333333,0,0,2003,2003
PH Sharma,ODIs,2,2,20,10,51.28205128205128,0,0,1976,1976
S Shivnarine,ODIs,1,1,20,Inf,46.51162790697674,0,0,1978,1978
JA Simpson,ODIs,3,2,20,10,64.51612903225806,0,0,2021,2021
Umair Ali,ODIs,2,2,20,10,66.66666666666666,0,0,2015,2015
HGV Vare,ODIs,6,5,20,5,71.42857142857143,0,0,2023,2023
KIW Wijegunawardene,ODIs,26,12,20,2.857142857142857,36.36363636363637,0,0,1988,1992
JW Dernbach,ODIs,24,8,19,2.7142857142857144,48.717948717948715,0,0,2011,2013
EL Gouka,ODIs,3,2,19,19,52.77777777777778,0,0,1996,1996
RGA Headley,ODIs,1,1,19,19,46.34146341463415,0,0,1973,1973
SH Johnson,ODIs,7,4,19,19,70.37037037037037,0,0,2023,2026
T Kumaran,ODIs,8,3,19,6.333333333333333,70.37037037037037,0,0,1999,2000
MA Meman,ODIs,1,1,19,19,86.36363636363636,0,0,1987,1987
V Permaul,ODIs,7,4,19,6.333333333333333,73.07692307692307,0,0,2012,2017
HSM Pieris,ODIs,3,3,19,9.5,32.20338983050847,0,0,1975,1975
Sami Faridi,ODIs,3,2,19,9.5,61.29032258064516,0,0,2008,2008
MJ Smith,ODIs,5,5,19,3.8,22.35294117647059,0,0,1999,1999
Sunzamul Islam,ODIs,3,1,19,19,79.16666666666666,0,0,2017,2018
C Viljoen,ODIs,2,2,19,19,82.6086956521739,0,0,2019,2019
AG Wharf,ODIs,13,5,19,9.5,67.85714285714286,0,0,2004,2005
KOK Williams,ODIs,8,5,19,19,70.37037037037037,0,0,2017,2018
LB Williams,ODIs,10,5,19,4.75,70.37037037037037,0,0,2021,2026
SG Borthwick,ODIs,2,2,18,9,112.5,0,0,2011,2011
CEH Croft,ODIs,19,6,18,9,47.368421052631575,0,0,1977,1981
JA Duffy,ODIs,24,10,18,6,48.64864864864865,0,0,2022,2026
HJ Howarth,ODIs,9,5,18,6,69.23076923076923,0,0,1973,1975
Jamaluddin Ahmed,ODIs,1,1,18,Inf,64.28571428571429,0,0,2003,2003
F Kasteni,ODIs,3,3,18,6,42.857142857142854,0,0,2007,2007
AV Lalcheta,ODIs,2,2,18,9,38.297872340425535,0,0,2019,2019
JJC Lawson,ODIs,13,5,18,6,112.5,0,0,2001,2005
SSB Magala,ODIs,8,5,18,6,75,0,0,2021,2023
Munir Dar,ODIs,2,2,18,9,112.5,0,0,2008,2008
Nilansh Keswani,ODIs,2,2,18,9,52.94117647058824,0,0,2026,2026
Saleem Pervez,ODIs,1,1,18,18,46.15384615384615,0,0,1980,1980
HB Shipley,ODIs,8,6,18,3.6,46.15384615384615,0,0,2023,2023
LR Shukla,ODIs,3,2,18,9,94.73684210526315,0,0,1999,1999
SK Springer,ODIs,3,2,18,9,69.23076923076923,0,0,2025,2025
Sultan Ahmed,ODIs,2,2,18,9,42.857142857142854,0,0,2019,2019
W Sutherland,ODIs,2,1,18,18,54.54545454545454,0,0,2024,2024
Syed Maqsood,ODIs,2,2,18,9,41.86046511627907,0,0,2004,2004
Tanvir Ahmed,ODIs,2,1,18,18,150,0,0,2011,2011
K Whatham,ODIs,1,1,18,18,43.90243902439025,0,0,2011,2011
RGCE Wijesuriya,ODIs,8,3,18,18,37.5,0,0,1982,1985
Zulqarnain,ODIs,16,6,18,6,60,0,0,1985,1989
GI Allott,ODIs,31,11,17,3.4,30.357142857142854,0,0,1997,2000
DM Dupavillon,ODIs,2,1,17,17,170,0,0,2020,2021
IS Gallage,ODIs,3,2,17,17,62.96296296296296,0,0,1999,2001
RD Gudhka,ODIs,2,2,17,17,121.42857142857142,0,0,2011,2011
MJ Hoggard,ODIs,26,6,17,4.25,56.666666666666664,0,0,2001,2006
Ilyas Gull,ODIs,2,2,17,8.5,28.8135593220339,0,0,2004,2004
Intikhab Alam,ODIs,4,2,17,8.5,37.77777777777778,0,0,1973,1976
IT Iqbal,ODIs,3,2,17,8.5,32.69230769230769,0,0,1996,1996
RSA Jayasekera,ODIs,2,1,17,17,40.476190476190474,0,0,1982,1982
KCB Jeremy,ODIs,6,4,17,8.5,40.476190476190474,0,0,2000,2001
A Kamboj,ODIs,1,1,17,17,188.88888888888889,0,0,2026,2026
RJ Kennedy,ODIs,7,4,17,17,113.33333333333333,0,0,1996,1996
P Lever,ODIs,10,3,17,17,70.83333333333334,0,0,1971,1975
Nadeem Khan,ODIs,4,4,17,4.25,80.95238095238095,0,0,2026,2026
Raqibul Hasan,ODIs,2,2,17,8.5,26.153846153846157,0,0,1986,1986
CEW Silverwood,ODIs,7,4,17,4.25,50,0,0,1996,2001
S Abrahams,ODIs,1,1,16,Inf,61.53846153846154,0,0,2000,2000
RW Anderson,ODIs,2,2,16,16,34.78260869565217,0,0,1976,1978
OEG Baartman,ODIs,6,5,16,16,43.24324324324324,0,0,2024,2025
BJ Currie,ODIs,17,6,16,16,53.333333333333336,0,0,2024,2026
JH Desai,ODIs,1,1,16,16,42.10526315789473,0,0,2004,2004
AM Guruge,ODIs,7,4,16,Inf,55.172413793103445,0,0,2014,2015
N Ifill,ODIs,4,3,16,5.333333333333333,35.55555555555556,0,0,2003,2006
Jahangir Shah,ODIs,5,4,16,8,25.806451612903224,0,0,1986,1990
RL Johnson,ODIs,10,4,16,5.333333333333333,80,0,0,2003,2003
VJ Kingma,ODIs,30,13,16,1.6,27.586206896551722,0,0,2014,2025
SB Lama,ODIs,1,1,16,Inf,33.33333333333333,0,0,2004,2004
BP Loots,ODIs,7,5,16,5.333333333333333,59.25925925925925,0,0,2010,2011
RAL Massie,ODIs,3,1,16,Inf,66.66666666666666,0,0,1972,1972
Muhammad Jawadullah,ODIs,17,11,16,4,61.53846153846154,0,0,2023,2026
KJ O'Keeffe,ODIs,2,2,16,16,42.10526315789473,0,0,1977,1977
FN Otieno,ODIs,4,4,16,4,23.52941176470588,0,0,2010,2010
ADG Roberts,ODIs,1,1,16,16,66.66666666666666,0,0,1976,1976
V Shetty,ODIs,2,2,16,8,55.172413793103445,0,0,2008,2014
S Somasunder,ODIs,2,2,16,8,25.396825396825395,0,0,1996,1996
Zahid Ali,ODIs,3,3,16,16,64,0,0,2025,2025
PJW Allott,ODIs,13,6,15,3,60,0,0,1982,1985
KN Amalean,ODIs,8,3,15,7.5,57.692307692307686,0,0,1986,1988
RR Beaton,ODIs,2,2,15,15,29.411764705882355,0,0,2017,2017
H Dhami,ODIs,2,1,15,Inf,57.692307692307686,0,0,2024,2026
HF Gurney,ODIs,10,6,15,7.5,45.45454545454545,0,0,2014,2014
JR Hammond,ODIs,1,1,15,Inf,53.57142857142857,0,0,1972,1972
RS Higgins,ODIs,11,8,15,2.5,23.809523809523807,0,0,2006,2006
DAW Hollis,ODIs,1,1,15,Inf,57.692307692307686,0,0,2008,2008
Irfan Fazil,ODIs,1,1,15,15,93.75,0,0,2000,2000
GE Kidd,ODIs,6,1,15,15,60,0,0,2007,2008
BW Luckhurst,ODIs,3,3,15,5,21.73913043478261,0,0,1975,1975
AM McCarthy,ODIs,2,2,15,7.5,36.58536585365854,0,0,2021,2021
Mansoor Rana,ODIs,2,2,15,7.5,62.5,0,0,1990,1990
Mohammad Saleem,ODIs,6,3,15,15,68.18181818181817,0,0,2023,2026
Mohammad Zahid,ODIs,11,4,15,7.5,68.18181818181817,0,0,1996,2002
J Mulder,ODIs,4,2,15,Inf,136.36363636363635,0,0,2017,2017
EMDY Munaweera,ODIs,2,2,15,7.5,51.724137931034484,0,0,2017,2017
Nurul Abedin,ODIs,4,4,15,3.75,27.27272727272727,0,0,1986,1990
R Parag,ODIs,1,1,15,15,115.38461538461537,0,0,2024,2024
HD Rutherford,ODIs,4,4,15,3.75,26.785714285714285,0,0,2013,2013
Sajjad Ahmed,ODIs,2,2,15,7.5,32.608695652173914,0,0,1995,1995
S Sajeev,ODIs,1,1,15,Inf,55.55555555555556,0,0,2026,2026
DM Smith,ODIs,2,2,15,15,37.5,0,0,1986,1990
LW Stokkers,ODIs,1,1,15,Inf,37.5,0,0,2008,2008
Sufyan Moqim,ODIs,4,3,15,15,88.23529411764706,0,0,2024,2025
Tariq Javed,ODIs,3,3,15,5,19.480519480519483,0,0,1979,1979
PCR Tufnell,ODIs,20,10,15,15,48.38709677419355,0,0,1990,1997
PS Vaidya,ODIs,4,2,15,7.5,125,0,0,1995,1996
A van der Merwe,ODIs,9,6,15,3.75,60,0,0,2010,2011
AP Wells,ODIs,1,1,15,15,150,0,0,1995,1995
L Wood,ODIs,3,2,15,15,107.14285714285714,0,0,2022,2025
Zafar Gohar,ODIs,1,1,15,15,100,0,0,2015,2015
Ahsan Malik,ODIs,12,5,14,Inf,51.85185185185185,0,0,2011,2014
Asghar Ali,ODIs,2,2,14,7,26.41509433962264,0,0,2004,2004
Asif Mahmood,ODIs,2,2,14,7,41.17647058823529,0,0,1998,1998
IPP Batuwitarachchi,ODIs,2,2,14,7,29.166666666666668,0,0,2008,2008
JT Brassell,ODIs,21,12,14,1.75,29.78723404255319,0,0,2024,2026
AR Butcher,ODIs,1,1,14,14,53.84615384615385,0,0,1980,1980
G Chapple,ODIs,1,1,14,14,200,0,0,2006,2006
J Da Silva,ODIs,2,2,14,7,40,0,0,2021,2021
HS Dhillon,ODIs,2,2,14,7,40,0,0,2006,2006
MD du Preez,ODIs,3,3,14,4.666666666666667,31.818181818181817,0,0,2021,2023
EA Essop-Adam,ODIs,1,1,14,Inf,93.33333333333333,0,0,1992,1992
C Floyd,ODIs,10,5,14,3.5,60.86956521739131,0,0,2022,2024
SKW Kelly,ODIs,10,6,14,Inf,45.16129032258064,0,0,2006,2009
LD Madushanka,ODIs,4,4,14,4.666666666666667,53.84615384615385,0,0,2017,2017
AA Mallett,ODIs,9,3,14,7,38.88888888888889,0,0,1971,1975
Mohammad Akram,ODIs,23,9,14,7,41.17647058823529,0,0,1995,2000
Muhammad Rohid,ODIs,3,2,14,Inf,73.68421052631578,0,0,2025,2025
Nadeem Ghauri,ODIs,6,3,14,14,56.00000000000001,0,0,1990,1990
Nahid Rana,ODIs,15,7,14,Inf,35.8974358974359,0,0,2024,2026
IA Nicolson,ODIs,2,2,14,7,63.63636363636363,0,0,2010,2010
L Sipamla,ODIs,5,2,14,Inf,73.68421052631578,0,0,2020,2021
D Soraine,ODIs,4,4,14,3.5,70,0,0,2006,2012
Sukhjinder Singh,ODIs,2,1,14,14,66.66666666666666,0,0,2026,2026
AC Valthapa,ODIs,3,1,14,14,63.63636363636363,0,0,2023,2023
GE Vivian,ODIs,1,1,14,14,46.666666666666664,0,0,1973,1973
LJ Woodcock,ODIs,4,2,14,14,63.63636363636363,0,0,2011,2011
Zahid Razzak,ODIs,3,3,14,4.666666666666667,31.818181818181817,0,0,1988,1990
Aamer Nazir,ODIs,9,3,13,13,65,0,0,1993,1995
Asad Ali,ODIs,4,2,13,6.5,81.25,0,0,2013,2013
LS Baker,ODIs,10,4,13,6.5,56.52173913043478,0,0,2008,2009
MD Bates,ODIs,2,1,13,13,130,0,0,2012,2012
GA Bishop,ODIs,2,2,13,6.5,29.545454545454547,0,0,1987,1987
A Bohara,ODIs,2,2,13,Inf,92.85714285714286,0,0,2020,2020
GK Bose,ODIs,1,1,13,13,72.22222222222221,0,0,1974,1974
RD Chahar,ODIs,1,1,13,13,52,0,0,2021,2021
NG Cowans,ODIs,23,8,13,2.6,44.827586206896555,0,0,1983,1985
HT Davis,ODIs,11,6,13,6.5,39.39393939393939,0,0,1994,1997
RR Emrit,ODIs,2,2,13,13,37.142857142857146,0,0,2007,2007
AM Fernando,ODIs,34,12,13,2.1666666666666665,30.23255813953488,0,0,2017,2026
Gurkeerat Singh,ODIs,3,3,13,6.5,100,0,0,2016,2016
RL Hayes,ODIs,1,1,13,13,52,0,0,1995,1995
RO Hurley,ODIs,9,4,13,3.25,40.625,0,0,2003,2004
D Joseph,ODIs,4,3,13,Inf,54.166666666666664,0,0,2003,2003
JJ Krejza,ODIs,8,2,13,13,56.52173913043478,0,0,2011,2011
AMN Munasinghe,ODIs,5,4,13,4.333333333333333,25,0,0,1994,1996
W O'Rourke,ODIs,20,6,13,3.25,41.935483870967744,0,0,2023,2026
B Regmi,ODIs,4,4,13,3.25,27.659574468085108,0,0,2018,2019
S Seeraj,ODIs,1,1,13,Inf,108.33333333333333,0,0,2006,2006
AA Shafique,ODIs,2,1,13,13,39.39393939393939,0,0,2023,2023
Usman Salahuddin,ODIs,2,2,13,6.5,46.42857142857143,0,0,2011,2011
Yamin Ahmadzai,ODIs,11,7,13,3.25,21.311475409836063,0,0,2015,2026
Zaheer Maqsood,ODIs,2,2,13,Inf,28.26086956521739,0,0,2015,2015
Asim Saeed,ODIs,2,2,12,6,63.1578947368421,0,0,2004,2004
DM Basden,ODIs,2,2,12,6,30.76923076923077,0,0,2007,2007
GK Bruk-Jackson,ODIs,1,1,12,12,36.36363636363637,0,0,1993,1993
S Daniel,ODIs,1,1,12,12,42.857142857142854,0,0,2024,2024
Danish Aziz,ODIs,2,2,12,6,60,0,0,2021,2021
Danish Kaneria,ODIs,18,10,12,6,54.54545454545454,0,0,2001,2007
IC Davis,ODIs,3,3,12,6,34.285714285714285,0,0,1974,1977
RP de Groen,ODIs,12,8,12,2.4,33.33333333333333,0,0,1993,1994
AM de Silva,ODIs,4,2,12,6,50,0,0,1986,1993
S Dhamala,ODIs,1,1,12,12,31.57894736842105,0,0,2022,2022
R Dhawan,ODIs,3,2,12,12,92.3076923076923,0,0,2016,2016
Enamul Haque jnr,ODIs,10,5,12,3,63.1578947368421,0,0,2005,2009
TW Hartley,ODIs,2,1,12,Inf,133.33333333333331,0,0,2023,2023
M Hayward,ODIs,21,5,12,3,42.857142857142854,0,0,1998,2002
Imtiaz Abbasi,ODIs,7,6,12,6,31.57894736842105,0,0,1994,1996
Javed Qadeer,ODIs,1,1,12,12,52.17391304347826,0,0,1995,1995
TJ Jenner,ODIs,1,1,12,12,48,0,0,1975,1975
BG Lister,ODIs,4,4,12,12,57.14285714285714,0,0,2023,2026
AJ McKay,ODIs,19,10,12,4,25.53191489361702,0,0,2010,2012
PS Mehta,ODIs,1,1,12,12,29.268292682926827,0,0,1975,1975
PJK Mooney,ODIs,4,3,12,12,133.33333333333331,0,0,2006,2007
T Muzarabani,ODIs,8,7,12,3,30,0,0,2015,2016
Naeemuddin Aslam,ODIs,2,2,12,6,38.70967741935484,0,0,2004,2004
TS Nethula,ODIs,5,3,12,6,109.09090909090908,0,0,2012,2012
Noor-ul-Haq,ODIs,2,2,12,6,20.689655172413794,0,0,2010,2010
Qais Ahmad,ODIs,3,2,12,6,150,0,0,2022,2024
EJ Richardson,ODIs,2,1,12,12,66.66666666666666,0,0,2013,2013
Sabir Ali,ODIs,4,3,12,6,92.3076923076923,0,0,2022,2023
W Smith,ODIs,2,2,12,6,40,0,0,2026,2026
K Sonavale,ODIs,5,5,12,2.4,29.268292682926827,0,0,2024,2026
Abul Hasan,ODIs,7,3,11,3.6666666666666665,68.75,0,0,2012,2018
Ahmed Kamal,ODIs,1,1,11,11,57.89473684210527,0,0,1999,1999
MJD Allingham,ODIs,3,3,11,3.6666666666666665,11.458333333333332,0,0,1999,1999
Arshad Pervez,ODIs,2,2,11,5.5,23.404255319148938,0,0,1978,1978
LJ Burger,ODIs,6,6,11,2.2,17.741935483870968,0,0,2003,2003
SF Burger,ODIs,2,2,11,5.5,55.00000000000001,0,0,2003,2003
PH Carlson,ODIs,4,2,11,5.5,36.666666666666664,0,0,1979,1979
BS Chandrasekhar,ODIs,1,1,11,Inf,84.61538461538461,0,0,1976,1976
DC Drakes,ODIs,3,2,11,5.5,64.70588235294117,0,0,2023,2023
PA Emery,ODIs,1,1,11,Inf,84.61538461538461,0,0,1994,1994
Haafiz Shahid,ODIs,3,3,11,11,47.82608695652174,0,0,1988,1988
GW Humpage,ODIs,3,2,11,5.5,45.83333333333333,0,0,1981,1981
NGRP Jayasuriya,ODIs,2,2,11,11,84.61538461538461,0,0,2018,2018
SMS Kaluperuma,ODIs,2,2,11,5.5,26.82926829268293,0,0,1988,1988
SC Kuggeleijn,ODIs,2,1,11,Inf,183.33333333333331,0,0,2017,2017
NM Kulkarni,ODIs,10,5,11,5.5,55.00000000000001,0,0,1997,1998
JA Maclean,ODIs,2,1,11,11,33.33333333333333,0,0,1979,1979
Meet Patel,ODIs,1,1,11,11,50,0,0,2026,2026
MG Neser,ODIs,4,4,11,2.75,37.93103448275862,0,0,2018,2023
M Pathirana,ODIs,12,7,11,2.2,31.428571428571427,0,0,2023,2023
Pratis GC,ODIs,3,1,11,Inf,183.33333333333331,0,0,2023,2023
PM Pushpakumara,ODIs,2,2,11,5.5,42.30769230769231,0,0,2017,2017
B Reddy,ODIs,3,2,11,Inf,55.00000000000001,0,0,1978,1981
Saad Ali,ODIs,2,2,11,5.5,47.82608695652174,0,0,2019,2019
BV Sears,ODIs,4,2,11,11,64.70588235294117,0,0,2025,2025
G Sharma,ODIs,11,2,11,5.5,45.83333333333333,0,0,1985,1987
R Sharma,ODIs,2,2,11,5.5,45.83333333333333,0,0,2004,2004
FJ Titmus,ODIs,2,1,11,11,34.375,0,0,1975,1975
GD Watson,ODIs,2,2,11,11,68.75,0,0,1972,1972
JG Williamson,ODIs,2,2,11,5.5,31.428571428571427,0,0,1999,1999
Zahid Shah,ODIs,2,2,11,Inf,55.00000000000001,0,0,2008,2008
Abdul Rahman,ODIs,3,3,10,5,27.027027027027028,0,0,2023,2023
Akif Javed,ODIs,3,3,10,5,71.42857142857143,0,0,2025,2025
TR Ambrose,ODIs,5,5,10,2.5,29.411764705882355,0,0,2008,2008
Ansh Tandon,ODIs,1,1,10,10,55.55555555555556,0,0,2023,2023
MA Aponso,ODIs,9,7,10,3.3333333333333335,22.22222222222222,0,0,2016,2018
A Ashok,ODIs,3,1,10,10,83.33333333333334,0,0,2023,2026
Asif Masood,ODIs,7,3,10,5,58.82352941176471,0,0,1973,1976
HK Bennett,ODIs,19,7,10,5,28.57142857142857,0,0,2010,2020
D Brown,ODIs,3,2,10,10,50,0,0,2001,2002
ML Cummins,ODIs,11,3,10,5,37.03703703703704,0,0,2014,2017
SW Currie,ODIs,3,2,10,5,55.55555555555556,0,0,2024,2024
DLS de Silva,ODIs,2,1,10,10,28.57142857142857,0,0,1979,1979
JSE Dunford,ODIs,5,4,10,2.5,37.03703703703704,0,0,2023,2023
JJ Esmeijer,ODIs,6,5,10,2.5,23.25581395348837,0,0,2002,2003
D Ferreira,ODIs,3,2,10,5,45.45454545454545,0,0,2025,2025
B Geeves,ODIs,2,2,10,Inf,90.9090909090909,0,0,2008,2009
W Jaffer,ODIs,2,2,10,5,43.47826086956522,0,0,2006,2006
Kabir Khan,ODIs,10,5,10,10,40,0,0,1994,2000
AV Kale,ODIs,1,1,10,10,45.45454545454545,0,0,2003,2003
NJ MacRae,ODIs,2,2,10,5,27.77777777777778,0,0,2006,2006
CA Marshall,ODIs,2,2,10,5,24.390243902439025,0,0,1979,1979
A Martin,ODIs,9,6,10,10,34.48275862068966,0,0,2011,2011
Muzahir Raza,ODIs,4,1,10,10,142.85714285714286,0,0,2024,2024
Mukesh Kumar,ODIs,6,2,10,10,62.5,0,0,2023,2023
Naveed Zadran,ODIs,4,2,10,10,90.9090909090909,0,0,2024,2024
BMW Patterson,ODIs,3,3,10,3.3333333333333335,23.25581395348837,0,0,1999,1999
TJG Pringle,ODIs,5,5,10,2,35.714285714285715,0,0,2022,2026
Shabbir Ahmed,ODIs,32,11,10,1.6666666666666667,34.48275862068966,0,0,1999,2005
Shamyl Hussain,ODIs,2,2,10,5,34.48275862068966,0,0,2026,2026
Shariful Haque,ODIs,1,1,10,10,166.66666666666669,0,0,1998,1998
RAJ Smith,ODIs,2,1,10,10,166.66666666666669,0,0,2016,2016
TE Srinivasan,ODIs,2,2,10,5,28.57142857142857,0,0,1980,1981
MP Stead,ODIs,2,2,10,5,22.22222222222222,0,0,1979,1979
Surya Tamang,ODIs,2,1,10,Inf,31.25,0,0,2024,2024
GC Tonge,ODIs,5,4,10,5,62.5,0,0,2009,2009
MDJ Walker,ODIs,3,1,10,10,166.66666666666669,0,0,2003,2003
WA Wisneski,ODIs,3,2,10,10,58.82352941176471,0,0,2000,2000
AK Zesers,ODIs,2,2,10,Inf,71.42857142857143,0,0,1987,1987
KK Ahmed,ODIs,11,3,9,4.5,52.94117647058824,0,0,2018,2019
MJ Bennett,ODIs,8,4,9,3,42.857142857142854,0,0,1984,1985
SM Boland,ODIs,14,4,9,3,40.909090909090914,0,0,2016,2016
CE Bulfin,ODIs,4,2,9,9,112.5,0,0,1999,1999
SJ Cameron,ODIs,2,2,9,9,69.23076923076923,0,0,2018,2018
SJ Chalmers,ODIs,2,1,9,Inf,64.28571428571429,0,0,2009,2009
EC D'Souza,ODIs,3,2,9,4.5,47.368421052631575,0,0,2023,2023
NA David,ODIs,4,2,9,Inf,90,0,0,1997,1997
GN de Silva,ODIs,4,2,9,9,50,0,0,1983,1985
GRA de Silva,ODIs,6,4,9,4.5,27.27272727272727,0,0,1975,1982
DR Doshi,ODIs,15,5,9,3,45,0,0,1980,1982
CJ Drum,ODIs,5,2,9,Inf,40.909090909090914,0,0,1999,1999
Fahad Usman,ODIs,2,2,9,4.5,50,0,0,2004,2004
Faisal Athar,ODIs,1,1,9,9,23.684210526315788,0,0,2003,2003
SP Gauchan,ODIs,1,1,9,Inf,20.454545454545457,0,0,2018,2018
MJ Haslam,ODIs,1,1,9,9,50,0,0,1992,1992
RA Hermann,ODIs,2,2,9,4.5,112.5,0,0,2025,2026
AG Huckle,ODIs,19,8,9,2.25,56.25,0,0,1997,1999
HR Johnson,ODIs,2,2,9,9,45,0,0,2004,2004
MW Jones,ODIs,3,1,9,Inf,180,0,0,2025,2026
Lovepreet Singh,ODIs,2,2,9,4.5,36,0,0,2023,2023
DE Malcolm,ODIs,10,5,9,3,81.81818181818183,0,0,1990,1994
Mohammad Salim,ODIs,1,1,9,9,37.5,0,0,2003,2003
Muhammad Arfan,ODIs,2,1,9,Inf,300,0,0,2026,2026
Muhammad Musa,ODIs,2,1,9,Inf,300,0,0,2020,2020
PG Nana,ODIs,3,3,9,9,20,0,0,1975,1975
Qadeer Ahmed,ODIs,11,6,9,4.5,29.03225806451613,0,0,2015,2019
LS Rajput,ODIs,4,4,9,3,29.03225806451613,0,0,1985,1987
Rashid Zia,ODIs,2,2,9,4.5,15.789473684210526,0,0,2004,2004
H Shah,ODIs,3,3,9,4.5,36,0,0,2022,2022
JA Snow,ODIs,9,4,9,4.5,21.951219512195124,0,0,1971,1975
GP Sulzberger,ODIs,3,2,9,9,60,0,0,2000,2000
AJ Tudor,ODIs,3,2,9,9,81.81818181818183,0,0,2002,2002
VB van Jaarsveld,ODIs,2,2,9,4.5,60,0,0,2009,2009
Zahid Hussain,ODIs,2,2,9,9,29.03225806451613,0,0,2011,2011
Zahid Mahmood,ODIs,4,2,9,9,90,0,0,2022,2022
VR Aaron,ODIs,9,3,8,8,53.333333333333336,0,0,2011,2014
J Andrew,ODIs,5,3,8,2.6666666666666665,61.53846153846154,0,0,2024,2026
Asif Iqbal (1),ODIs,1,1,8,8,100,0,0,2015,2015
RA Austin,ODIs,1,1,8,8,61.53846153846154,0,0,1978,1978
BS Browne,ODIs,4,3,8,8,33.33333333333333,0,0,1994,1994
J Campbell,ODIs,3,2,8,8,53.333333333333336,0,0,2025,2025
CJ Dala,ODIs,3,2,8,8,133.33333333333331,0,0,2018,2025
H Davids,ODIs,2,2,8,4,33.33333333333333,0,0,2013,2013
PA Desai,ODIs,13,8,8,2.6666666666666665,14.545454545454545,0,0,2010,2014
R Dhanraj,ODIs,6,2,8,8,25,0,0,1994,1995
P Dharmani,ODIs,1,1,8,8,100,0,0,1996,1996
TL Fernando,ODIs,1,1,8,8,133.33333333333331,0,0,1989,1989
JC Gamage,ODIs,4,2,8,Inf,88.88888888888889,0,0,1995,1995
Gholam Nousher,ODIs,9,3,8,8,50,0,0,1986,1990
Hafizur Rahman,ODIs,2,1,8,8,33.33333333333333,0,0,1986,1986
ND Hirwani,ODIs,18,7,8,2,27.586206896551722,0,0,1988,1992
KH Butt,ODIs,2,2,8,4,28.57142857142857,0,0,2008,2008
J Kariko,ODIs,3,2,8,4,66.66666666666666,0,0,2023,2023
ACI Lock,ODIs,8,3,8,8,40,0,0,1996,1996
MA Lynch,ODIs,3,3,8,2.6666666666666665,25,0,0,1988,1988
CS Martin,ODIs,20,7,8,1.6,29.629629629629626,0,0,2001,2008
EZ Matambanadzo,ODIs,7,5,8,4,24.242424242424242,0,0,1996,1997
T Mayes,ODIs,2,1,8,Inf,160,0,0,2025,2025
L McCarthy,ODIs,5,2,8,Inf,57.14285714285714,0,0,2025,2026
Mohammad Mohsin,ODIs,2,2,8,8,88.88888888888889,0,0,2026,2026
Mrittunjoy Chowdhury,ODIs,1,1,8,8,72.72727272727273,0,0,2023,2023
PDRL Perera,ODIs,19,7,8,1.6,44.44444444444444,0,0,1999,2007
Rahat Ali,ODIs,14,7,8,2.6666666666666665,21.62162162162162,0,0,2012,2016
SS Raul,ODIs,2,2,8,4,57.14285714285714,0,0,1998,1998
CA Reid,ODIs,2,2,8,4,47.05882352941176,0,0,2004,2004
RL Sanghvi,ODIs,10,2,8,4,72.72727272727273,0,0,1998,1998
B Siddharth,ODIs,6,6,8,2,42.10526315789473,0,0,2024,2026
VRV Singh,ODIs,2,1,8,8,61.53846153846154,0,0,2006,2006
Sohail Butt,ODIs,2,2,8,8,57.14285714285714,0,0,1994,1994
DS Steele,ODIs,1,1,8,8,66.66666666666666,0,0,1976,1976
DM Vonhagt,ODIs,1,1,8,8,47.05882352941176,0,0,1985,1985
HS Williams,ODIs,7,2,8,8,72.72727272727273,0,0,1999,2000
RW Ali,ODIs,9,3,7,Inf,25,0,0,1996,1997
DG Blampied,ODIs,3,2,7,3.5,53.84615384615385,0,0,2023,2023
J Cameron-Dow,ODIs,4,1,7,Inf,70,0,0,2019,2019
S Dhakal,ODIs,8,6,7,7,17.073170731707318,0,0,2022,2022
KG Duers,ODIs,6,2,7,7,35,0,0,1992,1992
Fazl-e-Akbar,ODIs,2,1,7,7,87.5,0,0,1998,2001
WCA Ganegama,ODIs,4,2,7,3.5,77.77777777777779,0,0,2001,2006
DM Gondaria,ODIs,2,2,7,3.5,15.555555555555555,0,0,2013,2013
T Gwandu,ODIs,8,5,7,3.5,31.818181818181817,0,0,2024,2025
AW Hawkins-Kay,ODIs,1,1,7,7,46.666666666666664,0,0,2023,2023
VR Hogg,ODIs,2,1,7,Inf,36.84210526315789,0,0,1983,1983
AG Hurst,ODIs,8,4,7,Inf,36.84210526315789,0,0,1975,1979
Izatullah Dawlatzai,ODIs,5,3,7,3.5,25.925925925925924,0,0,2010,2015
SD Jack,ODIs,2,2,7,3.5,87.5,0,0,1994,1995
Jahangir Alam Talukdar,ODIs,2,1,7,Inf,43.75,0,0,1990,1990
P Jayawickrama,ODIs,5,3,7,7,58.333333333333336,0,0,2021,2021
MKGCP Lakshitha,ODIs,7,2,7,7,58.333333333333336,0,0,2002,2003
Liaqat Ali,ODIs,3,1,7,7,22.58064516129032,0,0,1977,1978
DSK Madushanka,ODIs,1,1,7,7,116.66666666666667,0,0,2018,2018
GA Manou,ODIs,4,1,7,7,116.66666666666667,0,0,2009,2009
J Matharu,ODIs,2,2,7,Inf,70,0,0,2025,2025
PL Mhambrey,ODIs,3,1,7,Inf,140,0,0,1996,1998
N Mokoena,ODIs,3,1,7,Inf,233.33333333333334,0,0,2026,2026
EA Moseley,ODIs,9,6,7,1.75,46.666666666666664,0,0,1990,1991
JK Moss,ODIs,1,1,7,7,43.75,0,0,1979,1979
Nazmul Islam,ODIs,5,1,7,7,53.84615384615385,0,0,2018,2018
MW Parkinson,ODIs,5,1,7,Inf,87.5,0,0,2020,2021
M Pushpakumara,ODIs,3,1,7,Inf,36.84210526315789,0,0,2009,2010
N Rana,ODIs,1,1,7,7,50,0,0,2021,2021
NA Rock,ODIs,3,2,7,3.5,30.434782608695656,0,0,2022,2022
IDK Salisbury,ODIs,4,2,7,7,58.333333333333336,0,0,1993,1994
Shah Faisal,ODIs,2,1,7,7,53.84615384615385,0,0,2026,2026
K Shuttleworth,ODIs,1,1,7,7,36.84210526315789,0,0,1971,1971
EHSN Silva,ODIs,1,1,7,7,53.84615384615385,0,0,2008,2008
NA Statham,ODIs,3,3,7,2.3333333333333335,14.000000000000002,0,0,2003,2009
RF van Oosterom,ODIs,3,3,7,7,25.925925925925924,0,0,1996,2002
SG Whittingham,ODIs,5,4,7,3.5,41.17647058823529,0,0,2017,2019
T Yohannan,ODIs,3,2,7,Inf,63.63636363636363,0,0,2002,2002
MKDI Amerasinghe,ODIs,8,4,6,Inf,66.66666666666666,0,0,2007,2008
Bhupinder Singh snr,ODIs,2,1,6,6,46.15384615384615,0,0,1994,1994
IW Callen,ODIs,5,3,6,6,46.15384615384615,0,0,1978,1982
GD Campbell,ODIs,12,3,6,3,31.57894736842105,0,0,1989,1990
U Chatterjee,ODIs,3,2,6,6,20,0,0,1995,1995
MT Chinouya,ODIs,2,2,6,6,75,0,0,2013,2013
M Commins,ODIs,2,1,6,6,46.15384615384615,0,0,2023,2023
WP Diepeveen,ODIs,1,1,6,6,85.71428571428571,0,0,2011,2011
SO Dowrich,ODIs,1,1,6,6,75,0,0,2019,2019
CE Eksteen,ODIs,6,2,6,Inf,24,0,0,1991,1994
Fahim Muntasir,ODIs,3,3,6,3,35.294117647058826,0,0,2001,2002
M Faraz Akram,ODIs,3,2,6,3,50,0,0,2024,2024
AP Grayson,ODIs,2,2,6,3,46.15384615384615,0,0,2000,2001
Harilal Shah,ODIs,3,3,6,2,10.714285714285714,0,0,1975,1975
Harvinder Singh,ODIs,16,5,6,1.5,31.57894736842105,0,0,1997,2001
M Hendrick,ODIs,22,10,6,1.2,27.27272727272727,0,0,1973,1981
CC Henry,ODIs,2,2,6,6,42.857142857142854,0,0,1979,1979
MJ Humphreys,ODIs,6,3,6,6,60,0,0,2023,2025
P Krishnamurthy,ODIs,1,1,6,6,46.15384615384615,0,0,1976,1976
MJ North,ODIs,2,2,6,3,31.57894736842105,0,0,2009,2009
LN Oluoch,ODIs,2,2,6,6,100,0,0,2011,2011
AK Patel,ODIs,8,2,6,3,54.54545454545454,0,0,1984,1985
DB Rundle,ODIs,2,2,6,3,54.54545454545454,0,0,1994,1994
T Sangha,ODIs,6,4,6,3,25,0,0,2023,2026
Usman Shinwari,ODIs,17,4,6,2,85.71428571428571,0,0,2017,2019
RJ Webb,ODIs,3,1,6,Inf,60,0,0,1983,1983
DJ Worrall,ODIs,3,1,6,Inf,150,0,0,2016,2016
Aamer Jamal,ODIs,3,2,5,Inf,55.55555555555556,0,0,2024,2024
Aijaz Ali,ODIs,2,2,5,2.5,45.45454545454545,0,0,2004,2004
Ali Khan,ODIs,1,1,5,Inf,45.45454545454545,0,0,2026,2026
Badal Singh,ODIs,2,1,5,5,41.66666666666667,0,0,2020,2020
RT Crandon,ODIs,1,1,5,5,55.55555555555556,0,0,2009,2009
R Dhakal,ODIs,4,2,5,5,83.33333333333334,0,0,2024,2025
N Fernandes,ODIs,1,1,5,5,38.46153846153847,0,0,2008,2008
JN Hamilton,ODIs,1,1,5,5,31.25,0,0,2021,2021
R Illingworth,ODIs,3,2,5,2.5,27.77777777777778,0,0,1971,1973
Jalal-ud-Din,ODIs,8,2,5,2.5,100,0,0,1982,1983
Jubair Hossain,ODIs,3,1,5,5,55.55555555555556,0,0,2014,2015
Khalid Khan,ODIs,2,2,5,2.5,62.5,0,0,2004,2004
H McLeod,ODIs,2,2,5,2.5,50,0,0,1975,1975
Mansoor Amjad,ODIs,1,1,5,5,50,0,0,2008,2008
Maqsood Rana,ODIs,1,1,5,5,38.46153846153847,0,0,1990,1990
E Masuku,ODIs,3,2,5,2.5,26.31578947368421,0,0,2025,2026
Najeeb Tarakai,ODIs,1,1,5,5,27.77777777777778,0,0,2017,2017
Naumanullah,ODIs,1,1,5,5,125,0,0,2008,2008
Neeyamur Rashid,ODIs,2,2,5,5,100,0,0,1999,1999
Prince Yadav,ODIs,3,1,5,5,100,0,0,2026,2026
DJ Pringle,ODIs,2,2,5,2.5,33.33333333333333,0,0,1975,1975
D Ramnarine,ODIs,4,3,5,1.6666666666666667,38.46153846153847,0,0,1997,2001
Sajjad Akbar,ODIs,2,1,5,5,55.55555555555556,0,0,1990,1990
L Sivaramakrishnan,ODIs,16,4,5,2.5,20.833333333333336,0,0,1985,1987
G Snyman,ODIs,5,4,5,1.25,55.55555555555556,0,0,2003,2003
Talha Jubair,ODIs,6,5,5,2.5,33.33333333333333,0,0,2002,2003
Tanbir Hayder,ODIs,2,2,5,2.5,31.25,0,0,2016,2016
DJ Terbrugge,ODIs,4,2,5,5,35.714285714285715,0,0,2000,2000
RK Whelan,ODIs,2,2,5,2.5,41.66666666666667,0,0,2007,2007
Yasir Mohammad,ODIs,7,2,5,2.5,25,0,0,2022,2025
Codi Yusuf,ODIs,1,1,5,5,45.45454545454545,0,0,2025,2025
Zakir Hasan,ODIs,2,2,5,2.5,41.66666666666667,0,0,2023,2024
Zia-ur-Rehman,ODIs,1,1,5,5,16.666666666666664,0,0,2023,2023
Ziaur Rahman,ODIs,4,2,5,5,33.33333333333333,0,0,2026,2026
Al-Amin Hossain,ODIs,15,7,4,2,20,0,0,2014,2020
LS Bhandari,ODIs,1,1,4,Inf,44.44444444444444,0,0,2018,2018
Bikram Sob,ODIs,5,4,4,1.3333333333333333,23.52941176470588,0,0,2021,2022
MI Black,ODIs,5,2,4,2,28.57142857142857,0,0,2001,2001
C Cassell,ODIs,6,1,4,4,80,0,0,2024,2025
PS Eaglestone,ODIs,1,1,4,4,133.33333333333331,0,0,2008,2008
Fawad Ahmed,ODIs,3,1,4,Inf,200,0,0,2013,2013
PJ Franks,ODIs,1,1,4,4,23.52941176470588,0,0,2000,2000
PLS Gamage,ODIs,9,5,4,2,14.814814814814813,0,0,2014,2017
D Ganesh,ODIs,1,1,4,4,50,0,0,1997,1997
WT Gavera,ODIs,4,1,4,Inf,66.66666666666666,0,0,2014,2017
J Giyanani,ODIs,1,1,4,4,80,0,0,2026,2026
Z Groenewald,ODIs,4,2,4,4,21.052631578947366,0,0,2019,2019
Gursharan Singh,ODIs,1,1,4,4,40,0,0,1990,1990
SD Heazlett,ODIs,1,1,4,4,36.36363636363637,0,0,2017,2017
Ibrar Ahmad,ODIs,3,2,4,2,28.57142857142857,0,0,2026,2026
Jahangir Alam,ODIs,3,3,4,1.3333333333333333,18.181818181818183,0,0,1997,1999
D Lakshan,ODIs,3,2,4,2,30.76923076923077,0,0,2021,2022
ML Lewis,ODIs,7,1,4,Inf,100,0,0,2005,2006
CH Lonsdale,ODIs,1,1,4,4,14.285714285714285,0,0,2007,2007
Mohammad Nazir,ODIs,4,3,4,Inf,25,0,0,1980,1984
Muhammad Farooq,ODIs,2,2,4,2,25,0,0,2024,2024
GK Pandey,ODIs,2,2,4,4,36.36363636363637,0,0,1999,1999
PI Pocock,ODIs,1,1,4,4,44.44444444444444,0,0,1985,1985
Ravi Bishnoi,ODIs,1,1,4,Inf,200,0,0,2022,2022
LN Roche,ODIs,3,2,4,2,40,0,0,2018,2018
Rony Talukdar,ODIs,1,1,4,4,28.57142857142857,0,0,2023,2023
AM Salvi,ODIs,4,3,4,2,28.57142857142857,0,0,2003,2003
Samiur Rahman,ODIs,2,2,4,2,57.14285714285714,0,0,1986,1986
BB Seebaran,ODIs,4,3,4,4,30.76923076923077,0,0,2003,2003
Shahnawaz Dahani,ODIs,2,2,4,Inf,133.33333333333331,0,0,2022,2022
Shahzad Khan,ODIs,1,1,4,4,33.33333333333333,0,0,2007,2007
B Stanlake,ODIs,9,6,4,1.3333333333333333,13.793103448275861,0,0,2017,2026
RW Staple,ODIs,2,2,4,2,36.36363636363637,0,0,2004,2004
PJR Steyn,ODIs,1,1,4,4,28.57142857142857,0,0,1995,1995
R Sudhakar Rao,ODIs,1,1,4,4,28.57142857142857,0,0,1976,1976
S Sumar,ODIs,1,1,4,4,36.36363636363637,0,0,1975,1975
Tanveer Ahmed,ODIs,6,4,4,Inf,36.36363636363637,0,0,2016,2018
VAB Tewarie,ODIs,1,1,4,4,18.181818181818183,0,0,2011,2011
GS Trimble,ODIs,2,2,4,4,80,0,0,1986,1986
TF van Woerkom,ODIs,4,2,4,Inf,50,0,0,2023,2024
SL Watkin,ODIs,4,2,4,2,17.391304347826086,0,0,1994,1994
UWMBCA Welegedara,ODIs,10,3,4,4,44.44444444444444,0,0,2009,2010
RPAH Wickramaratne,ODIs,3,2,4,2,66.66666666666666,0,0,1993,1993
P Wilson,ODIs,11,5,4,1.3333333333333333,30.76923076923077,0,0,1997,1998
M Zondeki,ODIs,13,3,4,4,80,0,0,2002,2008
Abdullah Mazari,ODIs,2,1,3,3,18.75,0,0,2010,2010
Ajay Kumar,ODIs,4,2,3,3,33.33333333333333,0,0,2026,2026
Akeem Jordan,ODIs,2,1,3,Inf,50,0,0,2023,2023
CR Amini,ODIs,2,1,3,Inf,100,0,0,2014,2014
RA Bhatti,ODIs,1,1,3,Inf,75,0,0,2011,2011
JWHD Boteju,ODIs,2,2,3,3,27.27272727272727,0,0,1999,1999
NR Dyer,ODIs,5,4,3,3,21.428571428571427,0,0,1999,1999
Ebadot Hossain,ODIs,12,6,3,1.5,21.428571428571427,0,0,2022,2023
D Gamage,ODIs,3,2,3,3,30,0,0,2003,2003
LJ Hamilton,ODIs,2,2,3,Inf,50,0,0,2005,2005
RT Hart,ODIs,1,1,3,3,10.344827586206897,0,0,1985,1985
PD Heyn,ODIs,2,2,3,1.5,15,0,0,1975,1975
Ijaz Ahmed jnr,ODIs,2,1,3,Inf,150,0,0,1997,1997
RR Joshi,ODIs,1,1,3,3,75,0,0,2024,2024
CK Kruger,ODIs,2,2,3,1.5,15,0,0,2008,2008
JR Lennox,ODIs,10,5,3,1.5,12.5,0,0,2026,2026
Mahbubur Rahman,ODIs,1,1,3,3,37.5,0,0,1999,1999
Mazharul Haque,ODIs,1,1,3,3,16.666666666666664,0,0,2002,2002
BD McDonough,ODIs,3,3,3,1.5,42.857142857142854,0,0,2026,2026
MC Mendis,ODIs,1,1,3,Inf,150,0,0,1995,1995
DJ Murray,ODIs,1,1,3,3,17.647058823529413,0,0,1994,1994
SV Nayak,ODIs,4,1,3,3,15.789473684210526,0,0,1981,1982
IE O'Brien,ODIs,10,2,3,Inf,27.27272727272727,0,0,2008,2009
Pankaj Singh,ODIs,1,1,3,Inf,100,0,0,2010,2010
JM Patel,ODIs,3,3,3,1,13.043478260869565,0,0,1979,1979
MJ Petrie,ODIs,4,2,3,1.5,16.666666666666664,0,0,2009,2009
GD Porter,ODIs,2,1,3,3,33.33333333333333,0,0,1979,1979
U Ranchod,ODIs,3,1,3,Inf,50,0,0,1992,1993
RE Redmond,ODIs,2,1,3,3,27.27272727272727,0,0,1973,1973
DOD Rikhi,ODIs,2,2,3,1.5,21.428571428571427,0,0,2021,2021
Sagar Pun,ODIs,1,1,3,3,15,0,0,2018,2018
A Shamshudeen,ODIs,1,1,3,3,10.714285714285714,0,0,2007,2007
CEL Stuart,ODIs,5,1,3,Inf,23.076923076923077,0,0,2001,2001
Usman Mushtaq,ODIs,1,1,3,3,42.857142857142854,0,0,2015,2015
JN Valentine,ODIs,3,2,3,Inf,17.647058823529413,0,0,1979,1979
CJPG van Zyl,ODIs,2,2,3,3,27.27272727272727,0,0,1992,1992
J Yadav,ODIs,2,2,3,3,42.857142857142854,0,0,2016,2022
Zahid Ahmed,ODIs,2,2,3,3,23.076923076923077,0,0,1987,1987
MZ Zahir,ODIs,1,1,3,Inf,23.076923076923077,0,0,2009,2009
Zakiullah Zaki,ODIs,1,1,3,Inf,13.636363636363635,0,0,2012,2012
JP Agnew,ODIs,3,1,2,Inf,66.66666666666666,0,0,1985,1985
Ahmed Shah,ODIs,1,1,2,2,20,0,0,2009,2009
Anisur Rahman,ODIs,2,2,2,1,18.181818181818183,0,0,1995,1998
Anop Santosh,ODIs,1,1,2,2,22.22222222222222,0,0,2025,2025
Bilal Sami,ODIs,3,2,2,Inf,14.285714285714285,0,0,2024,2026
HWR Cartwright,ODIs,2,2,2,1,8.695652173913043,0,0,2017,2017
DJ Cullen,ODIs,5,1,2,Inf,66.66666666666666,0,0,2006,2006
BR Dorey,ODIs,4,1,2,2,25,0,0,2006,2006
J Drysdale,ODIs,4,2,2,Inf,33.33333333333333,0,0,2024,2024
WJ Edwards,ODIs,1,1,2,2,14.285714285714285,0,0,1975,1975
Elias Sunny,ODIs,4,4,2,1,18.181818181818183,0,0,2011,2012
Fahad Nawaz,ODIs,2,2,2,1,20,0,0,2019,2019
MJ Fisher,ODIs,3,2,2,1,33.33333333333333,0,0,2026,2026
PG Gillespie,ODIs,5,4,2,0.5,14.285714285714285,0,0,2006,2007
K Gowtham,ODIs,1,1,2,2,66.66666666666666,0,0,2021,2021
AAW Gunawardena,ODIs,1,1,2,2,20,0,0,1994,1994
KC Hodsoll,ODIs,3,2,2,2,28.57142857142857,0,0,2007,2008
Irfan Sajid,ODIs,1,1,2,2,40,0,0,2014,2014
O Jones,ODIs,2,2,2,2,33.33333333333333,0,0,2026,2026
Junaid Zia,ODIs,4,2,2,2,28.57142857142857,0,0,2003,2003
K Kamyuka,ODIs,2,1,2,2,100,0,0,2013,2013
Kashif Raza,ODIs,1,1,2,Inf,100,0,0,2001,2001
RJ Kirtley,ODIs,11,2,2,1,18.181818181818183,0,0,2001,2004
VO Lawes,ODIs,7,3,2,1,8,0,0,2026,2026
Masood Iqbal,ODIs,1,1,2,2,100,0,0,1984,1984
SC Meaker,ODIs,2,2,2,1,12.5,0,0,2011,2011
RP Meredith,ODIs,3,2,2,Inf,50,0,0,2021,2026
EJB Miles,ODIs,4,3,2,2,22.22222222222222,0,0,2023,2023
DWO Morgan,ODIs,2,2,2,1,18.181818181818183,0,0,2006,2006
Morshed Ali Khan,ODIs,3,1,2,Inf,50,0,0,1998,1998
Muhammed Imran,ODIs,6,3,2,2,20,0,0,2025,2026
SP Mukherjee,ODIs,3,1,2,Inf,100,0,0,1990,1991
Nadeem Khan,ODIs,2,1,2,2,66.66666666666666,0,0,1993,1995
Nasir Javed,ODIs,1,1,2,Inf,10.526315789473683,0,0,2004,2004
DR O'Sullivan,ODIs,3,2,2,2,40,0,0,1974,1976
R Pathan,ODIs,1,1,2,2,22.22222222222222,0,0,2013,2013
M Prasidh Krishna,ODIs,30,8,2,0.6666666666666666,10,0,0,2021,2026
MR Pydanna,ODIs,3,1,2,Inf,66.66666666666666,0,0,1980,1983
ACL Richards,ODIs,1,1,2,2,100,0,0,2007,2007
Sameer Zia,ODIs,1,1,2,Inf,10,0,0,2004,2004
L Scott,ODIs,1,1,2,2,50,0,0,2026,2026
KR Sen,ODIs,1,1,2,Inf,50,0,0,2022,2022
JNK Shannon,ODIs,1,1,2,2,25,0,0,2013,2013
MJ Swepson,ODIs,3,1,2,2,100,0,0,2022,2022
GJ Thompson,ODIs,3,2,2,1,9.523809523809524,0,0,2008,2008
PIC Thompson,ODIs,2,1,2,2,28.57142857142857,0,0,1997,1997
MS Tshabalala,ODIs,4,1,2,Inf,66.66666666666666,0,0,2007,2007
JA Turner,ODIs,2,1,2,Inf,40,0,0,2024,2024
Umran Malik,ODIs,10,4,2,2,18.181818181818183,0,0,2022,2023
AP Weerakkody,ODIs,1,1,2,2,50,0,0,1994,1994
MD Wettimuny,ODIs,1,1,2,2,18.181818181818183,0,0,1983,1983
DF Whatmore,ODIs,1,1,2,2,33.33333333333333,0,0,1980,1980
AGD Wickremasinghe,ODIs,4,1,2,2,20,0,0,1992,1993
Abdul Rehman,ODIs,1,1,1,1,7.6923076923076925,0,0,2004,2004
Abu Hider,ODIs,2,1,1,1,9.090909090909092,0,0,2018,2018
Alawi Shukri,ODIs,1,1,1,1,33.33333333333333,0,0,2008,2008
Aminul Islam jnr,ODIs,1,1,1,Inf,100,0,0,1999,1999
PJ Bakker,ODIs,5,1,1,Inf,25,0,0,1996,1996
KMC Bandara,ODIs,1,1,1,Inf,33.33333333333333,0,0,2016,2016
GA Cope,ODIs,2,1,1,Inf,100,0,0,1977,1978
MC Cowdrey,ODIs,1,1,1,1,20,0,0,1971,1971
CI Dunusinghe,ODIs,1,1,1,1,100,0,0,1995,1995
MTG Elliott,ODIs,1,1,1,1,16.666666666666664,0,0,1997,1997
RS Ghai,ODIs,6,1,1,1,33.33333333333333,0,0,1984,1986
Gurdeep Singh,ODIs,1,1,1,1,4.3478260869565215,0,0,2013,2013
KJ Harding,ODIs,1,1,1,Inf,100,0,0,2021,2021
Iqbal Sikander,ODIs,4,1,1,Inf,33.33333333333333,0,0,1992,1992
SA Jayasinghe,ODIs,2,1,1,1,33.33333333333333,0,0,1979,1979
SP Jones,ODIs,8,1,1,1,50,0,0,2004,2005
S Kaul,ODIs,3,2,1,0.5,33.33333333333333,0,0,2018,2018
B Laughlin,ODIs,5,1,1,Inf,11.11111111111111,0,0,2009,2009
SCG MacGill,ODIs,3,2,1,1,33.33333333333333,0,0,2000,2000
K Mahato,ODIs,2,2,1,Inf,10,0,0,2022,2023
Mahmood Hamid,ODIs,1,1,1,1,16.666666666666664,0,0,1995,1995
KT Maphaka,ODIs,5,3,1,0.3333333333333333,12.5,0,0,2024,2026
GJ McCarter,ODIs,1,1,1,Inf,100,0,0,2014,2014
JM Mennie,ODIs,2,2,1,0.5,25,0,0,2016,2016
Mohammad Kashif,ODIs,11,3,1,0.3333333333333333,5.88235294117647,0,0,2006,2010
Moniruzzaman,ODIs,2,2,1,0.5,5,0,0,2003,2003
PV Mpitsang,ODIs,2,1,1,Inf,100,0,0,1999,1999
M Mpongwana,ODIs,1,1,1,Inf,50,0,0,2025,2025
T Mufudza,ODIs,2,1,1,1,11.11111111111111,0,0,2024,2024
M Mulla,ODIs,1,1,1,1,9.090909090909092,0,0,2007,2007
W Mwayenga,ODIs,3,2,1,0.5,9.090909090909092,0,0,2002,2004
DP Nannes,ODIs,1,1,1,1,50,0,0,2009,2009
Nasim-ul-Ghani,ODIs,1,1,1,1,12.5,0,0,1973,1973
NV Ojha,ODIs,1,1,1,1,14.285714285714285,0,0,2010,2010
Omid Shafi Rahman,ODIs,2,2,1,1,14.285714285714285,0,0,2024,2024
G Onions,ODIs,4,1,1,1,50,0,0,2009,2009
KA Patel,ODIs,2,2,1,1,25,0,0,2006,2006
K Phillip,ODIs,5,2,1,0.5,20,0,0,2021,2023
Y Punja,ODIs,1,1,1,1,16.666666666666664,0,0,2015,2015
RR Ramdass,ODIs,1,1,1,1,11.11111111111111,0,0,2005,2005
SJ Roberts,ODIs,2,1,1,Inf,50,0,0,1990,1990
LC Romero,ODIs,2,2,1,0.5,14.285714285714285,0,0,2004,2004
R Sharma,ODIs,4,1,1,1,50,0,0,2011,2012
M Shiraz,ODIs,2,1,1,Inf,100,0,0,2024,2024
KJ Silva,ODIs,1,1,1,Inf,100,0,0,1995,1995
BDH Stevens,ODIs,1,1,1,1,20,0,0,2023,2023
AM Stuart,ODIs,3,1,1,1,14.285714285714285,0,0,1997,1997
Subashis Roy,ODIs,1,1,1,Inf,11.11111111111111,0,0,2016,2016
Khaled Ahmed,ODIs,2,2,1,1,25,0,0,2023,2023
JP Taylor,ODIs,1,1,1,1,12.5,0,0,1993,1993
LB Taylor,ODIs,2,1,1,Inf,16.666666666666664,0,0,1986,1986
JG Thomas,ODIs,3,3,1,1,14.285714285714285,0,0,1986,1987
JC Tongue,ODIs,4,3,1,0.5,25,0,0,2026,2026
S Tyagi,ODIs,4,1,1,Inf,50,0,0,2009,2010
R Ugarkar,ODIs,6,2,1,1,16.666666666666664,0,0,2025,2026
KPJ Warnaweera,ODIs,6,3,1,Inf,9.090909090909092,0,0,1990,1993
BA Westdijk,ODIs,4,3,1,0.5,16.666666666666664,0,0,2011,2011
NS Yadav,ODIs,7,2,1,Inf,6.25,0,0,1986,1987
B Yograj Singh,ODIs,6,4,1,0.5,8.333333333333332,0,0,1980,1981
Yunus Badat,ODIs,2,2,1,0.5,14.285714285714285,0,0,1975,1975
Akif Raja,ODIs,5,1,0,0,NA,0,0,2022,2022
Aman Ali,ODIs,1,1,0,0,0,0,0,2008,2008
J Angel,ODIs,3,1,0,0,0,0,0,1994,1995
Anwar Hossain Monir,ODIs,1,1,0,0,0,0,0,2002,2002
S Baker,ODIs,2,1,0,0,0,0,0,2025,2026
S Baksh,ODIs,1,1,0,0,0,0,0,1979,1979
MRCN Bandaratilleke,ODIs,3,1,0,0,0,0,0,1998,1998
Bashir Ahmad,ODIs,2,1,0,0,0,0,0,2025,2025
JE Benjamin,ODIs,2,1,0,0,0,0,0,1994,1995
A Bhandari,ODIs,2,1,0,0,NA,0,0,2000,2004
D Birrell,ODIs,1,1,0,0,0,0,0,2023,2023
TJ Bishop,ODIs,1,1,0,0,0,0,0,2024,2024
J Blades,ODIs,3,1,0,0,0,0,0,2024,2025
DL Blake,ODIs,1,1,0,0,0,0,0,2004,2004
PD Blignaut,ODIs,1,1,0,0,NA,0,0,2024,2024
BP Bracewell,ODIs,1,1,0,0,0,0,0,1978,1978
RG Callender,ODIs,2,2,0,0,0,0,0,1979,1979
NM Carter,ODIs,3,1,0,0,0,0,0,2013,2013
K Christie,ODIs,1,1,0,0,0,0,0,2016,2016
Fahad Alhashmi,ODIs,5,3,0,0,0,0,0,2008,2015
Fazle Mahmud,ODIs,2,2,0,0,0,0,0,2018,2018
R Flannigan,ODIs,1,1,0,0,0,0,0,2010,2010
LR Gibbs,ODIs,3,1,0,0,NA,0,0,1973,1975
N Gifford,ODIs,2,1,0,0,0,0,0,1985,1985
VD Grandia,ODIs,1,1,0,0,0,0,0,2002,2002
F Hand,ODIs,1,1,0,0,0,0,0,2024,2024
RG Hart,ODIs,2,1,0,0,0,0,0,2002,2002
Harunur Rashid,ODIs,2,2,0,0,0,0,0,1988,1988
SM Harwood,ODIs,1,1,0,0,0,0,0,2009,2009
Haseebullah Khan,ODIs,2,2,0,0,0,0,0,2024,2025
CK Holder,ODIs,1,1,0,0,0,0,0,2021,2021
Ishtiaq Muhammad,ODIs,1,1,0,0,NA,0,0,2016,2016
PHT Kaushal,ODIs,1,1,0,0,0,0,0,2015,2015
GJP Kruger,ODIs,3,2,0,0,0,0,0,2006,2006
AGR Loudon,ODIs,1,1,0,0,NA,0,0,2006,2006
OC McCoy,ODIs,2,1,0,0,0,0,0,2018,2018
S Malla,ODIs,1,1,0,0,0,0,0,2026,2026
Mohammad Ali,ODIs,1,1,0,0,0,0,0,2025,2025
TT Maposa,ODIs,1,1,0,0,0,0,0,2024,2024
AW Mathieson,ODIs,1,1,0,0,NA,0,0,2015,2015
Matiullah Khan,ODIs,1,1,0,0,NA,0,0,2023,2023
JP Millmow,ODIs,5,1,0,0,0,0,0,1990,1990
Mohammad Khalil,ODIs,3,1,0,0,NA,0,0,2005,2005
Mohammad Talha,ODIs,3,1,0,0,0,0,0,2014,2014
D Mohammed,ODIs,7,1,0,0,0,0,0,2006,2008
LR Morris,ODIs,3,1,0,0,0,0,0,2024,2024
Muhammad Mohsin,ODIs,1,1,0,0,0,0,0,2026,2026
Naeem Ahmed,ODIs,1,1,0,0,0,0,0,1978,1978
Najaf Shah,ODIs,1,1,0,0,0,0,0,2007,2007
Naseer Malik,ODIs,3,1,0,0,0,0,0,1975,1975
Nasir Hameed,ODIs,1,1,0,0,0,0,0,2004,2004
T Natarajan,ODIs,2,1,0,0,NA,0,0,2020,2021
AM Nayar,ODIs,3,1,0,0,0,0,0,2009,2009
N Ncube,ODIs,1,1,0,0,NA,0,0,2011,2011
MB Owens,ODIs,1,1,0,0,0,0,0,1992,1992
NM Parker,ODIs,1,1,0,0,0,0,0,1976,1976
NT Pascal,ODIs,1,1,0,0,0,0,0,2009,2009
N Phillip,ODIs,1,1,0,0,0,0,0,1978,1978
AG Puttick,ODIs,1,1,0,0,0,0,0,2005,2005
NV Radford,ODIs,6,3,0,0,0,0,0,1988,1988
Rafiqul Islam,ODIs,1,1,0,0,0,0,0,2002,2002
DR Ramsammy,ODIs,1,1,0,0,0,0,0,2012,2012
N Ranatunga,ODIs,2,1,0,0,0,0,0,1993,1993
Raza Hasan,ODIs,1,1,0,0,0,0,0,2014,2014
Rizwan Latif,ODIs,1,1,0,0,0,0,0,2004,2004
Robiul Islam,ODIs,3,1,0,0,0,0,0,2013,2013
Shahbaz Ahmed,ODIs,3,1,0,0,0,0,0,2022,2022
C Sakariya,ODIs,1,1,0,0,0,0,0,2021,2021
Shadab Kabir,ODIs,3,3,0,0,0,0,0,1996,1996
Shakeel Khan,ODIs,1,1,0,0,0,0,0,1987,1987
Simandeep Singh,ODIs,1,1,0,0,0,0,0,2018,2018
GS Sobers,ODIs,1,1,0,0,0,0,0,1973,1973
IS Sohi,ODIs,2,1,0,0,0,0,0,2024,2024
Tanvir Mehdi,ODIs,1,1,0,0,0,0,0,1992,1992
CK Tshuma,ODIs,2,1,0,0,0,0,0,2020,2020
M Venkataramana,ODIs,1,1,0,0,NA,0,0,1988,1988
R Walters,ODIs,2,2,0,0,0,0,0,2003,2003
CM Willoughby,ODIs,3,2,0,0,0,0,0,2000,2003
Zakir Hossain,ODIs,1,1,0,0,0,0,0,1998,1998
Babar Azam,International T20,145,136,4596,38.94915254237288,128.02228412256267,3,39,2016,2026
JC Buttler,International T20,163,150,4384,34.79365079365079,150.13698630136986,2,30,2011,2026
RG Sharma,International T20,159,151,4231,32.053030303030305,140.89244089244087,5,32,2007,2024
V Kohli,International T20,125,117,4188,48.69767441860465,137.04188481675394,1,38,2010,2024
PR Stirling,International T20,163,160,3895,26.31756756756757,134.3566747154191,1,24,2009,2026
MJ Guptill,International T20,122,118,3531,31.81081081081081,135.7033051498847,2,20,2009,2022
Virandeep Singh,International T20,126,118,3515,37,127.35507246376811,1,24,2019,2026
Mohammad Rizwan,International T20,106,93,3414,47.416666666666664,125.3764230627984,1,30,2015,2024
Muhammad Waseem,International T20,99,99,3371,36.24731182795699,150.9628302731751,3,26,2021,2026
DA Warner,International T20,110,110,3277,33.43877551020408,142.47826086956522,1,28,2009,2024
SA Yadav,International T20,113,107,3272,36.355555555555554,162.94820717131475,4,25,2021,2026
Sikandar Raza,International T20,144,139,3244,25.543307086614174,135.6754496026767,1,17,2013,2026
Syed Aziz,International T20,132,123,3183,30.60576923076923,139.4829097283085,1,24,2019,2026
AJ Finch,International T20,103,103,3120,34.285714285714285,142.53083599817268,2,19,2011,2022
Q de Kock,International T20,110,109,3095,30.95,142.23345588235296,2,19,2012,2026
GJ Maxwell,International T20,130,118,2897,28.97,154.42430703624734,5,12,2012,2026
DA Miller,International T20,140,123,2804,33.78313253012048,141.40191628845184,2,9,2010,2026
P Nissanka,International T20,97,96,2784,30.593406593406595,129.1879350348028,2,19,2021,2026
Litton Das,International T20,124,122,2704,23.11111111111111,126.65105386416862,0,16,2015,2026
BKG Mendis,International T20,109,109,2694,26.155339805825243,130.20782986950218,0,20,2016,2026
Babar Hayat,International T20,115,111,2678,28.48936170212766,130.69790141532457,2,15,2014,2026
Karanbir Singh,International T20,65,64,2616,45.89473684210526,174.2838107928048,4,20,2024,2026
HG Munsey,International T20,88,86,2598,32.074074074074076,143.93351800554018,3,14,2015,2026
KS Williamson,International T20,93,90,2575,33.44155844155844,123.08795411089865,0,18,2011,2024
Nizakat Khan,International T20,131,128,2573,21.6218487394958,121.53991497401984,0,13,2014,2026
Shakib Al Hasan,International T20,129,127,2551,23.19090909090909,121.187648456057,0,13,2006,2024
Mohammad Hafeez,International T20,119,108,2514,26.463157894736842,122.03883495145631,0,14,2006,2021
Mohammad Nabi,International T20,155,143,2509,22.20353982300885,135.98915989159892,0,7,2010,2026
RD Berrington,International T20,108,99,2504,30.91358024691358,132.4167107350608,1,10,2008,2026
RR Hendricks,International T20,90,89,2504,28.7816091954023,129.20536635706915,1,18,2014,2025
Fakhar Zaman,International T20,120,110,2494,23.98076923076923,132.51859723698195,0,14,2017,2026
EJG Morgan,International T20,115,107,2458,28.58139534883721,136.17728531855954,0,14,2009,2022
Mahmudullah,International T20,141,130,2444,23.5,117.38712776176754,0,8,2007,2024
Shoaib Malik,International T20,124,111,2435,31.21794871794872,125.64499484004128,0,9,2006,2021
Anshuman Rath,International T20,88,87,2400,31.16883116883117,126.3157894736842,2,12,2015,2026
A Balbirnie,International T20,110,106,2392,23.45098039215686,123.23544564657394,0,12,2015,2024
MP O'Dowd,International T20,91,88,2354,29.061728395061728,121.84265010351967,1,16,2015,2026
R Powell,International T20,120,106,2347,26.370786516853933,141.98427102238352,1,10,2017,2026
MDKJ Perera,International T20,95,93,2335,26.235955056179776,132.89698349459306,1,16,2013,2026
K Bhurtel,International T20,82,80,2329,31.904109589041095,136.27852545348156,3,15,2021,2026
MG Erasmus,International T20,92,88,2327,33.24285714285714,129.92741485203797,1,16,2019,2026
MR Marsh,International T20,88,83,2313,33.52173913043478,142.07616707616708,1,14,2011,2026
Rahmanullah Gurbaz,International T20,90,90,2295,25.5,135.15901060070672,1,13,2019,2026
HH Pandya,International T20,138,109,2288,28.246913580246915,145.91836734693877,0,9,2016,2026
GD Phillips,International T20,97,85,2286,31.75,142.69662921348313,2,12,2017,2026
TL Seifert,International T20,90,84,2279,31.21917808219178,146.37122671804752,0,17,2018,2026
N Pooran,International T20,106,97,2275,26.149425287356323,136.39088729016785,0,13,2016,2024
KL Rahul,International T20,72,68,2265,37.75,139.12776412776412,2,22,2016,2022
DS Airee,International T20,102,87,2235,33.86363636363637,138.99253731343285,1,12,2018,2026
RR Patel,International T20,108,92,2228,30.10810810810811,135.3584447144593,1,14,2008,2026
S Ssesazi,International T20,88,86,2204,29,123.19731693683622,1,17,2021,2024
RP Burl,International T20,129,120,2201,26.202380952380953,124.49095022624435,0,6,2018,2026
Sami Sohail,International T20,75,71,2192,42.98039215686274,125.61604584527221,0,14,2019,2026
BB McCullum,International T20,71,70,2140,35.666666666666664,136.21896880967537,2,13,2005,2015
BJ Bennett,International T20,69,69,2129,33.79365079365079,142.50334672021418,1,12,2023,2026
R Sandaruwan,International T20,80,80,2094,27.194805194805195,145.8217270194986,2,12,2019,2026
D Ndikubwimana,International T20,119,113,2076,19.771428571428572,88.94601542416453,0,11,2021,2026
MS Chapman,International T20,113,95,2074,25.925,135.7329842931937,1,10,2014,2026
AD Hales,International T20,75,75,2074,30.955223880597014,138.35890593729152,1,12,2011,2022
Mohammad Shahzad,International T20,73,73,2048,29.257142857142856,132.1290322580645,1,12,2010,2023
MD Shanaka,International T20,137,124,2048,20.68686868686869,129.62025316455697,0,9,2015,2026
BA King,International T20,87,85,2028,25.35,132.98360655737704,0,14,2019,2026
Sohail Ahmed,International T20,81,76,1983,42.191489361702125,118.24686940966012,0,16,2022,2026
Muhammad Tanveer,International T20,72,66,1980,39.6,133.4231805929919,0,15,2019,2025
KJ O'Brien,International T20,110,103,1973,21.21505376344086,130.92236230922362,1,5,2008,2021
AK Markram,International T20,77,73,1966,31.70967741935484,147.5975975975976,0,14,2019,2026
LRPL Taylor,International T20,106,97,1954,26.053333333333335,121.2911235257604,0,7,2006,2025
Ahmed Faiz,International T20,106,89,1952,24.4,121.77167810355583,1,8,2019,2026
Ibrahim Zadran,International T20,68,68,1938,32.847457627118644,115.15151515151516,0,16,2019,2026
JP Duminy,International T20,81,75,1934,38.68,126.2402088772846,0,11,2007,2019
A Sharafu,International T20,74,70,1927,31.59016393442623,131.1776718856365,0,15,2020,2026
Abhishek Sharma,International T20,62,61,1926,32.644067796610166,195.13677811550153,3,13,2024,2026
K Kadowaki-Fleming,International T20,59,57,1905,36.63461538461539,136.85344827586206,2,12,2022,2026
Bilal Zalmai,International T20,74,72,1904,29.75,161.62988115449915,1,13,2019,2026
TP Ura,International T20,66,65,1900,33.92857142857143,156.89512799339388,2,16,2015,2026
CH Gayle,International T20,79,75,1899,27.926470588235293,137.50905141202028,2,14,2006,2021
HT Tector,International T20,100,92,1898,24.973684210526315,121.58872517616912,0,9,2019,2026
DJ Malan,International T20,62,60,1892,36.38461538461539,132.49299719887955,1,16,2017,2023
TM Dilshan,International T20,80,79,1889,28.19402985074627,120.54881940012763,1,13,2006,2016
DJ Mitchell,International T20,104,90,1879,26.84285714285714,140.53851907255049,0,8,2019,2026
RK Paudel,International T20,86,81,1878,29.34375,122.02729044834308,0,9,2019,2026
Najibullah Zadran,International T20,109,97,1867,29.171875,135.3879622915156,0,8,2012,2026
Meet Bhavsar,International T20,76,74,1855,27.686567164179106,129.62962962962962,0,13,2019,2026
PD Salt,International T20,65,60,1852,34.943396226415096,163.74889478337755,4,10,2022,2026
DP Conway,International T20,69,63,1839,35.36538461538461,128.6013986013986,0,13,2020,2026
Fiaz Ahmed,International T20,74,70,1830,34.528301886792455,124.74437627811861,1,10,2019,2026
Riazat Ali Shah,International T20,86,74,1820,34.339622641509436,127.71929824561403,0,6,2019,2026
Aasif Sheikh,International T20,78,77,1813,24.5,122.33468286099864,0,11,2021,2026
SC Williams,International T20,85,84,1805,23.75,128.2871357498223,0,12,2006,2025
Ishan Kishan,International T20,61,61,1801,31.051724137931036,146.06650446066504,1,13,2021,2026
E Lewis,International T20,67,66,1799,29.016129032258064,152.07100591715977,2,13,2016,2026
LJ Tucker,International T20,93,87,1795,23.012820512820515,123.79310344827586,0,12,2016,2026
S Dhawan,International T20,68,66,1759,27.92063492063492,126.36494252873563,0,11,2011,2021
Tamim Iqbal,International T20,78,78,1758,24.08219178082192,116.96606786427147,1,7,2007,2020
Faisal Khan,International T20,61,61,1743,31.125,173.43283582089552,1,10,2019,2025
SD Hope,International T20,70,68,1743,30.051724137931036,136.59874608150471,1,12,2017,2026
CO Obuya,International T20,75,70,1742,30.03448275862069,119.31506849315068,0,9,2007,2024
C Munro,International T20,65,62,1724,31.345454545454544,156.44283121597095,3,11,2012,2020
NT Tilak Varma,International T20,65,62,1719,44.07692307692308,145.0632911392405,2,10,2023,2026
HC Brook,International T20,71,62,1702,36.212765957446805,164.92248062015506,2,8,2022,2026
Taranjeet Singh,International T20,56,55,1699,34.673469387755105,159.5305164319249,1,10,2021,2026
Umar Akmal,International T20,84,79,1690,26,122.73057371096587,0,8,2009,2019
TH David,International T20,74,63,1679,34.979166666666664,168.40521564694083,1,9,2019,2026
SO Hetmyer,International T20,85,75,1678,24.676470588235293,140.418410041841,0,9,2018,2026
AB de Villiers,International T20,78,75,1672,26.125,135.16572352465644,0,10,2006,2017
JM Bairstow,International T20,80,72,1671,29.839285714285715,137.53086419753086,0,10,2011,2024
GA Priandana,International T20,92,89,1664,21.063291139240505,105.05050505050507,0,8,2022,2026
FH Allen,International T20,62,61,1663,28.67241379310345,170.73921971252565,3,7,2021,2026
H Masakadza,International T20,66,66,1662,25.96875,117.20733427362482,0,11,2006,2019
HAM Shah,International T20,44,43,1648,40.19512195121951,133.1179321486268,1,13,2019,2026
Abdul Waheed,International T20,60,57,1644,32.88,129.65299684542586,1,8,2020,2025
II Selemani,International T20,68,67,1640,26.03174603174603,151.71137835337652,1,8,2021,2026
P Kurup,International T20,70,68,1638,26.419354838709676,109.56521739130434,0,7,2021,2026
Jatinder Singh,International T20,76,76,1635,23.695652173913043,120.39764359351987,0,9,2015,2026
K Motlhanka,International T20,64,61,1629,30.166666666666668,109.91902834008098,1,9,2019,2026
R Satheesan,International T20,60,56,1623,33.12244897959184,150.4170528266914,0,12,2019,2026
MS Dhoni,International T20,98,85,1617,37.604651162790695,126.13104524180967,0,2,2006,2019
MN Samuels,International T20,67,65,1611,29.29090909090909,116.23376623376625,0,10,2007,2018
SK Raina,International T20,78,66,1605,29.181818181818183,134.87394957983193,1,5,2006,2018
KA Pollard,International T20,101,83,1569,25.306451612903224,135.1421188630491,0,6,2008,2022
SV Samson,International T20,72,64,1567,26.559322033898304,156.23130608175472,3,8,2015,2026
JW Jenner,International T20,61,60,1541,32.104166666666664,141.3761467889908,0,8,2019,2026
F du Plessis,International T20,50,50,1528,35.53488372093023,134.3887423043096,1,10,2012,2020
LMP Simmons,International T20,68,67,1527,26.789473684210527,120.80696202531647,0,9,2007,2021
J Charles,International T20,69,68,1525,22.426470588235293,129.0186125211506,1,5,2011,2026
Ahmer Bin,International T20,98,77,1523,27.69090909090909,127.44769874476987,0,7,2022,2026
JJ Roy,International T20,64,64,1522,24.158730158730158,137.6130198915009,0,8,2014,2022
JN Frylinck,International T20,88,69,1518,27.107142857142858,128.20945945945945,2,5,2019,2026
KIC Asalanka,International T20,79,77,1513,22.25,125.04132231404958,0,6,2021,2026
SS Iyer,International T20,67,63,1513,30.877551020408163,136.3063063063063,0,10,2017,2026
Mushfiqur Rahim,International T20,102,93,1500,19.48051948051948,115.03067484662577,0,6,2006,2022
KJ Coetzer,International T20,70,68,1495,22.651515151515152,119.21850079744816,0,6,2008,2021
Soumya Sarkar,International T20,89,88,1494,17.785714285714285,122.05882352941177,0,5,2015,2026
DPMD Jayawardene,International T20,55,55,1493,31.76595744680851,133.18465655664585,1,9,2006,2014
DMW Rawlins,International T20,49,46,1491,41.416666666666664,151.37055837563452,1,12,2019,2026
V Saini,International T20,71,60,1475,31.382978723404257,129.0463692038495,0,7,2020,2026
Zeeshan Ali,International T20,72,63,1472,28.862745098039216,137.3134328358209,1,8,2022,2026
Ahmed Shehzad,International T20,59,59,1471,25.80701754385965,114.74258970358815,1,7,2009,2019
Towhid Hridoy,International T20,67,61,1462,28.666666666666668,127.1304347826087,0,7,2023,2026
SR Watson,International T20,58,56,1462,29.24,145.32803180914513,1,10,2006,2016
SI Runsewe,International T20,81,80,1455,20.785714285714285,107.77777777777777,0,8,2019,2026
CR Ervine,International T20,71,70,1449,21.954545454545453,105.76642335766424,0,9,2010,2024
A Vala,International T20,72,68,1447,24.948275862068964,115.11535401750199,0,8,2015,2026
VP Thamotharam,International T20,66,63,1445,26.272727272727273,145.22613065326632,1,9,2020,2025
MH Cross,International T20,89,76,1439,23.20967741935484,116.32983023443815,0,5,2013,2026
IA Karim,International T20,69,58,1434,36.76923076923077,101.70212765957447,0,9,2013,2026
GH Dockrell,International T20,159,109,1426,20.37142857142857,133.77110694183864,0,2,2010,2026
AD Mathews,International T20,90,73,1416,27.764705882352942,120.51063829787235,0,6,2009,2024
Shahid Afridi,International T20,99,91,1416,17.924050632911392,150,0,4,2006,2018
MP Stoinis,International T20,87,70,1416,30.782608695652176,146.28099173553719,0,6,2015,2026
T Marumani,International T20,78,78,1414,19.36986301369863,129.96323529411765,0,7,2021,2026
Haider Butt,International T20,63,59,1408,31.288888888888888,121.27476313522824,0,8,2021,2024
O Manishimwe,International T20,105,94,1406,17.146341463414632,92.8052805280528,0,6,2022,2026
HE van der Dussen,International T20,57,53,1406,33.476190476190474,128.75457875457877,0,10,2018,2025
I Danladi,International T20,66,61,1398,25.88888888888889,116.88963210702342,0,6,2019,2026
H Lakov,International T20,54,53,1391,34.775,112.7228525121556,0,9,2019,2026
AR Patwa,International T20,57,57,1387,26.673076923076923,122.96099290780143,0,6,2021,2025
Manpreet Singh,International T20,60,57,1383,26.596153846153847,135.58823529411765,1,5,2019,2026
Asghar Afghan,International T20,75,68,1382,21.936507936507937,110.82598235765838,0,4,2010,2021
KC Sangakkara,International T20,56,53,1382,31.40909090909091,119.55017301038062,0,8,2006,2014
S Davizi,International T20,46,45,1373,35.205128205128204,137.85140562248998,3,6,2019,2026
Zeeshan Maqsood,International T20,73,62,1369,26.326923076923077,119.14708442123585,1,5,2015,2024
MWR Stokes,International T20,55,50,1368,40.23529411764706,124.36363636363636,1,7,2019,2026
Adil Butt,International T20,36,36,1355,41.06060606060606,166.25766871165644,3,10,2022,2026
O Tuyisenge,International T20,92,87,1354,16.71604938271605,103.27993897787948,1,3,2021,2025
Saim Ayub,International T20,69,66,1348,21.396825396825395,136.29929221435793,0,6,2023,2026
I Liyanage,International T20,57,54,1345,26.9,121.06210621062105,0,9,2020,2026
W Madhevere,International T20,87,82,1345,18.175675675675677,113.40640809443508,0,7,2020,2026
Asif Ali,International T20,59,57,1344,25.846153846153847,134.1317365269461,1,8,2024,2026
L Bruce,International T20,55,54,1344,26.88,119.04340124003542,0,13,2021,2026
Hamza Khan,International T20,57,56,1343,28.574468085106382,120.1252236135957,1,8,2023,2026
Tanzid Hasan,International T20,55,55,1338,27.306122448979593,127.06552706552708,0,13,2024,2026
TM Head,International T20,53,51,1335,28.404255319148938,156.69014084507043,0,6,2016,2026
Aqib Ilyas,International T20,56,55,1330,27.708333333333332,121.79487179487178,0,10,2015,2024
JJ Smit,International T20,78,68,1325,30.813953488372093,145.1259583789704,1,4,2019,2026
SA Edwards,International T20,86,77,1316,23.087719298245613,126.53846153846153,0,2,2018,2026
Sahibzada Farhan,International T20,48,47,1316,29.244444444444444,135.6701030927835,2,10,2018,2026
NS Dhaliwal,International T20,49,47,1305,31.829268292682926,128.57142857142858,0,10,2019,2026
Asif Khan,International T20,56,56,1302,28.304347826086957,137.9237288135593,0,6,2023,2025
Razmal Shigiwal,International T20,55,49,1301,31.73170731707317,140.49676025917927,0,8,2019,2025
Aqib Iqbal,International T20,94,71,1297,24.01851851851852,123.0550284629981,0,5,2019,2026
GJ Delany,International T20,93,79,1294,20.53968253968254,134.3717549325026,0,4,2019,2026
HM Amla,International T20,44,44,1277,33.60526315789474,132.05791106514994,0,8,2009,2018
LA Dunbar,International T20,49,47,1275,33.55263157894737,123.18840579710144,2,6,2019,2026
Zubaidi Zulkifle,International T20,71,70,1269,18.940298507462686,141.9463087248322,0,4,2019,2026
GC Wilson,International T20,81,68,1268,21.133333333333333,104.62046204620461,0,3,2008,2020
DJ Bravo,International T20,91,74,1255,22.017543859649123,115.03208065994501,0,4,2006,2021
DK Kesuma,International T20,87,80,1251,17.87142857142857,109.92970123022847,3,1,2023,2026
V Balakrishnan,International T20,59,56,1244,24.88,110.6761565836299,2,5,2019,2026
BN Cooper,International T20,58,55,1239,28.15909090909091,124.77341389728096,0,9,2013,2021
Luqman Butt,International T20,45,41,1239,35.4,147.85202863961814,0,6,2023,2025
CS MacLeod,International T20,64,61,1238,23.807692307692307,111.03139013452915,0,7,2009,2022
MM Ali,International T20,92,75,1229,21.189655172413794,142.41019698725376,0,7,2014,2024
RN Patel,International T20,66,64,1226,23.576923076923077,123.46424974823766,0,4,2019,2026
Shaheryar Butt,International T20,55,51,1226,30.65,136.22222222222223,1,4,2019,2026
BRM Taylor,International T20,59,57,1216,24.32,122.33400402414487,1,6,2006,2026
Imran Anwar,International T20,106,72,1209,18.6,125.54517133956386,0,7,2019,2026
RR Pant,International T20,76,66,1209,23.25,127.26315789473684,0,3,2017,2024
NLTC Perera,International T20,84,74,1204,23.153846153846153,151.63727959697732,0,3,2010,2021
MS Wade,International T20,92,68,1202,26.130434782608695,134.15178571428572,0,3,2011,2024
S Muniandy,International T20,126,99,1201,16.680555555555557,115.48076923076923,0,1,2019,2026
S Bau,International T20,65,57,1200,24,111.94029850746267,0,6,2016,2026
Saber Zakhil,International T20,60,53,1195,27.790697674418606,168.0731364275668,1,3,2019,2026
RG Mukasa,International T20,58,56,1186,23.254901960784313,120.77393075356414,0,5,2019,2024
Yuvraj Singh,International T20,58,51,1177,28.023809523809526,136.38470451911934,0,8,2007,2017
KP Pietersen,International T20,37,36,1176,37.935483870967744,141.5162454873646,0,7,2005,2013
J Baker,International T20,32,32,1171,43.370370370370374,132.4660633484163,1,10,2024,2026
S Dube,International T20,79,60,1171,28.5609756097561,150.9020618556701,0,6,2019,2026
H Singh,International T20,57,51,1166,28.4390243902439,134.02298850574712,0,6,2019,2026
Hazratullah Zazai,International T20,45,45,1160,27.61904761904762,132.72311212814645,1,3,2016,2024
Kushal Malla,International T20,67,59,1144,24.340425531914892,137.33493397358944,1,5,2019,2026
DM Nakrani,International T20,82,70,1144,25.42222222222222,125.02732240437157,0,3,2019,2025
Usman Patel,International T20,64,61,1136,23.666666666666668,126.92737430167598,1,7,2020,2026
IK Gamantika,International T20,90,74,1129,17.92063492063492,95.35472972972973,0,1,2022,2026
AD Russell,International T20,86,75,1122,22,163.79562043795622,0,3,2011,2025
Afif Hossain,International T20,70,64,1117,20.30909090909091,119.08315565031984,0,3,2018,2024
NA Greenwood,International T20,42,42,1115,29.342105263157894,146.13368283093052,0,5,2019,2026
MJ Santner,International T20,138,92,1108,20.51851851851852,130.66037735849056,0,2,2015,2026
JDS Neesham,International T20,105,77,1105,20.09090909090909,145.20367936925098,0,0,2012,2026
S Chandramohan,International T20,51,49,1104,24.533333333333335,119.35135135135135,1,5,2019,2025
Aizaz Khan,International T20,103,89,1096,15.43661971830986,108.19348469891412,0,0,2014,2026
SPD Smith,International T20,67,55,1094,24.863636363636363,125.45871559633028,0,5,2010,2024
HL Carlyon,International T20,50,49,1089,23.170212765957448,126.4808362369338,1,6,2019,2026
J Butler,International T20,47,45,1087,27.871794871794872,111.8312757201646,0,5,2019,2026
N Nipiko,International T20,45,45,1086,28.57894736842105,117.4054054054054,1,6,2019,2026
Zeeshan Khan,International T20,50,49,1086,23.106382978723403,120,1,5,2020,2026
BA Pai,International T20,45,43,1084,30.97142857142857,113.8655462184874,1,6,2019,2026
Gulbadin Naib,International T20,87,74,1082,20.037037037037038,122.25988700564972,0,4,2012,2026
WTS Porterfield,International T20,61,59,1079,20.358490566037737,111.12255406797115,0,3,2008,2018
R Obuya,International T20,50,48,1068,26.048780487804876,127.44630071599046,1,6,2023,2026
C Campher,International T20,70,60,1067,20.92156862745098,124.50408401400233,0,4,2021,2026
LD Chandimal,International T20,69,62,1066,19.381818181818183,103.49514563106797,0,6,2010,2025
AP Rajeevan,International T20,55,50,1063,26.575,111.77707676130389,0,6,2022,2025
DM Gondaria,International T20,39,36,1057,34.096774193548384,142.45283018867926,0,8,2013,2026
V Aravind,International T20,48,43,1052,27.68421052631579,112.3931623931624,0,6,2020,2024
TC Barker,International T20,52,52,1052,20.627450980392158,122.75379229871646,0,4,2019,2026
Sarfaraz Ali,International T20,52,52,1050,21.428571428571427,145.42936288088643,0,6,2019,2024
AP Yadav,International T20,44,44,1037,28.805555555555557,105.38617886178862,0,6,2023,2026
JP Inglis,International T20,49,46,1033,26.487179487179485,157.95107033639144,2,2,2022,2026
V Vijh,International T20,57,56,1031,21.93617021276596,108.98520084566596,0,2,2019,2026
CJA Amini,International T20,59,51,1028,24.476190476190474,115.37598204264872,0,5,2015,2024
E Dusingizimana,International T20,62,60,1028,18.035087719298247,106.41821946169772,0,4,2021,2024
D Kansonkho,International T20,68,63,1021,17.912280701754387,91.81654676258992,0,1,2019,2026
L Siaka,International T20,70,63,1019,17.87719298245614,115.14124293785311,0,3,2015,2026
Samiullah Shinwari,International T20,65,56,1013,22.02173913043478,118.06526806526807,0,2,2010,2022
MD Patel,International T20,47,40,1011,27.324324324324323,137.92633015006822,1,7,2019,2026
Shadab Khan,International T20,124,69,1009,19.403846153846153,144.14285714285714,0,1,2017,2026
Rohan Mustafa,International T20,58,53,1006,20.958333333333332,121.64449818621523,0,4,2014,2023
F Damiao Couana,International T20,38,37,1005,31.40625,125.62500000000001,1,5,2019,2024
G Mckeon,International T20,33,33,1002,34.55172413793103,144.79768786127167,2,6,2022,2026
H Klaasen,International T20,58,53,1000,23.25581395348837,141.84397163120568,0,5,2018,2024
Iftikhar Ahmed,International T20,66,55,998,24.341463414634145,129.10737386804658,0,4,2016,2024
S Ravichandran,International T20,53,49,997,22.155555555555555,120.84848484848484,0,5,2022,2026
JJ Huo,International T20,49,47,996,26.210526315789473,135.14246947082768,2,2,2019,2026
Kamran Akmal,International T20,58,53,987,21,119.63636363636363,0,5,2006,2017
Najmul Hossain Shanto,International T20,50,48,987,22.953488372093023,109.06077348066299,0,4,2019,2025
Faheem Nazir,International T20,27,27,985,42.82608695652174,145.92592592592592,2,7,2022,2025
ADS Fletcher,International T20,60,57,984,19.68,110.31390134529148,0,6,2008,2024
CL White,International T20,47,44,984,32.8,132.97297297297297,0,5,2007,2014
GC Smith,International T20,33,33,982,31.677419354838708,127.53246753246754,0,5,2005,2011
Sabbir Rahman,International T20,48,47,977,23.261904761904763,119.2918192918193,0,4,2014,2022
MNM Aslam,International T20,78,54,976,21.217391304347824,115.50295857988166,0,4,2019,2026
Shaiman Anwar,International T20,32,32,971,33.48275862068966,126.10389610389609,1,6,2014,2019
Muhammad Muneeb,International T20,43,43,970,23.658536585365855,122.1662468513854,0,6,2020,2025
N Davin,International T20,37,37,969,29.363636363636363,139.22413793103448,0,6,2019,2025
T Stubbs,International T20,52,43,967,30.21875,133.0123796423659,0,2,2022,2026
M Taylor,International T20,42,41,965,24.125,101.90073917634636,0,8,2021,2026
LS Livingstone,International T20,60,47,955,25.13157894736842,148.98595943837753,1,2,2017,2025
Yasir Ali,International T20,47,43,953,28.029411764705884,102.47311827956989,0,5,2019,2026
P Baron,International T20,38,36,947,29.59375,121.4102564102564,0,9,2019,2026
M Levitt,International T20,30,29,945,33.75,141.25560538116594,1,6,2024,2026
Walid Ghauri,International T20,37,36,939,29.34375,118.71049304677624,1,4,2019,2026
SKS Gill,International T20,44,44,935,23.375,100.53763440860214,0,3,2022,2026
G Gambhir,International T20,37,36,932,27.41176470588235,119.02937420178799,0,7,2007,2012
Yasim Murtaza,International T20,82,66,930,16.31578947368421,114.95673671199012,0,3,2022,2026
PR Surve,International T20,39,36,928,38.666666666666664,114.28571428571428,0,4,2022,2025
D Brevis,International T20,35,33,923,30.766666666666666,163.94316163410303,1,3,2023,2026
Luka Woods,International T20,21,21,919,48.36842105263158,155.76271186440678,2,6,2024,2026
KS Leverock,International T20,33,32,917,33.96296296296296,148.1421647819063,1,4,2019,2026
Salman Agha,International T20,52,48,916,22.9,123.11827956989248,0,6,2024,2026
SJ Myburgh,International T20,45,44,915,21.785714285714285,114.51814768460575,0,5,2012,2022
K Nassoro,International T20,79,63,913,18.26,98.17204301075269,0,2,2021,2026
Mohammad Nawaz (3),International T20,98,69,911,17.51923076923077,133.38213762811125,0,0,2016,2026
A Johnson,International T20,31,31,910,32.5,147.24919093851133,2,6,2022,2025
JO Holder,International T20,98,69,909,18.9375,142.25352112676057,0,0,2014,2026
R Shepherd,International T20,81,57,909,27.545454545454547,144.97607655502392,0,1,2020,2026
Selim Salau,International T20,40,39,908,23.28205128205128,109.00360144057623,1,1,2024,2026
CV Anto,International T20,44,44,907,23.256410256410255,148.20261437908496,0,3,2023,2026
R Nehonde,International T20,59,51,906,21.571428571428573,94.375,0,3,2019,2026
D Doyle-Calle,International T20,40,35,904,33.48148148148148,140.5909797822706,0,4,2022,2026
Mohammad Ihsan,International T20,29,28,903,41.04545454545455,174.32432432432432,3,1,2022,2026
SE Rutherford,International T20,56,48,902,24.37837837837838,147.62684124386251,0,6,2018,2026
MA Leask,International T20,80,66,901,15.807017543859649,127.98295454545455,0,1,2013,2026
Azmatullah Omarzai,International T20,69,58,900,19.148936170212767,127.11864406779661,0,2,2022,2026
Ahmad Ramdoni,International T20,83,66,893,19,87.63493621197253,0,0,2022,2026
E Chigumbura,International T20,57,56,893,19,140.62992125984252,0,3,2006,2020
JE Root,International T20,32,30,893,35.72,126.3083451202263,0,5,2012,2019
Muhammad Usman,International T20,47,43,891,24.08108108108108,114.52442159383034,0,3,2016,2022
DM de Silva,International T20,48,47,890,20.697674418604652,115.88541666666667,0,3,2015,2026
G Malla,International T20,45,39,883,23.236842105263158,120.29972752043597,1,2,2014,2022
BFW de Leede,International T20,49,44,881,27.53125,106.65859564164649,0,5,2018,2026
A Dizija,International T20,45,44,881,20.488372093023255,109.85037406483791,0,6,2022,2026
S Wickramasekara,International T20,41,39,871,28.096774193548388,153.3450704225352,1,6,2019,2026
PW Hasaranga,International T20,101,82,869,13.36923076923077,125.39682539682539,0,2,2019,2026
Shubman Gill,International T20,36,36,869,28.032258064516128,138.5964912280702,1,3,2023,2025
Kamran Khan,International T20,39,36,864,24.685714285714287,135.2112676056338,0,5,2019,2025
TW Nightingale,International T20,48,44,864,21.073170731707318,129.34131736526945,0,4,2020,2026
Mohammad Naim,International T20,38,38,860,23.88888888888889,102.25921521997623,0,4,2019,2025
R Mazumder,International T20,38,37,858,27.677419354838708,110.56701030927836,0,6,2021,2026
T Manders,International T20,30,29,852,34.08,128.50678733031674,0,7,2021,2026
AR Ramjani,International T20,65,45,850,25,131.57894736842107,0,5,2022,2025
RL Chase,International T20,60,44,846,23.5,118.65357643758765,0,4,2021,2026
D Visser,International T20,23,23,845,46.94444444444444,142.01680672268907,3,3,2024,2026
MR Adair,International T20,100,70,844,15.345454545454546,128.65853658536585,0,1,2019,2026
TS Bharaj,International T20,42,40,843,24.085714285714285,119.91465149359885,0,6,2019,2026
KH Prajapati,International T20,47,46,843,20.5609756097561,108.07692307692307,0,6,2021,2024
V Ravindran,International T20,33,32,842,27.161290322580644,144.4253859348199,0,5,2023,2026
I Niyomugabo,International T20,46,44,840,22.7027027027027,98.93992932862191,0,3,2024,2026
IO Okpe,International T20,90,74,838,13.737704918032787,110.40843214756258,0,2,2019,2026
L Yamamoto-Lake,International T20,46,45,838,19.952380952380953,130.12422360248448,1,4,2022,2026
C Roberts,International T20,34,33,837,34.875,107.72200772200773,0,3,2024,2026
C Rubagumya,International T20,91,75,834,13.672131147540984,85.01529051987767,0,0,2021,2025
Saqlain Arshad,International T20,43,42,830,20.75,124.06576980568012,0,4,2019,2026
IDM Latin,International T20,40,40,829,24.38235294117647,122.09131075110457,0,4,2022,2026
SA Okpe,International T20,85,65,828,16.235294117647058,103.88958594730238,0,0,2019,2026
B Arora,International T20,56,51,826,19.666666666666668,90.66959385290889,0,3,2019,2024
JN Loftie-Eaton,International T20,63,49,825,19.642857142857142,135.91433278418452,1,1,2021,2026
AV Lazarus,International T20,40,39,824,25.75,116.38418079096044,0,5,2024,2026
Mohammad Nadeem,International T20,73,52,824,21.128205128205128,103.5175879396985,0,3,2015,2026
SR Taylor,International T20,32,29,822,31.615384615384617,133.65853658536585,1,4,2019,2025
H Thaker,International T20,54,42,822,25.6875,123.05389221556887,0,2,2019,2026
K Waiswa,International T20,82,63,821,16.42,109.75935828877006,0,1,2020,2026
Imal Zuwak,International T20,47,46,818,19.023255813953487,105.54838709677419,0,3,2021,2026
J Rasu,International T20,45,44,818,20.45,106.9281045751634,0,3,2019,2026
Sarfaraz Ahmed,International T20,61,42,818,27.266666666666666,125.26799387442573,0,3,2010,2021
Chirag Suri,International T20,31,31,817,29.178571428571427,115.3954802259887,0,7,2018,2022
JP Kotze,International T20,47,43,817,21.5,120.3240058910162,1,2,2019,2025
S Singh,International T20,69,56,816,17.73913043478261,104.88431876606683,0,2,2021,2026
PHKD Mendis,International T20,49,44,815,20.375,128.7519747235387,0,4,2018,2026
W Barresi,International T20,46,44,812,21.945945945945947,115.01416430594902,0,4,2012,2024
Junaid Aziz,International T20,83,53,812,21.945945945945947,110.32608695652173,0,1,2020,2026
B Niaz,International T20,47,41,811,22.52777777777778,125.73643410852713,0,4,2021,2026
A Mansale,International T20,40,39,808,23.085714285714285,116.59451659451659,0,5,2019,2026
Khizer Ahmed,International T20,47,45,806,20.15,116.47398843930637,0,2,2019,2026
A Mundra,International T20,33,32,806,28.785714285714285,155.29865125240846,0,5,2024,2026
RB Patel,International T20,42,39,805,25.967741935483872,103.33761232349165,0,4,2021,2024
CG Williams,International T20,35,33,805,27.75862068965517,112.90322580645163,0,6,2019,2022
Manan Ali,International T20,47,43,803,22.942857142857143,142.3758865248227,0,1,2023,2025
P Khadka,International T20,33,32,799,27.551724137931036,128.0448717948718,1,4,2014,2020
T Banton,International T20,43,37,797,26.566666666666666,150.37735849056602,0,5,2019,2026
AA Obanda,International T20,51,47,797,18.53488372093023,118.955223880597,1,1,2007,2023
Basil Hameed,International T20,65,54,796,21.513513513513512,126.7515923566879,0,2,2020,2026
IA De Silva,International T20,35,34,795,24.84375,115.21739130434783,1,4,2020,2022
Zeeshan Kukikhel,International T20,27,27,793,30.5,156.1023622047244,1,5,2021,2025
Karim Janat,International T20,77,58,789,16.78723404255319,116.54357459379617,0,4,2016,2026
Misbah-ul-Haq,International T20,39,34,788,37.523809523809526,110.2097902097902,0,3,2007,2012
B McMullen,International T20,30,29,787,31.48,143.87568555758682,0,7,2023,2026
JG Bethell,International T20,36,32,786,30.23076923076923,150.8637236084453,1,4,2024,2026
Usman Ghani,International T20,35,34,786,25.35483870967742,107.23055934515688,0,4,2015,2023
Azyan Farhath,International T20,35,35,784,28,84.66522678185746,0,5,2019,2024
Umar Adam,International T20,46,45,783,17.795454545454547,132.937181663837,0,4,2019,2024
Aamir Kaleem,International T20,58,50,779,17.704545454545453,114.55882352941175,0,3,2015,2026
KR Mayers,International T20,41,39,773,20.89189189189189,134.43478260869566,0,3,2020,2025
S Adedeji,International T20,47,44,772,20.864864864864863,86.74157303370787,0,3,2019,2025
J Bulele,International T20,34,34,772,25.733333333333334,95.07389162561576,0,4,2019,2026
Aaron Jones,International T20,48,43,770,24.0625,114.58333333333333,0,2,2019,2025
AGS Gous,International T20,27,26,770,30.8,142.85714285714286,0,6,2024,2026
Anjar Tadarus,International T20,91,75,768,12.59016393442623,86.9762174405436,0,1,2022,2026
RR Rossouw,International T20,29,27,767,34.86363636363637,159.79166666666666,2,3,2014,2023
D Myers,International T20,45,42,766,19.641025641025642,120.25117739403454,0,3,2021,2026
YSD Seneveratne,International T20,29,29,766,34.81818181818182,118.20987654320987,1,3,2019,2026
NR Kirton,International T20,40,38,764,23.875,122.43589743589745,0,2,2019,2026
AR Patel,International T20,107,67,764,16.608695652173914,128.8364249578415,0,1,2015,2026
R Chopra,International T20,41,36,759,27.107142857142858,114.82602118003025,0,5,2024,2026
R Ravindra,International T20,52,46,759,20.513513513513512,135.29411764705884,0,4,2021,2026
LJ Wright,International T20,51,45,759,18.975,137.00361010830323,0,4,2007,2014
DJ Hussey,International T20,39,36,756,22.90909090909091,121.34831460674158,0,3,2008,2012
Bilal Tahir,International T20,63,53,754,19.842105263157894,138.348623853211,0,1,2019,2026
SR Bhudia,International T20,57,44,753,20.916666666666668,121.84466019417475,0,3,2019,2026
Jaker Ali,International T20,48,43,752,25.066666666666666,123.07692307692308,0,3,2023,2025
ZE Green,International T20,85,59,751,17.068181818181817,112.08955223880596,0,2,2019,2026
O Harvey,International T20,50,46,751,19.256410256410255,96.65379665379665,1,1,2021,2026
A Limdawala,International T20,62,49,750,17.045454545454547,90.47044632086852,0,3,2022,2026
Musaddiq Ahmed,International T20,25,25,747,29.88,172.91666666666669,2,2,2024,2026
Habib Khan,International T20,31,29,746,25.724137931034484,130.19197207678883,0,5,2021,2026
SM Curran,International T20,80,51,744,21.257142857142856,129.84293193717278,0,2,2019,2026
PBB Rajapaksa,International T20,45,40,744,22.545454545454547,130.5263157894737,0,3,2019,2025
KJ Stagno,International T20,29,28,744,27.555555555555557,170.6422018348624,1,4,2022,2026
MD Gunathilaka,International T20,46,45,741,16.466666666666665,120.48780487804878,0,3,2016,2022
RD Rickelton,International T20,29,29,741,28.5,150.30425963488844,0,4,2024,2026
Abbas Ghani,International T20,29,28,739,26.392857142857142,153.00207039337474,0,7,2023,2026
L Lamin,International T20,64,59,739,16.065217391304348,91.80124223602485,0,1,2021,2026
SR Mukkamalla,International T20,21,21,737,40.94444444444444,149.1902834008097,1,6,2024,2026
Parvez Hossain Emon,International T20,40,40,733,19.289473684210527,124.87223168654174,1,3,2022,2026
KD Shah,International T20,54,49,733,17.878048780487806,106.0781476121563,0,3,2014,2025
SA Ahmad,International T20,42,38,732,22.875,112.96296296296295,0,4,2019,2026
M Kasselman,International T20,37,36,732,23.612903225806452,124.91467576791808,1,5,2023,2026
AK Mohan,International T20,40,39,732,19.783783783783782,100.68775790921596,0,5,2019,2026
Jaspal Singh,International T20,45,44,728,21.41176470588235,113.39563862928348,0,4,2023,2026
PA Raikes,International T20,26,26,728,30.333333333333332,133.57798165137615,0,5,2021,2026
Basil George,International T20,34,34,724,22.625,124.1852487135506,1,3,2021,2024
YBK Jaiswal,International T20,23,22,723,36.15,164.3181818181818,1,5,2023,2024
RA Sealy,International T20,42,36,723,21.90909090909091,138.77159309021116,0,3,2022,2026
MEK Hussey,International T20,38,30,721,37.94736842105263,136.29489603024575,0,4,2005,2012
C Chatphaisan,International T20,61,59,715,12.767857142857142,99.03047091412742,0,2,2022,2026
KD Abeyrathna,International T20,43,41,714,19.2972972972973,98.21182943603851,0,0,2021,2026
SJ Baard,International T20,28,28,714,28.56,112.9746835443038,0,5,2019,2022
Aritra Dutta,International T20,37,37,712,19.77777777777778,129.21960072595283,1,2,2019,2025
Aziz Mohammad,International T20,30,30,711,26.333333333333332,136.73076923076923,0,7,2019,2026
RS Bopara,International T20,38,35,711,28.44,118.69782971619365,0,3,2008,2014
NR Kumar,International T20,36,32,711,25.392857142857142,125.39682539682539,0,4,2012,2024
J Mees,International T20,40,39,709,22.15625,118.16666666666666,0,3,2019,2024
MK Pandey,International T20,39,33,709,44.3125,126.15658362989323,0,3,2015,2020
W Niyitanga,International T20,61,60,708,12.872727272727273,82.51748251748252,0,2,2021,2024
R Bakum,International T20,42,41,706,19.08108108108108,115.92775041050902,0,4,2019,2024
CK Kapugedera,International T20,43,38,703,22.677419354838708,118.95093062605753,0,1,2006,2017
RK Singh,International T20,48,35,702,36.94736842105263,156.34743875278397,0,3,2023,2026
Hamza Dar,International T20,38,32,701,31.863636363636363,148.51694915254237,0,4,2019,2026
Ravinderpal Singh,International T20,43,36,701,24.17241379310345,141.04627766599597,1,1,2019,2025
Lakshit Gupta,International T20,35,35,700,23.333333333333332,102.3391812865497,0,3,2023,2025
CJ Anderson,International T20,42,34,697,24.892857142857142,126.03978300180832,0,3,2012,2024
Naseem Khushi,International T20,51,39,696,19.333333333333332,157.4660633484163,0,3,2017,2024
N Vanua,International T20,58,47,696,18.81081081081081,136.47058823529412,0,3,2015,2024
M Akayezu,International T20,115,89,695,8.79746835443038,108.76369327073552,0,1,2021,2026
I Takahashi,International T20,60,52,695,15.795454545454545,126.36363636363637,0,1,2022,2026
G Kansonkho,International T20,59,50,693,16.11627906976744,84.51219512195122,0,1,2019,2026
Muhammad Amir,International T20,70,53,692,14.72340425531915,108.80503144654088,0,2,2019,2026
KD Karthik,International T20,60,48,686,26.384615384615383,142.6195426195426,0,1,2006,2022
WG Jacks,International T20,48,39,684,22.06451612903226,147.73218142548598,0,1,2022,2026
RW Chakabva,International T20,49,49,682,14.51063829787234,122.44165170556553,0,0,2008,2022
Zahir Mohammed,International T20,42,39,676,17.333333333333332,148.24561403508773,0,3,2021,2026
AS Samra,International T20,28,28,674,26.96,136.43724696356276,1,4,2023,2026
D Norotam,International T20,25,24,673,28.041666666666668,139.33747412008282,0,4,2025,2026
Gulsan Jha,International T20,59,47,672,19.764705882352942,138.55670103092783,0,1,2022,2026
T Bavuma,International T20,36,35,670,21.612903225806452,118.16578483245151,0,1,2019,2023
KC D'Souza,International T20,36,33,669,27.875,154.86111111111111,0,2,2020,2022
RM Dorji,International T20,40,40,669,17.153846153846153,107.04,0,3,2019,2026
CJ Chibhabha,International T20,36,35,667,19.057142857142857,109.52380952380953,0,5,2006,2020
JH Kallis,International T20,25,23,666,35.05263157894737,119.35483870967742,0,5,2005,2012
TB Robinson,International T20,31,28,665,26.6,136.8312757201646,1,2,2024,2026
Arjun Vinod,International T20,35,34,661,23.607142857142858,111.65540540540539,0,1,2021,2026
Muhamad Syahadat,International T20,59,47,660,22,105.09554140127389,0,0,2019,2026
TLW Cooper,International T20,33,32,659,23.535714285714285,129.46954813359528,0,3,2012,2022
W Boshoff,International T20,41,35,657,23.464285714285715,107.17781402936379,0,2,2021,2026
Rashid Khan,International T20,118,73,657,14.6,131.1377245508982,0,0,2015,2026
DC Smith,International T20,40,39,657,17.756756756756758,116.69626998223801,0,2,2019,2026
A Ashokan,International T20,31,30,655,27.291666666666668,112.93103448275863,0,3,2019,2023
IDA Damarell,International T20,44,39,655,20.46875,116.75579322638146,0,2,2020,2026
Maaz Khan,International T20,34,33,650,20.967741935483872,152.58215962441315,0,5,2021,2026
Sediqullah Atal,International T20,32,32,647,21.566666666666666,115.53571428571428,0,4,2023,2026
B Ward,International T20,48,36,644,25.76,130.1010101010101,0,1,2019,2026
DJ Hawoe,International T20,112,83,643,9.892307692307693,119.96268656716418,0,0,2022,2026
DJM Short,International T20,23,23,642,30.571428571428573,118.88888888888889,0,4,2018,2020
M Simpson-Parker,International T20,41,34,640,22.06896551724138,112.28070175438596,0,5,2019,2025
Ahmed Hassan,International T20,29,28,639,27.782608695652176,129.8780487804878,0,2,2023,2026
J Bangura,International T20,54,48,639,14.522727272727273,77.45454545454545,0,1,2021,2026
PW Borren,International T20,43,38,638,19.333333333333332,121.7557251908397,0,1,2008,2017
C Green,International T20,28,26,638,29,151.9047619047619,0,6,2022,2026
D Ramdin,International T20,71,50,636,18.705882352941178,115.42649727767696,0,1,2006,2019
M Gogev,International T20,27,27,634,24.384615384615383,143.4389140271493,0,5,2024,2026
Waji Ul Hassan,International T20,36,30,634,25.36,120.30360531309299,1,3,2024,2025
RD Gaikwad,International T20,23,20,633,39.5625,143.5374149659864,1,4,2021,2024
ST Jayasuriya,International T20,31,30,629,23.296296296296298,129.1581108829569,0,4,2006,2011
Saif Hassan,International T20,31,30,629,23.296296296296298,116.48148148148148,0,5,2021,2026
OGL Bascome,International T20,40,37,628,19.625,130.83333333333334,0,1,2019,2026
SSM Stanislaus,International T20,40,35,627,20.225806451612904,103.29489291598024,0,1,2020,2024
Khawar Ali,International T20,41,35,626,19.5625,98.58267716535433,0,2,2015,2022
Sheraz Sheikh,International T20,48,40,625,18.939393939393938,116.38733705772812,0,2,2021,2026
D Wiese,International T20,54,40,624,24,127.86885245901641,0,3,2013,2024
M Gunasekara,International T20,30,29,621,23,123.21428571428572,0,4,2024,2026
Shamim Hossain,International T20,52,43,621,17.742857142857144,122.72727272727273,0,1,2021,2026
MR Swart,International T20,26,25,621,27,115.64245810055867,0,4,2012,2016
VS Padhaal,International T20,45,43,619,15.475,102.65339966832505,0,2,2019,2026
PV Vuniwaqa,International T20,22,22,617,29.38095238095238,145.17647058823528,0,3,2022,2026
A Randhawa,International T20,44,39,613,20.433333333333334,96.99367088607595,0,3,2022,2026
MN Waller,International T20,32,31,613,26.652173913043477,138.37471783295712,0,1,2011,2018
T Jamtsho,International T20,42,42,611,16.97222222222222,116.82600382409179,0,3,2019,2026
A Turay,International T20,40,40,609,16.026315789473685,106.46853146853145,0,2,2022,2026
Muhammad Asim,International T20,24,23,608,38,138.81278538812785,0,5,2024,2026
Ayaan Khan,International T20,42,37,607,18.96875,108.00711743772243,0,1,2021,2024
Isa Zaroo,International T20,31,28,605,23.26923076923077,119.3293885601578,0,2,2023,2026
NG Collins,International T20,24,24,604,26.26086956521739,98.69281045751634,0,4,2019,2023
P Pushparajan,International T20,21,21,604,31.789473684210527,156.0723514211886,1,4,2025,2026
WAE Burton,International T20,41,39,602,18.242424242424242,139.35185185185185,0,2,2021,2026
M Podosky,International T20,35,35,602,19.419354838709676,114.66666666666667,1,1,2022,2025
S Jora,International T20,45,36,601,20.724137931034484,121.65991902834008,0,5,2019,2026
Mohammed Rizlan,International T20,44,37,598,20.620689655172413,113.25757575757575,0,3,2019,2024
TWM Latham,International T20,29,26,597,27.136363636363637,109.54128440366972,0,4,2012,2026
Noor Ali Zadran,International T20,23,23,597,27.136363636363637,101.87713310580205,0,4,2010,2023
Avishka Iroshan,International T20,33,28,595,28.333333333333332,115.75875486381324,0,2,2025,2026
Salman Butt,International T20,24,23,595,28.333333333333332,107.98548094373865,0,3,2007,2010
Faheem Ashraf,International T20,85,59,594,13.5,137.18244803695148,0,1,2017,2026
P Mishra,International T20,68,53,594,12.91304347826087,117.62376237623762,0,3,2019,2026
Aarif Sheikh,International T20,51,39,592,18.5,111.27819548872179,0,0,2018,2026
GD Arta,International T20,84,61,592,12.081632653061224,85.42568542568543,0,0,2022,2026
SO Ngoche,International T20,120,70,592,12.081632653061224,106.28366247755834,0,0,2010,2026
US Hathinjar,International T20,36,36,591,17.38235294117647,118.19999999999999,0,4,2023,2025
PM Seelaar,International T20,77,46,591,17.38235294117647,111.09022556390977,0,1,2008,2021
J van Heerden,International T20,19,18,591,42.214285714285715,134.93150684931507,0,3,2022,2026
CN Ackermann,International T20,29,29,590,23.6,116.37080867850098,0,1,2019,2026
Aqeel Wahid,International T20,38,31,589,32.72222222222222,118.03607214428857,0,1,2024,2026
T Tshose,International T20,63,51,589,14.023809523809524,116.86507936507937,0,1,2019,2026
Janak Prakash,International T20,43,41,588,20.275862068965516,125.91006423982869,0,1,2019,2024
DJG Sammy,International T20,68,52,587,17.264705882352942,147.48743718592965,0,0,2007,2017
YS Samra,International T20,20,19,586,36.625,159.67302452316076,1,3,2025,2026
Shahid Wasif,International T20,42,34,586,24.416666666666668,113.7864077669903,0,3,2016,2026
BA Stokes,International T20,43,36,585,21.666666666666668,128.00875273522976,0,1,2011,2022
PD Collingwood,International T20,36,33,583,18.806451612903224,127.01525054466232,0,3,2005,2017
Nurul Hasan,International T20,58,53,583,17.147058823529413,118.73727087576376,0,0,2016,2026
DR Smith,International T20,33,32,582,18.1875,122.78481012658229,0,3,2006,2015
Hasan Nawaz,International T20,27,26,580,25.217391304347824,157.18157181571814,1,3,2025,2026
Sher Sahak,International T20,41,36,580,20.714285714285715,138.42482100238664,0,2,2021,2026
Sazib Bhuiyan,International T20,37,33,579,18.677419354838708,140.53398058252426,0,4,2022,2026
K Mishara,International T20,27,27,578,24.083333333333332,127.31277533039646,0,4,2022,2026
Saim Hussain,International T20,18,17,578,38.53333333333333,146.7005076142132,1,4,2022,2023
SB Styris,International T20,31,29,578,21.40740740740741,119.6687370600414,0,1,2005,2010
Aman Desai,International T20,40,38,577,15.594594594594595,116.33064516129032,0,2,2022,2025
Asif Ali,International T20,58,51,577,15.18421052631579,133.87470997679813,0,0,2018,2023
A Ferguson,International T20,33,29,577,27.476190476190474,93.21486268174475,0,3,2019,2026
V Ganesan,International T20,47,40,577,18.612903225806452,105.67765567765568,0,2,2019,2024
VB Chikkannaiah,International T20,27,27,575,23,100.70052539404553,0,4,2019,2023
RE van der Merwe,International T20,71,46,575,21.296296296296298,126.93156732891833,0,2,2009,2026
T Perera,International T20,35,32,574,22.96,102.13523131672598,0,0,2019,2025
TS Fray,International T20,47,40,573,16.37142857142857,88.56259659969088,0,2,2019,2026
AJ Mosca,International T20,23,21,573,38.2,128.18791946308724,0,4,2022,2026
Darwish Rasooli,International T20,33,31,572,20.428571428571427,123.27586206896552,0,4,2022,2026
JA Morkel,International T20,50,38,572,21.185185185185187,142.28855721393035,0,0,2005,2015
E Beukes,International T20,43,38,571,22.84,124.1304347826087,0,0,2023,2025
S Periyalwar,International T20,42,35,570,23.75,110.03861003861005,1,3,2019,2025
Dylan Steyn,International T20,21,21,568,27.047619047619047,132.4009324009324,1,2,2022,2024
T Sandeep,International T20,27,27,566,24.608695652173914,115.74642126789365,0,3,2022,2026
Omid Mailk Khel,International T20,26,24,564,29.68421052631579,119.23890063424946,0,2,2022,2026
AM Tribe,International T20,26,24,564,25.636363636363637,124.22907488986785,0,4,2021,2025
SKA Awiah,International T20,40,34,559,18.633333333333333,93.0116472545757,0,2,2021,2024
MO Kitunda,International T20,59,45,559,13.30952380952381,93.79194630872483,0,0,2021,2026
Tenjin Rabgey,International T20,36,36,559,15.971428571428572,88.73015873015872,0,4,2022,2026
S Gooch,International T20,20,20,556,32.705882352941174,109.01960784313725,0,5,2024,2026
Mohammad Haris,International T20,35,34,555,17.34375,136.36363636363635,1,1,2022,2025
Imad Wasim,International T20,75,50,554,15.82857142857143,130.0469483568075,0,1,2015,2024
Adnan Idrees,International T20,42,37,553,15.8,134.8780487804878,0,3,2019,2024
MJ Lumb,International T20,27,27,552,21.23076923076923,133.65617433414045,0,3,2010,2014
MC Henriques,International T20,28,25,551,27.55,137.75,1,3,2009,2026
FA Cossa,International T20,37,31,550,26.19047619047619,119.56521739130434,0,3,2019,2024
A Sharma,International T20,22,22,550,27.5,113.87163561076605,0,5,2023,2026
A McAuley,International T20,30,28,547,21.03846153846154,95.29616724738676,0,2,2020,2026
AR Naidoo,International T20,29,27,545,24.772727272727273,102.63653483992468,0,1,2023,2026
MTMMJ Ave,International T20,23,23,544,32,107.72277227722773,0,4,2022,2026
D Gumyusenge,International T20,43,39,544,15.542857142857143,96.45390070921985,0,2,2024,2026
Mohamed Rishwan,International T20,36,34,544,16.484848484848484,91.8918918918919,0,3,2019,2024
HS Gericke,International T20,21,20,541,27.05,163.93939393939394,0,4,2020,2022
Raghav Dhawan,International T20,22,20,539,29.944444444444443,108.01603206412827,0,3,2024,2025
Karim Sadiq,International T20,36,36,538,14.944444444444445,109.12778904665315,0,1,2010,2018
OB Nightingale,International T20,42,31,538,25.61904761904762,108.90688259109311,0,1,2022,2026
NM Odhiambo,International T20,64,41,538,15.823529411764707,104.66926070038912,0,2,2010,2024
BI Dilruksha,International T20,21,21,535,29.72222222222222,113.10782241014799,0,4,2024,2026
V Mbazo,International T20,57,52,534,11.866666666666667,86.68831168831169,0,1,2019,2026
ND Laegsgaard,International T20,29,28,533,23.17391304347826,148.05555555555557,0,3,2019,2024
RN ten Doeschate,International T20,24,23,533,41,132.91770573566083,0,3,2008,2021
Iqbal Hossain,International T20,25,21,532,25.333333333333332,162.19512195121953,0,3,2021,2023
Ali Raza,International T20,36,32,532,17.161290322580644,153.757225433526,0,3,2021,2026
G Stewart,International T20,24,21,532,28,160.24096385542168,0,3,2021,2026
Talha Khan,International T20,28,28,532,23.130434782608695,103.50194552529184,0,3,2019,2023
GR Adair,International T20,23,23,531,23.08695652173913,141.6,1,1,2023,2026
Imran Ali Butt,International T20,27,25,529,22.041666666666668,99.06367041198502,0,4,2019,2024
M Coetzee,International T20,31,29,528,18.857142857142858,130.04926108374383,1,3,2023,2025
BM Duckett,International T20,21,21,527,27.736842105263158,153.19767441860466,0,3,2019,2026
C Kieswetter,International T20,25,25,526,21.916666666666668,111.91489361702128,0,3,2010,2012
Sahil Chauhan,International T20,27,26,526,25.047619047619047,175.91973244147155,1,1,2023,2026
YS Chauhan,International T20,23,21,525,29.166666666666668,121.24711316397227,0,3,2025,2026
Arun Yadav,International T20,15,15,524,40.30769230769231,148.86363636363635,0,3,2025,2026
Raza Iqbal,International T20,31,31,524,18.714285714285715,117.75280898876403,0,4,2019,2024
AN Lascu,International T20,21,20,523,34.86666666666667,142.89617486338798,0,3,2024,2026
SP Gomes,International T20,18,17,522,40.15384615384615,130.82706766917295,0,5,2022,2026
N Mugabe,International T20,27,26,522,24.857142857142858,108.74999999999999,0,3,2023,2025
BM Pecic,International T20,27,27,521,21.708333333333332,112.28448275862068,1,2,2024,2026
PK Matautaava,International T20,34,34,520,16.774193548387096,120.64965197215778,1,1,2019,2026
Musa Shaheen,International T20,33,28,520,19.25925925925926,106.99588477366255,0,2,2019,2026
J Barker,International T20,36,31,519,23.59090909090909,97.9245283018868,0,0,2019,2024
Bilal Masud,International T20,24,24,519,28.833333333333332,123.27790973871736,0,2,2023,2026
Mehboob Ali,International T20,20,20,519,25.95,183.3922261484099,0,3,2025,2026
F Behardien,International T20,38,30,518,32.375,128.21782178217822,0,1,2012,2018
M van Lingen,International T20,30,27,518,19.185185185185187,115.88366890380313,0,2,2021,2024
Arslan Amjad,International T20,33,32,515,16.612903225806452,106.84647302904564,0,3,2022,2026
RA Jadeja,International T20,74,41,515,21.458333333333332,127.16049382716051,0,0,2009,2024
P Silas,International T20,57,42,515,15.147058823529411,98.2824427480916,0,0,2019,2026
AB Kamara,International T20,33,31,514,19.76923076923077,94.8339483394834,0,1,2021,2026
Md Ariyan,International T20,30,26,512,25.6,149.70760233918128,0,3,2025,2026
MJ Richardson,International T20,25,24,511,30.058823529411764,103.86178861788618,0,2,2019,2023
V Sibanda,International T20,26,26,511,20.44,101.59045725646124,0,1,2007,2016
KN Chaddha,International T20,21,20,510,28.333333333333332,105.15463917525774,0,3,2026,2026
LM Jongwe,International T20,65,48,509,15.424242424242424,121.47971360381862,0,0,2015,2024
LF Muller,International T20,24,23,508,24.19047619047619,118.69158878504673,0,1,2024,2026
Saad Bin Zafar,International T20,69,36,507,25.35,121.29186602870814,0,0,2019,2026
A Donovan,International T20,21,19,506,42.166666666666664,139.010989010989,1,2,2024,2026
S Kaveri,International T20,39,34,506,18.071428571428573,79.43485086342228,0,0,2019,2026
C de Grandhomme,International T20,41,39,505,15.78125,138.35616438356163,0,3,2012,2021
Haider Ali,International T20,35,32,505,17.413793103448278,124.69135802469135,0,3,2020,2023
Nawroz Mangal,International T20,32,32,505,18.035714285714285,111.47902869757174,0,2,2010,2017
OJ Hairs,International T20,30,30,504,18.666666666666668,165.24590163934428,1,2,2019,2025
Najjam Shahzad,International T20,30,27,504,24,137.70491803278688,0,1,2019,2025
Usman Khan,International T20,42,33,503,20.12,115.63218390804597,0,3,2021,2026
VD Adewoye,International T20,55,46,502,12.871794871794872,126.76767676767678,0,0,2019,2026
Umer Toor,International T20,33,33,501,15.65625,115.43778801843318,0,2,2022,2024
Imran Nazir,International T20,25,24,500,21.73913043478261,135.13513513513513,0,3,2007,2012
Hisham Shaikh,International T20,41,31,497,22.59090909090909,94.66666666666667,0,0,2021,2025
JP Kaltapau,International T20,31,28,497,21.608695652173914,99.59919839679358,0,1,2022,2026
JK Vifah,International T20,31,31,496,17.714285714285715,110.71428571428572,0,3,2019,2024
TP Visee,International T20,31,31,496,16,146.3126843657817,0,3,2015,2021
Karan KC,International T20,92,52,495,14.142857142857142,151.840490797546,0,0,2015,2026
C Madande,International T20,44,36,494,17.03448275862069,110.02227171492206,0,1,2022,2026
Mahedi Hasan,International T20,78,54,494,13,104.21940928270041,0,0,2018,2026
Shafiqullah,International T20,46,42,494,16.466666666666665,145.2941176470588,0,1,2010,2019
Usman Khan,International T20,40,34,491,18.185185185185187,121.53465346534654,0,2,2024,2026
Ibrahim Rahimi,International T20,32,29,489,18.807692307692307,161.9205298013245,0,1,2022,2026
SA Jumbe,International T20,66,50,489,13.583333333333334,106.30434782608695,0,1,2021,2025
M Chadha,International T20,17,16,488,40.666666666666664,119.02439024390243,0,3,2023,2025
MJ Clarke,International T20,34,28,488,21.217391304347824,103.17124735729386,0,1,2005,2010
J Mosca,International T20,24,24,486,23.142857142857142,139.6551724137931,0,4,2022,2026
LH Rodrigues,International T20,32,30,486,21.130434782608695,92.74809160305344,0,3,2019,2026
AE Paraam,International T20,17,15,485,48.5,142.22873900293257,1,3,2019,2024
G Burrows,International T20,21,20,484,32.266666666666666,112.03703703703705,0,4,2020,2024
IKEG Artawan,International T20,96,70,482,10.71111111111111,93.23017408123792,0,0,2022,2026
L Canessane,International T20,41,37,481,15.03125,117.3170731707317,0,2,2021,2026
N Dickwella,International T20,28,27,480,18.46153846153846,131.14754098360655,0,1,2016,2021
Amjad Sher,International T20,56,50,479,11.682926829268293,130.51771117166214,0,0,2019,2026
SW Billings,International T20,37,33,478,17.071428571428573,129.8913043478261,0,2,2015,2022
K Irakoze,International T20,75,56,478,10.170212765957446,106.22222222222221,0,1,2021,2024
Manan Bashir,International T20,22,22,478,26.555555555555557,206.0344827586207,0,2,2024,2026
Aslam Khan,International T20,36,32,477,16.448275862068964,148.13664596273293,0,1,2022,2026
M Campopiano,International T20,27,22,477,29.8125,119.24999999999999,0,3,2022,2026
Hammad Mirza,International T20,27,27,477,19.08,107.91855203619909,0,3,2024,2026
R Pathan,International T20,14,14,477,39.75,157.42574257425744,1,3,2021,2024
S Thakor,International T20,58,44,477,13.628571428571428,143.24324324324326,0,0,2021,2024
Faraaz Mehti Abbas,International T20,23,22,475,22.61904761904762,111.24121779859483,0,2,2025,2026
JDP Oram,International T20,36,30,474,20.608695652173914,139.8230088495575,0,2,2005,2012
GJ Bailey,International T20,30,26,473,24.894736842105264,136.7052023121387,0,2,2012,2017
A Shirai-Patmore,International T20,44,33,473,16.892857142857142,89.413988657845,0,1,2022,2026
E Sebareme,International T20,65,54,468,11.7,94.9290060851927,0,0,2021,2024
Azhar Andani,International T20,15,15,467,33.357142857142854,118.22784810126583,1,2,2021,2024
NJ O'Brien,International T20,30,28,466,17.923076923076923,98.10526315789474,0,1,2008,2016
ZM Tribe,International T20,32,28,464,21.09090909090909,106.91244239631337,0,1,2021,2026
JEC Franklin,International T20,38,31,463,20.130434782608695,118.41432225063939,0,2,2006,2013
JM Vince,International T20,17,17,463,27.235294117647058,128.25484764542935,0,2,2015,2022
Shayan Jahangir,International T20,22,21,462,30.8,135.08771929824562,0,2,2024,2026
HB Dickson,International T20,20,20,460,24.210526315789473,142.85714285714286,1,3,2022,2026
Fayaz Khan,International T20,33,26,460,21.904761904761905,155.4054054054054,0,3,2021,2026
Mohammad Ahnaff,International T20,21,20,460,28.75,111.92214111922141,0,3,2023,2025
Ehsan Khan,International T20,114,62,459,14.34375,103.61173814898419,0,0,2016,2026
S Thanikaithasan,International T20,33,31,458,16.357142857142858,124.45652173913044,0,1,2021,2026
MA Baig,International T20,44,33,457,19.041666666666668,91.95171026156942,0,1,2019,2025
DS Bajwa,International T20,21,21,457,25.38888888888889,128.37078651685394,0,4,2023,2026
Muhammad Haziq Aiman,International T20,25,24,457,19.869565217391305,153.3557046979866,1,0,2025,2026
JD Ryder,International T20,22,21,457,22.85,127.6536312849162,0,3,2008,2014
Imran Asif,International T20,29,27,456,19,114.57286432160805,1,0,2021,2026
LN Oluoch,International T20,84,53,454,15.133333333333333,116.70951156812339,0,0,2013,2026
L Steenkamp,International T20,18,18,453,26.647058823529413,134.82142857142858,0,3,2025,2026
Saud Islam,International T20,20,19,452,26.58823529411765,106.10328638497653,0,3,2021,2021
CF Tlali,International T20,34,33,452,14.580645161290322,91.869918699187,0,1,2021,2026
G Venkateswaran,International T20,29,28,452,18.833333333333332,111.88118811881189,0,1,2019,2026
C Hartmann,International T20,31,29,451,18.791666666666668,106.61938534278961,0,0,2020,2026
Namgay Thinley,International T20,41,40,451,12.527777777777779,103.67816091954023,1,0,2022,2026
Mohammad Ashraful,International T20,23,23,450,19.565217391304348,126.40449438202248,0,2,2007,2013
Rameez Shahzad,International T20,22,21,449,24.944444444444443,111.13861386138615,0,1,2016,2019
JJ Atkinson,International T20,29,27,448,19.47826086956522,114.57800511508951,0,3,2014,2024
S Gill,International T20,33,26,447,23.526315789473685,117.94195250659631,0,0,2024,2026
T Parima,International T20,23,23,447,22.35,125.21008403361344,1,0,2022,2026
V Shukla,International T20,23,22,447,26.294117647058822,138.39009287925697,0,2,2024,2026
Ali Masood,International T20,26,26,446,17.84,98.02197802197801,0,2,2021,2025
Anamul Haque,International T20,20,20,445,24.72222222222222,112.65822784810126,0,1,2012,2022
P Useni,International T20,61,45,445,14.35483870967742,144.95114006514657,0,0,2021,2025
R Rohan,International T20,32,31,444,14.32258064516129,97.58241758241758,0,0,2019,2025
Mirza Ahsan,International T20,30,27,443,21.095238095238095,163.46863468634686,0,4,2019,2023
E Niyomugabo,International T20,48,45,442,10.523809523809524,99.54954954954955,0,2,2021,2023
Younis Khan,International T20,25,23,442,22.1,121.42857142857142,0,2,2006,2010
Hussain Talat,International T20,23,23,441,22.05,113.95348837209302,0,2,2018,2025
CJ Jordan,International T20,95,57,439,13.71875,129.11764705882354,0,0,2014,2024
B Masaba,International T20,63,39,439,16.884615384615383,102.33100233100234,0,0,2019,2024
C De Freitas,International T20,11,11,438,39.81818181818182,162.22222222222223,1,3,2026,2026
W Miyauchi,International T20,39,32,438,16.846153846153847,98.87133182844244,0,2,2023,2026
AC Douglas,International T20,25,23,437,19.863636363636363,136.13707165109034,0,2,2019,2025
D Suzuki,International T20,58,48,435,13.59375,101.87353629976582,0,0,2022,2026
MG Bracewell,International T20,47,31,434,19.727272727272727,133.9506172839506,0,2,2022,2025
Khushdil Shah,International T20,38,33,434,17.36,104.07673860911271,0,0,2019,2025
A Kirschbaum,International T20,33,31,434,17.36,97.96839729119638,0,2,2021,2026
B Kohler-Cadmore,International T20,14,14,434,36.166666666666664,177.8688524590164,1,2,2024,2026
Gaurav Tiwari,International T20,26,25,433,21.65,95.37444933920705,0,1,2024,2026
Pargat Singh,International T20,25,22,432,20.571428571428573,117.07317073170731,0,3,2022,2025
Faisal Mubashir,International T20,23,20,428,32.92307692307692,101.66270783847982,0,1,2021,2024
LG Pretorius,International T20,17,17,427,25.11764705882353,150.88339222614843,1,2,2025,2026
Zain Ul Abidin,International T20,51,39,427,17.791666666666668,117.95580110497237,0,1,2021,2025
KC Ramamoorthy,International T20,30,27,424,16.307692307692307,107.8880407124682,0,2,2022,2025
JTS Sumerauer,International T20,49,37,424,15.142857142857142,138.11074918566774,0,1,2019,2026
Irfan Hafejee,International T20,27,26,423,18.391304347826086,82.29571984435798,0,0,2021,2026
S Nadigotla,International T20,37,28,422,15.62962962962963,113.44086021505377,0,1,2019,2026
AA Senn,International T20,20,20,422,23.444444444444443,89.21775898520085,0,2,2025,2026
PL Mommsen,International T20,24,19,419,34.916666666666664,127.35562310030394,0,2,2012,2016
Saeed Ahmed,International T20,33,29,419,15.518518518518519,122.87390029325513,0,1,2023,2026
M Shumba,International T20,33,30,419,19.952380952380953,106.07594936708861,0,1,2020,2026
S Desungnoen,International T20,45,44,418,11.297297297297296,79.46768060836501,0,0,2020,2026
S Hook,International T20,33,29,418,19,105.55555555555556,0,2,2021,2025
Mehidy Hasan Miraz,International T20,34,29,418,16.72,116.75977653631284,0,0,2017,2025
Noman Amjad,International T20,45,40,418,13.933333333333334,108.57142857142857,0,1,2021,2026
S Ivetic,International T20,14,14,417,41.7,98.581560283687935,0,3,2022,2024
Zeshan Arif,International T20,39,27,417,18.954545454545453,134.51612903225808,0,1,2019,2026
Kuldeep,International T20,14,14,416,32,161.86770428015564,0,3,2022,2023
Milind Kumar,International T20,25,21,416,29.714285714285715,108.05194805194805,0,1,2024,2026
MW Short,International T20,24,22,416,20.8,150.18050541516246,0,1,2023,2026
MB Kruger,International T20,32,29,413,15.296296296296296,102.7363184079602,0,1,2024,2026
MM Baig,International T20,33,30,412,19.61904761904762,127.16049382716051,0,1,2023,2026
HJ Manenti,International T20,25,21,412,20.6,113.49862258953168,0,2,2022,2026
Usman Khalid,International T20,34,29,411,19.571428571428573,109.30851063829788,0,2,2021,2025
BN Toube,International T20,26,25,409,17.041666666666668,96.4622641509434,0,0,2021,2026
R Dianish,International T20,24,23,408,18.545454545454547,112.39669421487604,0,1,2024,2026
HER Tyler,International T20,39,33,408,14.068965517241379,120.35398230088497,0,0,2019,2026
H Deshan,International T20,22,20,407,21.42105263157895,129.61783439490446,0,2,2025,2026
MW Machan,International T20,13,13,407,40.7,127.9874213836478,0,3,2013,2016
WU Tharanga,International T20,26,26,407,16.28,123.33333333333334,0,0,2006,2018
C Tommy,International T20,30,26,407,16.28,97.36842105263158,0,0,2019,2026
Sharjeel Khan,International T20,21,18,406,22.555555555555557,133.11475409836066,0,2,2013,2021
Yasar Haroon,International T20,31,29,406,16.24,86.38297872340426,0,0,2019,2026
B Bhandari,International T20,40,31,405,16.875,114.73087818696884,0,2,2014,2024
DM Bravo,International T20,26,22,405,21.31578947368421,106.86015831134566,0,0,2010,2022
EC Joyce,International T20,18,15,405,33.75,93.96751740139212,0,1,2006,2014
Zubair Ali,International T20,14,14,405,33.75,121.62162162162163,0,5,2025,2026
GF Linde,International T20,37,26,403,19.19047619047619,147.61904761904762,0,0,2020,2026
BJ Haddin,International T20,34,29,402,17.47826086956522,114.52991452991452,0,0,2006,2014
Shahid Afridi,International T20,28,26,402,16.08,188.73239436619718,0,1,2023,2026
C Brennan,International T20,34,28,401,20.05,118.2890855457227,0,2,2021,2026
Mosaddek Hossain,International T20,35,33,401,17.434782608695652,111.38888888888889,0,0,2016,2026
RT Ponting,International T20,17,16,401,28.642857142857142,132.7814569536424,0,2,2005,2009
HH Gibbs,International T20,23,23,400,18.181818181818183,125.78616352201257,0,3,2005,2010
Vikramjit Singh,International T20,29,27,400,14.814814814814815,112.99435028248588,0,1,2019,2025
VE Tembo,International T20,38,32,397,15.88,110.89385474860336,0,0,2019,2026
R Coker,International T20,55,45,396,9.9,61.016949152542374,0,1,2022,2026
G Gune,International T20,20,19,396,23.294117647058822,120.36474164133739,1,1,2025,2026
GE Ngegba,International T20,28,28,396,18,97.2972972972973,0,1,2022,2024
Shiraz Khan,International T20,55,36,396,18.857142857142858,97.53694581280789,0,1,2019,2025
Amar Naeem,International T20,34,28,395,17.954545454545453,115.1603498542274,0,1,2024,2026
CM Carroll,International T20,5,5,395,98.75,198.4924623115578,1,3,2026,2026
D Heyliger,International T20,60,38,395,24.6875,159.91902834008098,0,0,2019,2026
Irfan Ringku,International T20,18,16,395,24.6875,147.94007490636704,0,3,2026,2026
Shan Masood,International T20,19,17,395,30.384615384615383,121.91358024691358,0,3,2022,2022
R Tari,International T20,38,35,395,15.192307692307692,106.75675675675676,0,1,2019,2024
DK Mathias,International T20,16,16,394,32.833333333333336,107.94520547945206,0,2,2022,2022
T Munyonga,International T20,41,36,394,14.071428571428571,108.83977900552486,0,0,2019,2026
V Sehwag,International T20,19,18,394,21.88888888888889,145.38745387453875,0,2,2006,2012
Abdul Razzaq,International T20,32,29,393,20.68421052631579,116.61721068249258,0,0,2006,2013
Omar Rassol,International T20,24,23,392,20.63157894736842,125.23961661341853,0,3,2021,2024
Sompal Kami,International T20,93,53,392,11.529411764705882,114.28571428571428,0,0,2014,2026
Surya Anand,International T20,38,28,390,24.375,107.14285714285714,0,1,2021,2026
I Kaia,International T20,22,22,389,17.681818181818183,114.07624633431087,0,2,2021,2026
A Parima,International T20,23,21,389,20.473684210526315,115.43026706231454,0,2,2022,2026
Rizwan Cheema,International T20,24,24,389,17.681818181818183,123.88535031847134,0,2,2008,2019
Ikramullah Khan,International T20,42,28,388,16.869565217391305,110.54131054131054,0,3,2022,2026
C Munoz-Mills,International T20,51,33,388,25.866666666666667,134.72222222222223,0,0,2019,2026
A Natubhai Ahir,International T20,30,29,388,13.857142857142858,94.40389294403893,0,1,2019,2026
S Grover,International T20,26,24,387,19.35,134.8432055749129,1,0,2021,2026
Ameer Saiyed,International T20,25,24,386,17.545454545454547,101.31233595800524,0,1,2019,2026
A Shreshta,International T20,22,21,385,20.263157894736842,97.96437659033079,0,1,2021,2023
KJ Ferrary,International T20,19,17,383,29.46153846153846,114.67065868263472,0,2,2021,2026
K Hinds,International T20,28,28,383,13.678571428571429,104.35967302452316,0,2,2021,2025
R Lutaaya,International T20,32,28,383,13.678571428571429,125.57377049180327,0,1,2022,2026
AA Onikoyi,International T20,29,27,383,15.958333333333334,88.45265588914549,0,1,2019,2023
J Singye,International T20,25,24,382,15.916666666666666,73.60308285163777,0,0,2019,2025
A Gbla,International T20,48,40,381,11.205882352941176,101.32978723404256,0,1,2021,2026
Shahzaib Jamil,International T20,24,21,381,21.166666666666668,130.03412969283278,0,0,2024,2026
S Vijay Unni,International T20,84,44,381,14.653846153846153,85.23489932885906,0,0,2022,2026
Muhammad Fahad,International T20,12,12,380,31.666666666666668,179.24528301886792,1,2,2025,2026
SY Nihute,International T20,25,23,380,20,88.16705336426914,0,1,2025,2026
Ritik Tomar,International T20,34,32,380,13.571428571428571,107.04225352112675,0,0,2022,2026
Tamoor Sajjad,International T20,16,15,380,34.54545454545455,135.71428571428572,0,1,2019,2020
R Mutumbami,International T20,29,26,379,17.227272727272727,117.3374613003096,0,1,2015,2022
J Coetzee,International T20,26,23,378,22.235294117647058,108.30945558739256,0,0,2023,2026
S Movva,International T20,28,23,378,21,105.58659217877096,0,0,2021,2026
NMS Param,International T20,20,18,378,27,117.02786377708978,0,2,2019,2023
Mashrafe Mortaza,International T20,54,39,377,13.464285714285714,136.10108303249098,0,0,2006,2017
WIA Fernando,International T20,39,37,376,11.058823529411764,92.15686274509804,0,0,2019,2025
Pyae Phyo Wai,International T20,32,30,376,12.533333333333333,79.49260042283298,0,1,2023,2025
D Ajekun,International T20,35,33,375,12.096774193548388,73.81889763779527,0,0,2019,2025
Olipa Gerald,International T20,9,9,375,62.5,182.9268292682927,0,3,2026,2026
AM Rahane,International T20,20,20,375,20.833333333333332,113.29305135951661,0,1,2011,2016
Scott Austin,International T20,29,25,375,16.304347826086957,103.02197802197801,0,0,2021,2025
RR Sharan,International T20,22,22,374,18.7,90.99756690997567,0,2,2023,2024
R Baaleri,International T20,30,26,373,17.761904761904763,78.69198312236287,0,2,2021,2026
Esam Rahman,International T20,14,14,373,33.90909090909091,124.33333333333334,0,2,2025,2026
P Sharma,International T20,27,26,373,16.217391304347824,106.57142857142856,0,0,2022,2025
T Musekiwa,International T20,43,37,371,15.458333333333334,125.76271186440677,0,0,2024,2026
D Jansen,International T20,21,16,370,26.428571428571427,114.19753086419753,0,2,2021,2026
Nasir Hossain,International T20,31,24,370,18.5,113.49693251533743,0,2,2011,2016
C Pyle,International T20,22,21,370,21.764705882352942,121.71052631578947,0,0,2024,2026
Izaz Ali,International T20,20,20,369,18.45,150.6122448979592,1,1,2024,2026
S Pradhan,International T20,28,27,369,14.192307692307692,88.70192307692307,0,1,2022,2024
DJ Hooda,International T20,21,17,368,30.666666666666668,147.2,1,0,2022,2023
Sahir Naqash,International T20,38,27,368,23,132.8519855595668,0,1,2019,2023
A Augastin,International T20,15,14,367,33.36363636363637,121.92691029900334,0,4,2025,2026
Imran Ameer,International T20,35,29,367,19.31578947368421,106.99708454810495,0,0,2022,2026
CK Jasmat,International T20,30,25,367,17.476190476190474,110.2102102102102,0,0,2022,2026
BBJL Perera,International T20,18,16,367,28.23076923076923,111.89024390243902,0,1,2019,2022
MA Jones,International T20,15,15,366,26.142857142857142,138.63636363636365,0,2,2022,2026
F Banunaek,International T20,105,44,365,13.035714285714286,84.88372093023256,0,1,2022,2026
FFZ Nhaduate,International T20,15,14,365,30.416666666666668,140.92664092664094,0,2,2023,2026
PS Athavale,International T20,21,17,364,22.75,126.38888888888889,0,2,2023,2024
Awais Ahmed,International T20,28,20,364,21.41176470588235,117.41935483870967,1,0,2019,2023
R Escobar,International T20,27,21,364,24.266666666666666,84.25925925925925,0,1,2019,2026
PJ Moor,International T20,21,19,364,24.266666666666666,127.27272727272727,0,1,2016,2019
Nasir Jamshed,International T20,18,18,363,21.352941176470587,113.43749999999999,0,2,2012,2013
DA Blignaut,International T20,29,25,362,18.1,92.1119592875318,0,0,2021,2023
WJ Cope,International T20,41,37,361,12.448275862068966,113.16614420062696,0,1,2020,2026
SG Mangela,International T20,16,16,361,24.066666666666666,116.45161290322581,0,2,2024,2025
Shoaib Khan,International T20,28,27,361,18.05,105.86510263929618,0,1,2022,2024
K Doriga,International T20,43,34,359,12.379310344827585,96.7654986522911,0,0,2019,2025
L Ronchi,International T20,33,26,359,17.95,140.234375,0,1,2008,2018
R Trumpelmann,International T20,58,37,359,15.608695652173912,127.75800711743773,0,0,2021,2026
OE Olaleye,International T20,28,26,358,15.565217391304348,95.46666666666667,0,0,2021,2026
Shah Abrar Hussain,International T20,29,20,358,22.375,103.768115942029,0,1,2023,2025
Shahil Momin,International T20,24,21,358,21.058823529411764,99.72144846796658,0,1,2021,2023
A Pusthay,International T20,30,29,357,12.75,95.71045576407506,0,1,2019,2026
JA Fitzgerald,International T20,42,36,356,16.181818181818183,130.4029304029304,0,0,2019,2026
AA Navicha,International T20,40,29,356,18.736842105263158,107.55287009063443,0,0,2021,2026
Awais Ahmad,International T20,24,23,355,15.434782608695652,127.6978417266187,0,0,2025,2026
Haroon Arshad,International T20,36,26,355,20.88235294117647,129.0909090909091,0,1,2019,2024
Samiullah Rahmani,International T20,33,24,355,16.136363636363637,145.4918032786885,0,1,2023,2026
Faheem Nellancheri,International T20,27,24,354,16.09090909090909,143.31983805668017,0,0,2023,2026
Mazharul Islam,International T20,22,21,354,20.823529411764707,92.91338582677166,0,2,2021,2026
Muslim Yar,International T20,63,32,354,16.857142857142858,122.49134948096885,0,0,2019,2026
NM Salonen,International T20,31,27,354,14.16,114.19354838709677,0,0,2024,2026
B Fitchet,International T20,20,20,349,17.45,122.02797202797203,0,0,2023,2025
HA Jackson,International T20,27,24,348,15.818181818181818,88.10126582278481,0,1,2021,2026
GP Meade,International T20,39,30,348,15.130434782608695,101.75438596491229,0,1,2019,2026
Mukhtar Ghulami,International T20,26,24,348,15.130434782608695,114.09836065573771,0,0,2023,2026
OA Shah,International T20,17,15,347,24.785714285714285,122.1830985915493,0,1,2007,2009
Wahidullah Sahak,International T20,22,18,347,20.41176470588235,134.49612403100775,0,3,2021,2026
GK Ghalley,International T20,34,32,346,12.814814814814815,92.02127659574468,0,0,2022,2026
GT Taylor,International T20,32,31,346,12.357142857142858,78.99543378995433,0,1,2021,2026
DG Blampied,International T20,50,33,345,17.25,99.13793103448276,0,0,2019,2026
AM Kimote,International T20,81,45,345,13.8,105.50458715596329,0,0,2021,2026
Shaheen Shah Afridi,International T20,103,42,345,14.375,125.91240875912408,0,0,2018,2026
SO Tikolo,International T20,15,15,345,28.75,122.77580071174377,0,2,2007,2013
TC Bruce,International T20,21,21,344,18.105263157894736,121.98581560283688,0,2,2017,2026
Festus Benn,International T20,35,31,344,15.636363636363637,74.45887445887446,0,0,2022,2026
Kamran Ahmadzai,International T20,20,16,344,26.46153846153846,158.52534562211983,0,1,2024,2026
Mehran Khan,International T20,48,39,344,10.424242424242424,106.5015479876161,0,0,2015,2024
D Sabir,International T20,42,28,344,16.38095238095238,116.61016949152543,0,1,2021,2026
Sheikh Rasik,International T20,10,10,344,43,171.14427860696517,1,2,2023,2025
WA Young,International T20,20,19,344,18.105263157894736,101.77514792899409,0,2,2021,2024
Z Bimenyimana,International T20,110,65,343,7.795454545454546,123.38129496402878,0,0,2021,2026
S Chanderpaul,International T20,22,22,343,20.176470588235293,98.84726224783861,0,0,2006,2010
R Gaznavi,International T20,29,27,343,14.91304347826087,93.97260273972603,0,0,2019,2026
H Hiri,International T20,28,22,343,19.055555555555557,111.0032362459547,0,1,2016,2024
BR McDermott,International T20,25,23,342,18,99.70845481049562,0,2,2018,2023
S Houghton,International T20,22,22,340,16.19047619047619,91.64420485175202,0,1,2024,2026
Ahmed Hassan,International T20,21,20,338,17.789473684210527,91.35135135135135,0,1,2019,2022
SM Solia,International T20,12,12,338,30.727272727272727,120.71428571428571,0,2,2025,2026
H Gori,International T20,11,11,337,30.636363636363637,132.15686274509804,0,1,2019,2020
A Symonds,International T20,14,11,337,48.142857142857146,169.3467336683417,0,2,2005,2009
M Stanikzai,International T20,23,21,336,17.68421052631579,146.72489082969435,0,0,2024,2026
A Athanaze,International T20,15,15,334,23.857142857142858,126.51515151515152,0,2,2024,2026
Chaudhary Akram,International T20,15,13,333,27.75,105.71428571428572,0,1,2023,2026
Yves Cyusa,International T20,42,32,333,13.32,93.80281690140845,0,1,2024,2026
V Zimonjic,International T20,48,35,333,12.807692307692308,104.06249999999999,0,0,2021,2026
Amir Zaib,International T20,23,20,332,19.529411764705884,131.22529644268775,0,0,2021,2024
Amoluk Singh,International T20,15,14,332,27.666666666666668,118.57142857142857,0,2,2021,2022
Muhammad Umar,International T20,25,21,331,19.470588235294116,116.54929577464787,0,1,2024,2026
Faisal Javed,International T20,15,15,330,22,155.66037735849056,0,2,2019,2019
JV Chand,International T20,15,15,329,27.416666666666668,106.81818181818181,0,0,2025,2026
LB Ferbrache,International T20,41,27,328,16.4,91.36490250696379,0,1,2019,2026
PB Gouge,International T20,14,11,328,36.44444444444444,160.7843137254902,0,3,2023,2026
MS Maker,International T20,15,13,328,65.6,144.49339207048456,0,2,2025,2026
SR Thompson,International T20,41,30,328,14.909090909090908,129.13385826771653,0,1,2014,2019
RA Hermann,International T20,17,16,327,23.357142857142858,128.74015748031496,0,1,2025,2026
Y Jalloh,International T20,29,28,327,12.576923076923077,78.98550724637681,0,2,2023,2026
RJ Nicol,International T20,21,19,327,17.210526315789473,110.47297297297298,0,2,2010,2013
Ali Nayyer,International T20,31,24,327,21.8,130.27888446215138,0,0,2021,2025
BDH Stevens,International T20,20,20,327,17.210526315789473,97.61194029850746,0,0,2019,2022
C Esterhuizen,International T20,10,9,326,40.75,155.23809523809524,0,3,2026,2026
Bakhtiar Tahiri,International T20,17,12,325,32.5,118.61313868613139,0,1,2020,2025
S Vesawkar,International T20,20,19,325,23.214285714285715,99.08536585365853,0,0,2014,2022
Adam Senn,International T20,20,18,324,24.923076923076923,126.07003891050583,0,2,2025,2026
Gurdeep Singh,International T20,19,16,324,20.25,120.89552238805969,0,1,2021,2026
Hamza Tariq,International T20,26,20,324,29.454545454545453,161.19402985074626,0,3,2013,2022
K Krishnakumar,International T20,15,14,324,23.142857142857142,122.26415094339622,0,1,2025,2026
D Muhumuza,International T20,32,22,324,23.142857142857142,105.53745928338762,0,2,2019,2022
LE Bosman,International T20,14,14,323,24.846153846153847,147.48858447488584,0,3,2006,2010
Jordan O'Brien,International T20,28,27,323,13.458333333333334,109.8639455782313,0,1,2023,2026
Niv Nagavkar,International T20,18,16,323,21.533333333333335,108.75420875420876,0,1,2022,2026
Rafiullah,International T20,32,25,323,14.681818181818182,173.65591397849462,0,0,2022,2024
CP Rizwan,International T20,18,16,323,24.846153846153847,109.49152542372882,0,1,2019,2023
Ali Naseer,International T20,40,28,321,16.05,126.87747035573122,0,0,2023,2024
Lokesh Bam,International T20,29,21,321,21.4,157.35294117647058,0,1,2022,2026
MRJ Watt,International T20,83,41,321,11.068965517241379,113.42756183745584,0,0,2015,2026
SF Tiai,International T20,33,25,319,14.5,113.92857142857142,0,0,2019,2026
Muhammad Soban,International T20,14,14,318,22.714285714285715,102.2508038585209,0,2,2025,2026
B Evans,International T20,42,27,317,15.85,135.47008547008548,0,1,2022,2026
Khalid Ahmadi,International T20,46,31,317,17.61111111111111,168.61702127659575,0,0,2020,2026
Zaheer Ibrahim,International T20,24,22,317,18.647058823529413,113.21428571428571,0,1,2019,2021
CPPM Sadun,International T20,21,19,315,19.6875,98.7460815047022,0,1,2021,2025
Abhijeet Ahuja,International T20,19,18,314,18.470588235294116,95.73170731707317,0,2,2021,2023
Faisal Raza,International T20,25,23,314,15.7,111.74377224199287,0,0,2025,2026
NJ Ferraby,International T20,18,18,314,18.470588235294116,110.56338028169014,0,1,2019,2021
Mohamed Azzam,International T20,43,39,314,9.235294117647058,75.48076923076923,0,0,2019,2024
Osama Mahmood,International T20,15,14,314,26.166666666666668,114.59854014598541,0,2,2021,2024
DR Patankar,International T20,27,24,314,13.652173913043478,103.28947368421053,0,1,2023,2026
R Sakurano-Thomas,International T20,47,33,314,11.62962962962963,90.48991354466858,0,0,2022,2026
Waqas Barkat,International T20,39,28,313,13.041666666666666,91.25364431486881,0,0,2014,2025
C Karunaratne,International T20,46,37,312,15.6,102.29508196721311,0,0,2021,2026
Y Saranonnakkun,International T20,50,43,312,7.609756097560975,81.4621409921671,0,0,2022,2026
Ilyas Ataullah,International T20,20,19,311,18.294117647058822,124.4,0,1,2022,2026
Muhammad Kashif,International T20,21,18,311,22.214285714285715,105.78231292517006,0,2,2019,2022
Muhammad Qasim,International T20,12,11,311,31.1,137.61061946902655,0,2,2025,2026
A Busing-Volschenk,International T20,16,14,311,34.55555555555556,138.22222222222223,0,3,2024,2026
CR Brathwaite,International T20,41,27,310,14.761904761904763,113.13868613138686,0,0,2011,2019
Mustafa Omer,International T20,13,13,310,25.833333333333332,117.42424242424244,1,0,2021,2026
S Samarawickrama,International T20,19,18,310,19.375,109.92907801418438,0,2,2017,2024
A Kheterpal,International T20,18,18,309,28.09090909090909,119.76744186046511,0,0,2021,2023
ML Hayden,International T20,9,9,308,51.333333333333336,143.92523364485982,0,4,2005,2007
E Rukiriza,International T20,90,61,308,7.162790697674419,86.76056338028168,0,0,2023,2026
AJ Hosein,International T20,99,38,307,14.619047619047619,114.55223880597015,0,0,2021,2026
S Jegannathan,International T20,19,17,306,25.5,99.6742671009772,0,1,2025,2026
Thuya Aung,International T20,32,31,305,10.892857142857142,58.65384615384615,0,0,2023,2025
Anoop Orsu,International T20,28,25,304,16.88888888888889,116.92307692307693,0,1,2022,2026
TS Kamunhukamwe,International T20,15,15,304,20.266666666666666,105.55555555555556,0,0,2020,2024
Mohammad Saifuddin,International T20,51,30,304,19,122.58064516129032,0,0,2017,2026
Muhammad Zohaib,International T20,16,16,303,20.2,103.76712328767124,0,1,2025,2026
TG Southee,International T20,126,50,303,11.222222222222221,138.9908256880734,0,0,2008,2024
Umair Qasim,International T20,40,35,303,10.821428571428571,94.09937888198758,0,1,2021,2026
LM Gabriel,International T20,27,26,302,12.08,78.23834196891191,0,0,2022,2026
Nasrulla Rana,International T20,69,41,302,11.615384615384615,113.53383458646617,0,0,2019,2026
S Veerapathiran,International T20,43,34,302,13.130434782608695,123.77049180327869,0,0,2020,2024
Hamid Mahmood,International T20,20,17,301,27.363636363636363,103.79310344827586,0,2,2022,2026
BJ McCarthy,International T20,69,41,301,12.04,114.88549618320612,0,1,2017,2026
Taranjit Singh,International T20,25,22,301,17.705882352941178,183.53658536585365,0,1,2024,2026
D Uwimana,International T20,25,20,301,25.083333333333332,124.3801652892562,0,1,2021,2026
KK Lin Thu,International T20,32,31,300,10.344827586206897,71.25890736342043,0,1,2023,2025
XM Marshall,International T20,20,18,300,17.647058823529413,103.44827586206897,0,0,2008,2021
NL McCullum,International T20,63,41,299,11.5,100.67340067340066,0,0,2007,2016
R Panchal,International T20,22,18,299,27.181818181818183,90.33232628398792,0,1,2019,2023
FA Allen,International T20,42,29,298,14.9,134.84162895927602,0,0,2018,2025
Muhammad Siddiqui,International T20,15,15,298,19.866666666666667,116.40625,0,0,2022,2025
RR Sarwan,International T20,18,16,298,22.923076923076923,104.19580419580419,0,2,2007,2010
Idrees Ul Haque,International T20,18,17,297,17.470588235294116,121.22448979591837,0,1,2021,2025
SJ Cotter,International T20,23,20,296,16.444444444444443,97.6897689768977,0,1,2019,2026
Qamar Mushtaque,International T20,47,34,296,13.454545454545455,102.06896551724138,0,1,2022,2026
Simi Singh,International T20,53,40,296,10.206896551724139,108.42490842490842,0,1,2018,2022
N Tanner,International T20,25,22,296,15.578947368421053,88.88888888888889,0,1,2024,2026
Atif Rasheed,International T20,19,18,295,17.352941176470587,118,0,0,2022,2025
Khalid Kail,International T20,21,18,294,21,110.5263157894737,0,2,2024,2024
H Patel,International T20,15,15,294,21,103.15789473684211,0,2,2010,2021
Sufyan Mehmood,International T20,31,22,294,18.375,77.16535433070865,0,0,2015,2026
Aaftab Alam Khan,International T20,29,27,293,14.65,122.08333333333334,0,1,2021,2025
Hassan Rasheed,International T20,32,26,293,11.72,82.53521126760563,0,0,2019,2024
Muhammad Asim,International T20,12,12,291,24.25,122.26890756302522,0,2,2025,2026
N Knights,International T20,22,19,291,15.31578947368421,132.87671232876713,0,2,2020,2026
CA Lynn,International T20,18,16,291,19.4,131.67420814479638,0,0,2014,2018
HDRL Thirimanne,International T20,26,20,291,16.166666666666668,108.98876404494382,0,0,2012,2016
Yusuf Ebrahim,International T20,21,21,291,14.55,91.50943396226415,0,1,2019,2024
CN Greaves,International T20,35,26,290,19.333333333333332,109.02255639097744,0,0,2021,2025
B Ito-Davis,International T20,28,22,289,17,112.890625,0,0,2024,2026
AN Kervezee,International T20,10,10,289,32.111111111111114,110.30534351145039,0,2,2009,2012
C Nunes,International T20,22,15,289,28.9,144.5,0,1,2025,2026
J Broad,International T20,9,9,288,41.142857142857146,119.50207468879668,0,3,2022,2022
P Aho,International T20,66,38,287,13.045454545454545,105.51470588235294,0,0,2021,2026
ML Castillo,International T20,16,16,287,22.076923076923077,101.05633802816902,0,1,2021,2026
Devender Singh,International T20,26,23,287,20.5,110.8108108108108,0,0,2021,2026
A Venkatesh,International T20,16,16,287,20.5,105.51470588235294,0,1,2021,2022
SKDT Madusanka,International T20,18,16,286,23.833333333333332,88.81987577639751,0,1,2021,2024
Washington Sundar,International T20,65,28,286,15.88888888888889,128.25112107623318,0,1,2017,2026
ASF Sirah,International T20,31,22,284,14.947368421052632,123.47826086956522,0,1,2023,2026
A Bagai,International T20,9,9,284,40.57142857142857,114.05622489959839,0,2,2008,2013
Divyendra Singh,International T20,25,20,284,14.947368421052632,98.26989619377161,0,2,2022,2026
NN Odhiambo,International T20,43,31,284,10.923076923076923,104.41176470588236,0,0,2007,2022
Sachin Mandy,International T20,37,23,282,13.428571428571429,108.46153846153845,0,2,2022,2026
F Suluoto,International T20,30,25,282,14.842105263157896,106.01503759398496,0,0,2022,2026
T Suri,International T20,14,14,282,21.692307692307693,113.25301204819279,0,1,2023,2026
Abdul-Shakoor Rahimzei,International T20,26,21,281,15.61111111111111,104.8507462686567,0,1,2019,2023
Abhishek Ahuja,International T20,17,16,281,17.5625,105.24344569288388,0,1,2022,2024
ARA Chambers,International T20,17,17,281,17.5625,92.43421052631578,0,0,2021,2024
AUKDS Kalugala,International T20,18,18,281,15.61111111111111,116.597510373444,0,0,2022,2026
Mohammad Shahzad,International T20,20,20,281,15.61111111111111,117.57322175732216,0,1,2015,2017
A Turkmen,International T20,20,19,281,21.615384615384617,127.14932126696831,0,2,2022,2026
SA Engelbrecht,International T20,12,10,280,31.11111111111111,132.70142180094786,0,1,2024,2024
Aminuddin Ramly,International T20,23,21,280,16.470588235294116,148.14814814814815,0,0,2019,2021
Sayed Monib,International T20,44,30,280,14.736842105263158,175,0,0,2020,2024
AC Agar,International T20,49,29,279,11.625,100.35971223021582,0,0,2016,2024
Fanyan Mughal,International T20,24,23,279,13.285714285714286,108.56031128404669,0,1,2023,2024
S Mathur,International T20,24,21,279,15.5,89.42307692307693,0,0,2023,2026
Muhammad Usman,International T20,14,12,279,27.9,165.0887573964497,0,1,2025,2025
Saghar Manzoor,International T20,20,20,277,16.294117647058822,109.92063492063492,0,0,2024,2026
SZ Vayani,International T20,52,34,277,10.653846153846153,96.18055555555556,0,0,2023,2026
Abhishek Anand,International T20,18,18,275,16.176470588235293,112.70491803278688,0,1,2025,2026
Baseer Khan,International T20,51,30,275,14.473684210526315,100.73260073260073,0,0,2024,2026
SC Getkate,International T20,30,26,275,11.956521739130435,111.78861788617887,0,0,2019,2022
Hamid Safi,International T20,29,19,275,25,168.7116564417178,0,1,2025,2026
SS McKechnie,International T20,30,25,275,17.1875,98.21428571428571,0,0,2019,2023
TAM Siriwardana,International T20,22,19,275,17.1875,132.21153846153845,0,0,2015,2017
Virk Ali,International T20,15,15,275,19.642857142857142,100.73260073260073,0,2,2021,2026
P Suanchuai,International T20,31,28,274,10.538461538461538,66.82926829268293,0,0,2020,2026
Rizwan Butt,International T20,95,45,274,8.838709677419354,114.64435146443515,0,0,2022,2026
LI Salomone,International T20,26,23,274,13.047619047619047,87.82051282051282,0,1,2022,2026
S Heath,International T20,9,9,273,34.125,155.11363636363635,0,1,2026,2026
D Panda,International T20,19,17,273,21,110.08064516129032,0,1,2025,2026
Sohaib Maqsood,International T20,26,22,273,13.65,116.66666666666667,0,0,2013,2021
AC Gilchrist,International T20,13,13,272,22.666666666666668,141.66666666666669,0,0,2005,2008
BF Mailata,International T20,20,19,272,17,94.44444444444444,0,0,2019,2026
Amjad Javed,International T20,22,18,271,18.066666666666666,111.98347107438016,0,1,2014,2017
JA Burns,International T20,8,8,271,45.166666666666664,138.97435897435898,1,1,2024,2025
WP Masakadza,International T20,83,45,271,8.741935483870968,95.08771929824562,0,0,2015,2026
P Rathnayake,International T20,15,13,271,22.583333333333332,140.41450777202073,0,2,2025,2026
T Rossi,International T20,28,22,271,15.941176470588236,112.44813278008299,0,0,2021,2026
R Abdulkareem,International T20,55,31,270,12.857142857142858,85.98726114649682,0,0,2021,2026
M Spoors,International T20,10,9,269,38.42857142857143,119.55555555555554,1,1,2022,2022
MV Boucher,International T20,25,21,268,17.866666666666667,97.45454545454545,0,0,2005,2010
M Jansen,International T20,30,20,268,17.866666666666667,147.25274725274727,0,2,2022,2026
BS Stephenson,International T20,17,16,268,20.615384615384617,121.26696832579185,0,1,2019,2024
AT Carey,International T20,42,29,267,11.125,109.87654320987654,0,0,2018,2025
JS Malhotra,International T20,17,15,267,19.071428571428573,118.14159292035397,0,1,2019,2022
Shakeel Ahmed,International T20,47,26,266,14,98.51851851851852,0,0,2023,2026
Akhil Anil,International T20,27,23,265,13.947368421052632,119.36936936936937,0,1,2022,2024
S Ghimire,International T20,12,10,265,37.857142857142854,121.55963302752293,0,1,2023,2024
Muhammad Nadir,International T20,84,45,263,11.434782608695652,85.94771241830065,0,0,2023,2026
D Johnson,International T20,22,21,262,13.789473684210526,115.929203539823,0,1,2025,2026
Khizar Hayat,International T20,58,31,262,13.1,98.86792452830188,0,0,2020,2025
Muhammad Younis,International T20,14,14,262,20.153846153846153,129.064039408867,0,1,2020,2022
PR Santhanakrishnan,International T20,22,19,262,14.555555555555555,101.94552529182879,0,0,2023,2025
D Pretorius,International T20,30,17,261,21.75,164.1509433962264,0,1,2017,2022
Waseem Yaqoob,International T20,21,20,261,14.5,82.0754716981132,0,1,2022,2026
SA Wijeyeratne,International T20,17,13,261,21.75,121.96261682242991,0,3,2019,2024
KH Abe,International T20,24,21,260,13.68421052631579,120.93023255813952,0,1,2024,2025
Rohit Kumar,International T20,17,16,259,18.5,116.66666666666667,0,0,2022,2026
T Taibu,International T20,17,15,259,28.77777777777778,100.77821011673151,0,0,2007,2012
Adnan Ilyas,International T20,12,11,258,23.454545454545453,118.34862385321101,0,1,2015,2016
Najeeb Tarakai,International T20,12,12,258,21.5,122.85714285714286,0,1,2014,2019
Ratul Khan,International T20,9,9,258,36.857142857142854,127.72277227722772,1,1,2026,2026
L Rossi,International T20,20,17,258,16.125,97.35849056603773,0,1,2023,2026
Khurram Nawaz,International T20,24,18,257,19.76923076923077,119.53488372093024,0,1,2017,2022
LJ Leokaoke,International T20,14,13,257,25.7,102.39043824701196,0,2,2024,2026
Mohamed Arief,International T20,20,16,257,19.76923076923077,124.75728155339804,0,1,2019,2023
YI Patel,International T20,57,32,257,15.117647058823529,88.92733564013841,0,0,2022,2026
JT Smuts,International T20,20,19,257,13.526315789473685,108.89830508474576,0,0,2017,2026
Jakir Patel,International T20,15,15,257,17.133333333333333,112.22707423580786,0,1,2025,2026
Mahmud Jasat,International T20,20,20,256,13.473684210526315,71.50837988826815,0,0,2021,2024
A Oxley,International T20,11,9,256,32,82.84789644012946,0,1,2024,2026
I Udana,International T20,35,25,256,18.285714285714285,137.63440860215056,0,1,2009,2021
Ali Farasat,International T20,25,24,255,12.142857142857142,113.83928571428572,0,0,2022,2026
SE Marsh,International T20,15,15,255,18.214285714285715,102.8225806451613,0,0,2008,2016
J Martins,International T20,19,16,255,21.25,122.00956937799043,0,0,2025,2026
Kashif Siddique,International T20,11,11,254,23.09090909090909,138.04347826086956,0,2,2022,2024
J Miyagi,International T20,49,32,254,9.76923076923077,106.27615062761507,0,0,2022,2026
K Nestor,International T20,43,31,254,10.583333333333334,91.36690647482014,0,0,2019,2026
Ali Rahmon,International T20,12,12,253,25.3,125.24752475247524,0,2,2025,2026
S Hirugade,International T20,25,24,253,10.541666666666666,97.3076923076923,0,1,2019,2026
SF Mire,International T20,9,8,253,31.625,129.08163265306123,0,2,2018,2019
G Manan,International T20,18,17,252,14.823529411764707,151.80722891566265,0,0,2019,2025
P Murungi,International T20,37,25,252,14,118.30985915492957,0,0,2022,2024
DP Michael,International T20,10,10,250,31.25,114.15525114155251,0,3,2019,2022
G Sesay,International T20,53,36,250,10.416666666666666,67.20430107526882,0,0,2021,2026
S Foster,International T20,27,19,249,16.6,91.54411764705883,0,0,2024,2026
DT Johnston,International T20,30,19,249,20.75,135.32608695652172,0,1,2008,2013
K Mirpuri,International T20,37,24,249,35.57142857142857,100.40322580645163,0,0,2023,2026
Rishad Hossain,International T20,64,38,249,8.3,123.26732673267327,0,1,2023,2026
RV Uthappa,International T20,13,12,249,24.9,118.0094786729858,0,1,2007,2015
SH Venugopal,International T20,13,13,249,22.636363636363637,107.79220779220779,0,0,2025,2025
J Byrappa,International T20,15,14,248,20.666666666666668,101.22448979591836,0,1,2025,2026
M Raikes,International T20,7,7,248,41.333333333333336,154.03726708074535,0,3,2024,2025
Ali Nawaz,International T20,22,20,247,14.529411764705882,112.78538812785388,0,0,2025,2026
Vinay Ravi,International T20,49,35,247,12.35,111.76470588235294,0,0,2021,2026
Wasim Ali,International T20,17,16,247,19,124.12060301507537,0,0,2019,2026
DK Anefie,International T20,36,28,246,10.695652173913043,108.37004405286343,0,0,2019,2023
V Sooryavanshi,International T20,8,8,246,30.75,186.36363636363635,0,2,2026,2026
MFI Assuncao,International T20,28,24,245,10.208333333333334,88.76811594202898,0,0,2024,2026
JK Theodore,International T20,42,31,245,9.423076923076923,96.07843137254902,0,1,2021,2026
AT Nidamanuru,International T20,26,19,244,12.842105263157896,108.44444444444446,0,0,2022,2025
AA Rahayu,International T20,46,24,244,16.266666666666666,93.84615384615384,0,1,2023,2026
GR Russ,International T20,27,22,244,17.428571428571427,82.15488215488216,0,0,2019,2025
CJ Delany,International T20,13,13,243,24.3,108.48214285714286,0,2,2019,2021
Shafiq Sharif,International T20,13,13,243,20.25,127.89473684210526,0,1,2019,2021
IS Sodhi,International T20,142,43,243,8.678571428571429,108.96860986547085,0,0,2014,2026
Harmeet Singh,International T20,29,20,242,15.125,145.78313253012047,0,0,2024,2026
Sulaiman Ali,International T20,21,19,242,13.444444444444445,115.78947368421053,0,0,2020,2022
C Wright,International T20,44,28,242,14.235294117647058,98.77551020408163,0,1,2019,2026
H Jangariya,International T20,12,11,241,24.1,126.84210526315789,0,1,2023,2026
GSNFG Jayasuriya,International T20,18,16,241,15.0625,108.55855855855856,0,0,2015,2020
UT Khawaja,International T20,9,9,241,26.77777777777778,132.41758241758242,0,1,2016,2016
JN Malan,International T20,11,11,241,21.90909090909091,129.56989247311827,0,1,2019,2021
T Whiteman,International T20,14,12,241,34.42857142857143,117.56097560975608,0,1,2019,2021
N Acawei,International T20,16,16,240,16,101.26582278481013,0,0,2022,2026
D Ferreira,International T20,16,15,240,18.46153846153846,155.84415584415586,0,0,2023,2025
A Halbhavi,International T20,20,20,240,12,106.19469026548674,0,0,2021,2025
SW Poynter,International T20,25,21,240,16,112.67605633802818,0,0,2015,2019
Ali Saleem,International T20,21,16,239,15.933333333333334,113.2701421800948,0,1,2022,2024
H Rashid,International T20,20,20,239,14.058823529411764,88.51851851851852,0,0,2022,2025
Abrar Bilal,International T20,19,15,238,21.636363636363637,114.42307692307692,0,0,2019,2024
Ashfaq Ahmed,International T20,12,12,238,19.833333333333332,128.64864864864865,0,3,2018,2019
C Dickson,International T20,23,18,238,17,95.58232931726907,0,0,2022,2026
PF Gallagher,International T20,22,22,238,12.526315789473685,125.26315789473684,0,0,2019,2023
N Khanna,International T20,24,24,238,14,124.60732984293195,0,0,2019,2023
J Mubarak,International T20,16,15,238,21.636363636363637,126.59574468085107,0,0,2007,2009
K Dasan,International T20,10,9,237,29.625,106.75675675675676,0,1,2019,2020
D Jakiel,International T20,55,35,237,11.85,83.74558303886926,0,0,2019,2026
Khalid Latif,International T20,13,13,237,21.545454545454547,103.4934497816594,0,1,2008,2016
J Jemison,International T20,31,28,236,10.727272727272727,76.12903225806451,0,0,2022,2026
RE Levi,International T20,13,13,236,21.454545454545453,141.31736526946108,1,1,2012,2012
YK Pathan,International T20,22,18,236,18.153846153846153,146.58385093167703,0,0,2007,2012
L Hermida,International T20,20,20,235,15.666666666666666,72.98136645962732,0,0,2019,2025
CN Onwuzulike,International T20,22,19,235,13.823529411764707,99.57627118644068,0,1,2019,2022
Yasir Ali,International T20,15,15,235,21.363636363636363,142.42424242424244,0,1,2022,2026
Abdul Wahid,International T20,22,18,234,18,124.46808510638299,0,1,2019,2025
MP Ainsworth,International T20,22,19,234,15.6,79.05405405405406,0,1,2025,2026
HV Mandhyan,International T20,21,21,234,11.7,92.85714285714286,0,0,2021,2024
MT Renshaw,International T20,9,8,233,38.833333333333336,125.94594594594595,0,2,2026,2026
Sajid Cheema,International T20,12,12,233,19.416666666666668,109.90566037735849,0,1,2019,2024
ES Szwarczynski,International T20,14,12,233,21.181818181818183,95.88477366255144,0,0,2008,2013
Tarun Sharma,International T20,18,18,233,12.944444444444445,103.09734513274336,0,0,2024,2026
J Tuffin,International T20,22,19,232,16.571428571428573,96.2655601659751,0,0,2024,2026
BAD Manenti,International T20,12,11,231,23.1,144.375,0,2,2023,2026
JF Mooney,International T20,27,23,231,16.5,107.94392523364486,0,0,2009,2015
E Solomon,International T20,9,9,231,33,107.94392523364486,0,1,2022,2024
DC Stovell,International T20,20,18,231,21,105,0,0,2019,2024
Waqar Zalmai,International T20,50,29,231,12.833333333333334,124.19354838709677,0,0,2021,2026
Khalid Zahid,International T20,31,21,230,12.777777777777779,133.72093023255815,0,0,2021,2025
Delawar Khan,International T20,27,23,230,14.375,129.94350282485877,0,0,2019,2025
Taher Muhammad,International T20,21,21,230,10.952380952380953,79.58477508650519,0,0,2022,2026
AR Cusack,International T20,37,21,229,15.266666666666667,129.3785310734463,0,1,2008,2015
Paing Danu,International T20,19,19,229,12.722222222222221,82.37410071942446,0,1,2023,2024
Taskin Ahmed,International T20,90,41,229,9.956521739130435,100.43859649122805,0,0,2014,2026
Aftab Ahmed,International T20,11,11,228,22.8,128.08988764044943,0,1,2006,2010
F Akankwasa,International T20,32,21,228,14.25,118.75,0,1,2020,2022
Amar Sharma,International T20,42,22,228,13.411764705882353,91.2,0,0,2020,2025
Amir Butt,International T20,11,10,228,22.8,130.2857142857143,0,1,2025,2026
C Bah,International T20,42,29,228,9.12,101.33333333333334,0,0,2021,2026
NRJ Croes,International T20,21,15,228,22.8,131.79190751445086,0,1,2024,2026
C Potgieter,International T20,13,12,228,22.8,125.96685082872926,0,1,2025,2026
CN Kakuru,International T20,55,30,227,10.318181818181818,99.56140350877193,0,0,2022,2026
T Mishra,International T20,15,15,227,15.133333333333333,86.31178707224335,0,0,2007,2013
C Bisson,International T20,14,14,226,18.833333333333332,127.68361581920904,0,1,2019,2019
DJ Willey,International T20,43,26,226,15.066666666666666,130.635838150289,0,0,2015,2022
DAS Gunaratne,International T20,12,12,225,25,126.40449438202248,0,2,2016,2017
Inam-ul-Haq,International T20,11,11,225,25,109.75609756097562,0,1,2019,2019
R Sharma,International T20,15,12,225,45,154.1095890410959,0,0,2023,2025
ED Silva,International T20,12,11,225,25,202.7027027027027,0,2,2021,2022
MN van Wyk,International T20,8,7,225,37.5,143.312101910828,1,1,2007,2015
CAK Walton,International T20,19,17,225,13.235294117647058,110.83743842364532,0,0,2014,2018
M Yunusu Issa,International T20,40,28,225,13.235294117647058,120.32085561497325,0,0,2022,2024
Rony Talukdar,International T20,11,10,224,22.4,135.75757575757578,0,1,2015,2023
G Thakur,International T20,13,11,224,22.4,121.0810810810811,0,1,2023,2024
PD Hennessy,International T20,13,11,223,22.3,113.19796954314721,0,2,2019,2021
S Maduranga,International T20,22,19,223,17.153846153846153,76.89655172413794,0,1,2024,2026
KTK Rodrigo,International T20,13,13,223,18.583333333333332,91.02040816326532,0,1,2023,2024
D Cleaver,International T20,13,11,222,22.2,134.54545454545453,0,2,2022,2026
Nasibullah Arab,International T20,10,10,222,22.2,169.4656488549618,0,0,2026,2026
A Osei,International T20,19,15,222,14.8,81.31868131868131,0,1,2022,2026
A Shahi,International T20,24,19,222,13.875,147.01986754966887,0,0,2024,2026
M Beitaki,International T20,20,20,221,12.277777777777779,104.24528301886792,0,0,2022,2026
Choudry Share Ali,International T20,9,9,221,31.571428571428573,150.34013605442175,0,2,2023,2024
Shahid Arshad,International T20,20,20,221,11.631578947368421,80.36363636363636,0,0,2022,2026
Bilal Muhammad,International T20,31,21,220,14.666666666666666,142.85714285714286,0,0,2021,2022
Hadisullah Tarakhel,International T20,8,8,220,31.428571428571427,180.327868852459,0,1,2021,2026
D Rawat,International T20,15,14,220,18.333333333333332,100,0,1,2024,2025
Jitin Singh,International T20,24,16,219,14.6,109.5,0,1,2021,2023
E Mathew,International T20,27,22,219,11.526315789473685,92.79661016949152,0,0,2023,2025
D Parashar,International T20,35,26,219,15.642857142857142,104.78468899521532,0,0,2023,2026
AD Poynter,International T20,19,14,219,19.90909090909091,119.0217391304348,0,1,2012,2016
G Singh,International T20,13,13,219,24.333333333333332,96.47577092511013,0,1,2024,2026
Tanwir Afzal,International T20,21,18,219,13.6875,126.58959537572254,0,1,2014,2016
SSJ Brooks,International T20,13,12,218,19.818181818181817,102.8301886792453,0,1,2021,2022
Natim Hassam,International T20,14,11,218,31.142857142857142,111.7948717948718,0,1,2025,2026
AK Sah,International T20,14,13,218,16.76923076923077,119.78021978021978,0,0,2018,2025
Ibrahim Hassan,International T20,48,36,217,8.037037037037036,75.87412587412588,0,0,2019,2024
Shadnan Khan,International T20,17,15,217,18.083333333333332,105.85365853658537,0,1,2024,2026
A Yon,International T20,16,14,217,16.692307692307693,106.89655172413792,0,2,2022,2026
TT Bresnan,International T20,34,22,216,16.615384615384617,127.05882352941175,0,0,2006,2014
DO Obuya,International T20,10,10,216,27,94.73684210526315,0,2,2007,2012
MJG Rippon,International T20,19,11,216,30.857142857142858,112.5,0,0,2013,2022
Adeeb Usmani,International T20,5,5,215,71.66666666666667,164.12213740458014,0,2,2026,2026
Asghar Ali Khan,International T20,8,8,215,35.833333333333336,160.44776119402985,0,1,2026,2026
G Chaturvedi,International T20,19,18,215,12.647058823529411,106.43564356435644,0,0,2019,2022
KMDN Kulasekara,International T20,58,30,215,10.238095238095237,116.84782608695652,0,0,2008,2017
AS Mehmi,International T20,19,17,215,13.4375,91.48936170212765,0,0,2019,2026
EMDY Munaweera,International T20,13,13,215,17.916666666666668,131.09756097560975,0,1,2012,2017
N Nuntarach,International T20,43,35,215,6.71875,63.421828908554566,0,0,2022,2026
Khaibar Deldar,International T20,18,16,214,13.375,114.43850267379678,0,0,2021,2025
C Musemez,International T20,8,8,214,26.75,137.17948717948718,0,1,2026,2026
S Prasanna,International T20,20,20,214,15.285714285714286,132.9192546583851,0,0,2013,2017
RG Aga,International T20,20,18,213,13.3125,108.6734693877551,0,1,2008,2013
EF Beard,International T20,23,18,213,15.214285714285714,107.03517587939699,0,0,2021,2024
S Tosic,International T20,31,19,213,16.384615384615383,61.91860465116279,0,0,2021,2026
Gurpratap Singh,International T20,11,11,212,19.272727272727273,142.28187919463087,0,1,2021,2022
Ijaz Hussain,International T20,31,22,212,12.470588235294118,94.64285714285714,0,0,2019,2026
S Koppolu,International T20,17,17,212,16.307692307692307,107.07070707070707,0,0,2022,2025
KB Patil,International T20,17,17,212,12.470588235294118,91.77489177489177,0,0,2024,2026
Saad Khan,International T20,16,15,212,14.133333333333333,98.14814814814815,0,1,2022,2024
Anwar Arudin,International T20,21,21,211,10.047619047619047,101.93236714975846,0,0,2019,2021
Muhammad Farooq,International T20,6,6,211,35.166666666666664,170.16129032258064,0,1,2026,2026
AN Toube,International T20,28,26,211,8.115384615384615,87.55186721991701,0,0,2021,2026
D Wheatley,International T20,28,27,211,10.55,90.94827586206897,0,0,2022,2026
Haris Sohail,International T20,14,13,210,19.09090909090909,102.94117647058823,0,2,2013,2019
CA Ingram,International T20,9,9,210,26.25,129.62962962962962,0,1,2010,2012
W Maximo,International T20,21,18,210,11.666666666666666,76.64233576642336,0,0,2024,2026
TKP Rajapaksha,International T20,16,15,210,14,83.33333333333334,0,0,2022,2026
ZXM Vukusic,International T20,8,8,210,26.25,130.43478260869566,0,1,2024,2025
Ghulam Shabber,International T20,17,14,208,18.90909090909091,114.28571428571428,0,1,2016,2019
Abdul Shakoor,International T20,19,14,207,18.818181818181817,94.52054794520548,0,0,2019,2023
STRA de Silva,International T20,16,14,207,18.818181818181817,86.25,0,1,2022,2026
A Manepalli,International T20,15,14,207,15.923076923076923,104.54545454545455,0,1,2020,2025
BMAJ Mendis,International T20,22,15,207,18.818181818181817,118.96551724137932,0,0,2011,2018
H Rathod,International T20,23,14,207,29.571428571428573,112.5,0,0,2023,2024
Haseeb Ghafoor,International T20,20,13,206,34.333333333333336,103,0,0,2022,2024
RM Siri,International T20,10,10,206,25.75,101.47783251231527,0,0,2019,2021
Sumeet Verma,International T20,5,5,206,51.5,153.73134328358208,0,1,2025,2025
Yaseer Nazeer,International T20,14,14,206,17.166666666666668,108.994708994709,0,0,2023,2026
P Heron,International T20,11,11,205,22.77777777777778,100.98522167487684,0,2,2022,2023
WL Madsen,International T20,8,7,205,34.166666666666664,132.25806451612902,0,2,2023,2026
M Magagula,International T20,38,27,205,10.25,76.2081784386617,0,0,2021,2026
G Motie,International T20,51,25,205,14.642857142857142,133.98692810457516,0,0,2021,2026
DL Vettori,International T20,34,22,205,12.8125,107.89473684210526,0,0,2007,2014
U Aryaman Sunil,International T20,25,23,203,11.277777777777779,125.30864197530865,0,0,2019,2022
S Ashwathnarayana,International T20,14,11,203,25.375,125.30864197530865,0,1,2021,2022
JM Kemp,International T20,8,7,203,50.75,126.875,0,1,2005,2007
Sageer Ahmad,International T20,8,8,203,25.375,104.63917525773196,0,1,2026,2026
DS Smith,International T20,6,6,203,33.833333333333336,126.08695652173914,0,2,2007,2009
R Gunasekera,International T20,8,8,202,25.25,107.4468085106383,0,1,2012,2013
A Otwani,International T20,17,16,202,12.625,102.020202020202,0,0,2019,2022
Rasheed Ali Mamadkhel,International T20,16,16,202,13.466666666666667,126.25,0,0,2024,2025
S Ravikumar,International T20,21,20,202,11.882352941176471,67.55852842809364,0,1,2019,2026
Saif-Ul Islam,International T20,9,8,202,28.857142857142858,111.60220994475138,0,1,2023,2026
J Botha,International T20,40,20,201,18.272727272727273,121.81818181818183,0,0,2006,2012
Ismail Ali,International T20,18,17,201,12.5625,105.23560209424083,0,0,2023,2024
Lucky Ali,International T20,32,20,201,14.357142857142858,83.75,0,0,2019,2026
Salvin Stanly,International T20,27,24,201,9.571428571428571,98.04878048780488,0,0,2023,2025
Usman Najeeb,International T20,40,22,201,14.357142857142858,124.84472049689441,0,0,2022,2025
Zada Sher,International T20,12,11,201,18.272727272727273,139.58333333333331,0,1,2026,2026
AD Dore,International T20,15,14,200,15.384615384615385,102.04081632653062,0,0,2024,2025
S Pokhriyal,International T20,9,9,200,25,107.5268817204301,0,1,2019,2020
Mohammed Alamgir,International T20,23,17,199,19.9,105.85106382978724,0,0,2022,2026
S Ramakrishnan,International T20,10,8,199,28.428571428571427,124.37499999999999,0,2,2022,2025
M Choamba,International T20,49,29,198,9,69.23076923076923,0,0,2021,2026
N Senamontree,International T20,59,36,198,9.9,62.46056782334385,0,0,2020,2026
C Webster,International T20,14,13,198,18,118.56287425149701,0,1,2023,2026
Zain Ahmad,International T20,20,18,198,11,105.88235294117648,0,1,2022,2025
JR Barry,International T20,18,15,197,17.90909090909091,66.55405405405406,0,0,2021,2026
JS Kundi,International T20,23,21,197,12.3125,104.23280423280423,0,0,2019,2025
TK Musakanda,International T20,12,12,197,16.416666666666668,120.1219512195122,0,0,2018,2021
SP Krishnamurthi,International T20,13,9,196,32.666666666666664,143.06569343065695,0,1,2025,2026
Sohail Tanvir,International T20,57,25,196,11.529411764705882,119.51219512195121,0,0,2007,2017
F Achelam,International T20,48,26,195,10.833333333333334,97.98994974874373,0,0,2019,2024
KK Ahuja,International T20,18,17,195,13,88.23529411764706,0,1,2019,2026
MW Forde,International T20,28,17,195,16.25,150,0,0,2023,2026
H Lin Aung,International T20,31,30,195,6.724137931034483,61.12852664576802,0,0,2023,2025
H Lin Oo,International T20,27,24,195,12.1875,82.27848101265823,0,0,2023,2025
Mansoor Safi,International T20,16,12,195,17.727272727272727,162.5,0,1,2025,2026
Tanzim Hasan Sakib,International T20,41,23,195,13,103.72340425531914,0,1,2023,2026
ROC Dunka,International T20,29,19,194,12.125,104.86486486486486,0,0,2023,2026
Fawad Alam,International T20,24,17,194,17.636363636363637,114.79289940828403,0,0,2007,2010
Kazim Somani,International T20,20,16,194,17.636363636363637,83.2618025751073,0,0,2025,2026
DA Mehta,International T20,16,14,194,14.923076923076923,99.48717948717949,0,0,2022,2026
K Mendon,International T20,17,13,194,32.333333333333336,106.01092896174865,0,0,2019,2021
NK Tiwari,International T20,17,15,194,14.923076923076923,88.9908256880734,0,0,2021,2024
Ainool Hafizs,International T20,67,33,193,7.423076923076923,93.23671497584542,0,0,2019,2026
SM Sharif,International T20,78,35,193,12.0625,103.20855614973262,0,0,2012,2026
OF Smith,International T20,27,20,193,14.846153846153847,139.85507246376812,0,0,2018,2023
J Alegra,International T20,16,14,192,14.76923076923077,77.10843373493977,0,0,2022,2023
Asad Shafiq,International T20,10,10,192,19.2,103.78378378378379,0,0,2010,2012
Mukhtar Ahmed,International T20,6,6,192,32,143.28358208955223,0,2,2015,2015
S Burdekin,International T20,14,14,191,14.692307692307692,106.11111111111111,0,1,2024,2025
Manpreet Singh,International T20,20,16,191,17.363636363636363,90.95238095238095,0,0,2019,2023
HMHE Parsons,International T20,14,14,191,15.916666666666666,114.37125748502994,0,0,2025,2026
Zeerak Chughtai,International T20,19,16,191,17.363636363636363,93.62745098039215,0,0,2023,2025
S Conteh,International T20,50,31,190,7.6,63.33333333333333,0,0,2021,2026
M Dale-Bradley,International T20,32,18,190,14.615384615384615,123.37662337662339,0,0,2023,2026
C Forbes,International T20,15,14,190,13.571428571428571,86.7579908675799,0,0,2021,2023
M Khojbariya,International T20,21,20,190,12.666666666666666,101.06382978723406,0,0,2024,2026
XSD Smith,International T20,14,14,190,19,106.74157303370787,0,1,2024,2026
N Chejay,International T20,20,17,189,12.6,73.828125,0,1,2019,2026
J Fernando,International T20,16,12,189,18.9,128.57142857142858,0,0,2025,2026
OJR Groves,International T20,7,7,189,37.8,115.95092024539878,0,2,2025,2026
Irfan Khan,International T20,14,11,189,27,135,0,0,2024,2025
CE McConchie,International T20,21,15,189,18.9,118.12499999999999,0,0,2021,2026
Naeem Gull,International T20,13,13,189,15.75,86.3013698630137,0,1,2021,2022
SR Patel,International T20,18,14,189,15.75,109.2485549132948,0,1,2011,2013
Umar Nawaz,International T20,9,9,189,21,100.53191489361701,0,1,2022,2022
Ali Nadeem,International T20,6,6,188,47,143.5114503816794,0,2,2025,2025
IR Bell,International T20,8,8,188,26.857142857142858,115.33742331288343,0,1,2006,2014
S Vashisht,International T20,41,23,188,11.058823529411764,95.91836734693877,0,0,2019,2026
Waseem Abbas,International T20,61,38,188,8.545454545454545,129.65517241379308,0,0,2019,2025
Ammad Uddin,International T20,12,11,187,23.375,171.55963302752292,0,0,2019,2021
CJ Bowes,International T20,11,11,187,17,119.87179487179486,0,1,2023,2023
CD McMillan,International T20,8,7,187,31.166666666666668,159.82905982905984,0,1,2005,2007
SP Patil,International T20,18,13,187,14.384615384615385,85.77981651376146,0,0,2014,2016
KMA Paul,International T20,23,16,187,20.77777777777778,112.65060240963855,0,0,2018,2022
W Wotu,International T20,24,22,187,10.38888888888889,101.63043478260869,0,0,2022,2026
GG Banner,International T20,17,16,186,12.4,100.54054054054053,0,0,2019,2024
JR Philippe,International T20,17,15,186,12.4,108.13953488372093,0,0,2021,2026
Tanzeel Sheikh,International T20,24,16,186,13.285714285714286,126.53061224489797,0,0,2022,2025
JD Allan,International T20,19,17,185,11.5625,89.80582524271846,0,0,2022,2026
Amandeep Singh,International T20,20,18,185,14.23076923076923,124.16107382550337,0,0,2021,2025
C Bevin,International T20,6,6,185,46.25,109.46745562130178,0,1,2025,2025
AA Jasani,International T20,6,6,185,37,121.71052631578947,0,1,2021,2021
Mohammad Yasin,International T20,12,12,185,15.416666666666666,113.49693251533743,0,0,2022,2024
LA Musiani,International T20,16,16,185,13.214285714285714,90.2439024390244,0,0,2019,2023
A Reyes,International T20,32,18,185,15.416666666666666,88.09523809523809,0,0,2021,2026
AAP Rivero,International T20,27,20,185,11.5625,90.2439024390244,0,0,2023,2026
R Ashwin,International T20,65,19,184,26.285714285714285,114.99999999999999,0,0,2010,2022
LC Le Tissier,International T20,20,18,184,11.5,114.28571428571428,0,0,2019,2023
K Rabada,International T20,79,30,184,14.153846153846153,115.72327044025157,0,0,2014,2026
BJ Hodge,International T20,15,11,183,26.142857142857142,127.08333333333333,0,0,2007,2014
BJ Jacobs,International T20,11,9,183,26.142857142857142,142.96875,0,1,2025,2026
SM Tupou,International T20,15,15,183,12.2,83.18181818181817,0,0,2022,2026
Aslam Mohammad,International T20,14,12,182,16.545454545454547,110.3030303030303,0,2,2019,2024
S Crowie,International T20,12,10,182,26,79.82456140350878,0,1,2022,2024
Irfan Safi,International T20,25,18,182,15.166666666666666,115.92356687898089,0,0,2025,2026
S Godara,International T20,24,14,181,22.625,144.79999999999998,0,0,2023,2025
J Liyanage,International T20,14,13,181,22.625,103.42857142857143,0,0,2022,2026
F Nsubuga,International T20,72,26,181,10.055555555555555,104.02298850574712,0,0,2019,2025
OD Hald,International T20,27,19,180,12.857142857142858,115.38461538461537,0,0,2019,2024
AM Hardie,International T20,18,11,180,22.5,126.7605633802817,0,0,2023,2026
Raja Shoaib,International T20,10,10,180,25.714285714285715,86.53846153846155,0,0,2022,2024
J Vijay,International T20,8,8,180,22.5,135.33834586466165,0,0,2024,2025
LA Burns,International T20,37,16,179,16.272727272727273,114.01273885350318,0,0,2022,2026
Khin Aye,International T20,31,29,179,7.782608695652174,47.733333333333334,0,0,2023,2025
CAJ Meschede,International T20,5,5,179,44.75,155.65217391304347,0,1,2019,2019
Mudassar Muhammad,International T20,10,10,179,17.9,94.70899470899471,0,0,2019,2023
MJ Owen,International T20,15,11,179,17.9,147.93388429752065,0,1,2025,2026
Gurpreet Singh,International T20,11,9,178,19.77777777777778,100.56497175141243,0,0,2025,2026
Nazimuddin,International T20,7,7,178,25.428571428571427,112.65822784810126,0,1,2007,2008
S Pillai,International T20,19,16,178,11.125,72.35772357723577,0,0,2019,2026
Sidhant Singh,International T20,11,9,178,25.428571428571427,131.85185185185185,0,2,2019,2020
Waqar Ul Hassan,International T20,10,8,178,25.428571428571427,117.88079470198676,0,0,2023,2024
MY Bawa,International T20,9,8,177,22.125,89.84771573604061,0,0,2025,2026
Sohaib Khan,International T20,11,9,177,22.125,129.19708029197082,0,2,2025,2026
L Emilio,International T20,24,18,176,12.571428571428571,93.12169312169311,0,0,2019,2022
Ismail Kara,International T20,6,6,176,29.333333333333332,157.14285714285714,0,2,2026,2026
Kaleem Shah,International T20,7,7,176,29.333333333333332,103.5294117647059,0,1,2019,2019
Mohammad Naveed,International T20,31,24,176,12.571428571428571,119.72789115646259,0,0,2015,2019
Nouman Sarwar,International T20,16,10,176,58.666666666666664,132.33082706766916,0,0,2019,2024
Tarun Sharma,International T20,10,10,176,22,101.73410404624276,0,0,2019,2023
I Tchakou,International T20,28,26,176,6.769230769230769,74.57627118644068,0,0,2021,2026
BKB Corbin,International T20,15,14,175,14.583333333333334,121.52777777777777,0,0,2023,2025
H Kaushik,International T20,17,16,175,15.909090909090908,119.86301369863013,0,0,2025,2026
Shariq Munir,International T20,14,10,175,19.444444444444443,147.05882352941177,0,0,2025,2026
LPC Silva,International T20,16,15,175,13.461538461538462,98.87005649717514,0,0,2006,2011
LJ Barker,International T20,22,19,174,9.666666666666666,99.42857142857143,0,0,2019,2026
BF Calitz,International T20,11,11,174,19.333333333333332,141.46341463414635,0,0,2025,2026
ML Kostic,International T20,18,15,174,13.384615384615385,89.69072164948454,0,0,2022,2026
GM Ntambalika,International T20,29,17,174,12.428571428571429,102.9585798816568,0,0,2019,2024
WD Parnell,International T20,56,23,174,17.4,96.66666666666667,0,0,2009,2023
A Sokovagone,International T20,6,6,174,29,134.88372093023256,0,1,2024,2024
L Vincent,International T20,9,9,174,19.333333333333332,100,0,0,2006,2007
Dawood Ahmadzai,International T20,52,27,173,12.357142857142858,87.81725888324873,0,0,2021,2026
Maidul Islam,International T20,12,12,173,14.416666666666666,96.64804469273743,0,0,2021,2022
Mohammed Al Balushi,International T20,6,6,173,28.833333333333332,116.89189189189189,0,1,2026,2026
Muhammed Manga,International T20,11,11,173,17.3,80.0925925925926,0,1,2022,2024
Syed Haider,International T20,20,13,173,17.3,110.19108280254777,0,0,2024,2026
MK Thakur,International T20,21,15,173,15.727272727272727,120.13888888888889,0,0,2024,2026
CD Wallace,International T20,21,16,173,17.3,107.45341614906832,0,0,2012,2021
Aayan Afzal Khan,International T20,40,18,172,13.23076923076923,93.98907103825137,0,0,2022,2026
A Kainessie,International T20,13,12,172,14.333333333333334,97.17514124293785,0,0,2023,2024
IK Pathan,International T20,24,14,172,24.571428571428573,119.44444444444444,0,0,2006,2012
T Wangchuk,International T20,36,30,172,6.615384615384615,79.62962962962963,0,0,2022,2025
GD Elliott,International T20,17,15,171,15.545454545454545,108.9171974522293,0,0,2009,2017
Jakob Gul,International T20,22,18,171,10.058823529411764,120.4225352112676,0,0,2024,2026
K Piet,International T20,55,34,171,8.55,77.72727272727272,0,0,2022,2026
Abdul Hashmi,International T20,26,18,170,12.142857142857142,91.39784946236558,0,0,2019,2025
Ayaz Dadabhai,International T20,16,16,170,13.076923076923077,105.59006211180125,0,0,2025,2026
MNR Cooray,International T20,7,6,170,34,114.86486486486487,0,1,2019,2020
K Klesse,International T20,6,6,170,28.333333333333332,108.28025477707006,0,1,2025,2026
DN Wellalage,International T20,18,13,170,21.25,119.71830985915493,0,0,2024,2026
G Chohan,International T20,28,19,169,11.266666666666667,89.8936170212766,0,0,2022,2026
Muhammad Amin,International T20,13,13,169,14.083333333333334,112.66666666666667,0,2,2021,2024
MV Pavlovic,International T20,33,21,169,9.38888888888889,78.6046511627907,0,0,2022,2026
DE Roache,International T20,12,10,169,18.77777777777778,107.64331210191082,0,1,2022,2025
Sandeep Goud,International T20,28,22,169,9.38888888888889,81.25,0,0,2021,2025
M Vijay,International T20,9,9,169,18.77777777777778,109.74025974025975,0,0,2010,2015
A Dhabe,International T20,27,17,168,24,91.80327868852459,0,0,2025,2026
Eric Phiri,International T20,23,21,168,8.842105263157896,87.5,0,0,2022,2026
H Niaz,International T20,10,10,168,16.8,143.5897435897436,0,1,2024,2024
T van der Gugten,International T20,50,15,168,16.8,135.48387096774192,0,0,2012,2026
MPS Cheema,International T20,30,19,167,11.133333333333333,93.29608938547486,0,0,2022,2026
Jamshid Nasiri,International T20,12,12,167,16.7,114.3835616438356,0,1,2025,2026
O Bascome,International T20,17,15,166,11.857142857142858,100,0,0,2019,2021
HJ Jordaan,International T20,8,8,166,23.714285714285715,79.04761904761905,0,0,2019,2020
A Mutreja,International T20,13,11,166,15.090909090909092,120.28985507246377,0,1,2022,2024
AL Phehlukwayo,International T20,42,25,166,9.222222222222221,108.49673202614379,0,0,2017,2024
JOP Scamans,International T20,18,17,166,11.857142857142858,100.60606060606061,0,0,2019,2024
ME Trescothick,International T20,3,3,166,55.333333333333336,126.71755725190839,0,2,2005,2006
Usman Arif,International T20,12,11,166,15.090909090909092,176.59574468085106,0,0,2021,2025
AWJ Auguste,International T20,10,9,165,20.625,132,0,1,2025,2026
Jai Sinh,International T20,18,14,165,13.75,112.24489795918366,0,1,2022,2026
J Taanyanda,International T20,3,3,165,82.5,147.32142857142858,0,2,2026,2026
Umar Gul,International T20,60,27,165,9.166666666666666,105.76923076923077,0,0,2007,2016
Fitri Sham,International T20,45,23,164,10.25,98.79518072289156,0,0,2019,2024
C Pengkumta,International T20,37,27,164,7.130434782608695,67.21311475409836,0,0,2019,2026
G Singh,International T20,13,9,164,23.428571428571427,125.1908396946565,0,2,2021,2024
M Sohel Patel,International T20,17,16,164,10.25,98.20359281437125,0,0,2019,2025
M Vandrasi,International T20,8,8,164,27.333333333333332,105.12820512820514,0,0,2024,2025
Waqas Khan,International T20,16,14,164,16.4,86.77248677248677,0,1,2014,2020
Adnan Mirza,International T20,14,12,163,13.583333333333334,121.64179104477613,0,0,2023,2024
TN de Grooth,International T20,15,13,163,20.375,105.16129032258064,0,0,2008,2013
AA Jangoo,International T20,7,7,163,32.6,120.74074074074075,0,1,2025,2026
Kulwinderjeet Singh,International T20,11,10,163,18.11111111111111,140.51724137931035,0,0,2023,2026
AU Rashid,International T20,153,44,163,7.409090909090909,89.56043956043956,0,0,2009,2026
Sahel Zadran,International T20,48,24,163,9.588235294117647,120.74074074074075,0,0,2021,2025
Zawar Farid,International T20,18,16,163,12.538461538461538,128.3464566929134,0,1,2019,2023
RM Magare,International T20,15,13,162,13.5,110.95890410958904,0,0,2025,2026
JM Sharma,International T20,16,12,162,18,151.4018691588785,0,0,2023,2025
Zaid Ahmad,International T20,17,14,162,14.727272727272727,103.18471337579618,0,0,2026,2026
H Davids,International T20,9,9,161,17.88888888888889,120.1492537313433,0,2,2012,2013
R Davson,International T20,18,16,161,11.5,75.23364485981308,0,0,2021,2026
JSE Dunford,International T20,39,20,161,20.125,97.57575757575758,0,0,2019,2025
NA Rock,International T20,25,17,161,10.0625,105.22875816993465,0,0,2021,2025
Shahbaz Badar,International T20,16,16,161,10.733333333333333,90.4494382022472,0,0,2019,2024
Waqas Ahmad,International T20,15,12,161,20.125,161,0,1,2023,2023
Samir Patel,International T20,13,12,160,16,101.26582278481013,0,0,2021,2022
G Schachat,International T20,10,9,160,32,97.5609756097561,0,1,2022,2026
JP Faulkner,International T20,24,18,159,14.454545454545455,115.21739130434783,0,0,2012,2017
J Gautam,International T20,8,8,159,22.714285714285715,103.24675324675326,0,0,2026,2026
Junaid Siddique,International T20,7,7,159,22.714285714285715,147.22222222222223,0,1,2007,2012
DB Loic,International T20,27,25,159,7.2272727272727275,92.98245614035088,0,0,2021,2026
P Thongsa,International T20,26,22,159,12.23076923076923,70.98214285714286,0,0,2022,2026
RR Watson,International T20,10,9,159,17.666666666666668,112.7659574468085,0,1,2007,2010
RGA Amah,International T20,17,16,158,9.875,72.14611872146118,0,0,2021,2023
MP Breetzke,International T20,13,13,158,13.166666666666666,116.1764705882353,0,1,2023,2025
PJ Cummins,International T20,57,27,158,10.533333333333333,118.796992481203,0,0,2011,2024
R Nath,International T20,12,11,158,15.8,89.26553672316385,0,0,2022,2024
JL Ontong,International T20,14,10,158,15.8,144.95412844036696,0,0,2008,2015
SB Patel,International T20,20,14,158,11.285714285714286,112.05673758865248,0,0,2025,2026
Rizwan Mahmood,International T20,13,11,158,17.555555555555557,120.61068702290076,0,0,2019,2023
Aamir Lal,International T20,12,11,157,19.625,111.34751773049645,0,0,2022,2026
M Bhaiji,International T20,9,9,157,17.444444444444443,121.70542635658914,0,1,2026,2026
Mudassar Bukhari,International T20,38,26,157,8.722222222222221,103.28947368421053,0,0,2008,2016
Muhammad Moiz,International T20,19,17,157,9.8125,136.52173913043478,0,0,2024,2025
MB Tambe,International T20,35,30,157,9.235294117647058,77.72277227722772,0,0,2021,2026
DT Tiripano,International T20,23,16,157,13.083333333333334,99.36708860759494,0,0,2016,2022
JM Vujnovich,International T20,13,13,157,13.083333333333334,64.87603305785123,0,0,2022,2025
Zahidullah Kamal,International T20,13,12,156,14.181818181818182,88.13559322033898,0,0,2026,2026
S Kharvi,International T20,22,17,156,9.75,89.14285714285714,0,0,2025,2026
Murid Ekrami,International T20,32,19,156,10.4,96.8944099378882,0,0,2019,2026
S Rungrueang,International T20,28,25,156,7.8,76.09756097560975,0,0,2023,2026
KJ Young,International T20,9,9,156,22.285714285714285,103.31125827814569,0,0,2019,2021
C Hinze,International T20,41,21,155,11.071428571428571,98.72611464968153,0,0,2024,2026
AR McBrine,International T20,32,18,155,12.916666666666666,117.42424242424244,0,0,2014,2022
SP Narine,International T20,51,23,155,10.333333333333334,112.31884057971016,0,0,2012,2019
CA Soper,International T20,31,20,155,14.090909090909092,79.89690721649485,0,0,2015,2024
Waqar Khan,International T20,19,17,155,10.333333333333334,99.35897435897436,0,0,2022,2026
Ansar Iqbal,International T20,9,8,154,22,114.92537313432835,0,0,2019,2022
Junaid Mehmood,International T20,16,14,154,11.846153846153847,93.33333333333333,0,0,2021,2026
Wahab Riaz,International T20,36,18,154,12.833333333333334,125.20325203252031,0,0,2008,2020
G Bakiweyem,International T20,41,26,153,10.2,79.6875,0,0,2019,2024
GK Berg,International T20,19,13,153,19.125,124.39024390243902,0,0,2021,2024
Rohit Sharma,International T20,5,5,153,30.6,156.12244897959184,0,2,2026,2026
Sandeep Goud,International T20,30,19,153,11.76923076923077,95.03105590062113,0,0,2019,2024
T Taylor,International T20,25,18,153,12.75,91.07142857142857,0,0,2019,2025
Ibrahim Kursad Dalyan,International T20,12,12,152,16.88888888888889,96.20253164556962,0,0,2024,2026
PWA Mulder,International T20,15,12,152,15.2,104.82758620689656,0,0,2021,2026
Sajid Liaqat,International T20,26,15,152,16.88888888888889,146.15384615384613,0,0,2019,2026
JA Clarkson,International T20,13,9,151,25.166666666666668,132.45614035087718,0,0,2024,2026
Ghulam Abbas Butt,International T20,14,14,151,10.785714285714286,117.96875,0,0,2024,2025
Kalhan Challu,International T20,9,9,151,25.166666666666668,130.17241379310346,0,0,2025,2025
DB Lakhani,International T20,11,11,151,15.1,111.85185185185185,0,1,2025,2026
Mohammed Irshad,International T20,15,13,151,15.1,106.33802816901408,0,0,2023,2025
HD Rutherford,International T20,8,7,151,21.571428571428573,143.8095238095238,0,1,2013,2019
V Sukumaran,International T20,10,8,151,18.875,121.7741935483871,0,1,2024,2024
Umair Tariq,International T20,58,21,151,10.066666666666666,100.66666666666666,0,0,2021,2026
NM Coulter-Nile,International T20,28,15,150,13.636363636363637,125,0,0,2013,2019
Mohammad Kamran,International T20,27,14,150,13.636363636363637,109.48905109489051,0,1,2022,2026
K Suttisan,International T20,8,8,150,18.75,111.11111111111111,0,1,2019,2025
HR Walsh,International T20,39,17,150,15,96.7741935483871,0,0,2019,2024
M Dixit,International T20,28,17,149,10.642857142857142,96.75324675324676,0,0,2019,2023
Haroon Mughal,International T20,15,11,149,13.545454545454545,124.16666666666667,0,0,2019,2021
K Modise,International T20,11,11,149,13.545454545454545,104.19580419580419,0,0,2019,2025
N Pathan,International T20,8,8,149,21.285714285714285,116.40625,0,1,2019,2020
Fayyaz Butt,International T20,47,21,148,13.454545454545455,102.06896551724138,0,0,2019,2024
C Kyewuta,International T20,50,24,148,13.454545454545455,124.36974789915966,0,0,2021,2026
M Machado,International T20,11,11,148,18.5,118.39999999999999,0,2,2023,2025
Mohameed Taiwo,International T20,50,31,148,8.222222222222221,74.74747474747475,0,0,2019,2026
GC Murtaza,International T20,44,21,148,8.705882352941176,80,0,0,2023,2025
H Venkataram,International T20,17,13,148,49.333333333333336,114.72868217054264,0,0,2025,2026
Abdul Rahman,International T20,10,9,147,21,104.25531914893618,0,1,2022,2023
R Ankad,International T20,22,17,147,12.25,77.77777777777779,0,0,2019,2025
J Chialoufas,International T20,10,10,147,16.333333333333332,102.79720279720279,0,0,2024,2024
M Fontaine,International T20,17,15,147,14.7,117.6,0,0,2021,2026
Hasan Ali,International T20,57,22,147,13.363636363636363,170.93023255813952,0,0,2016,2025
D Maisuria,International T20,53,25,147,8.166666666666666,79.03225806451613,0,0,2019,2026
Sajid Khan Afridi,International T20,8,8,147,18.375,150,0,0,2024,2026
CR Woakes,International T20,33,17,147,16.333333333333332,125.64102564102564,0,0,2011,2023
ZB Lion-Cachet,International T20,15,12,146,12.166666666666666,106.56934306569343,0,1,2024,2026
DVD Madampage,International T20,16,16,146,10.428571428571429,80.66298342541437,0,0,2025,2026
Tafseer Ali,International T20,16,15,146,11.23076923076923,80.66298342541437,0,0,2019,2026
KM Awala,International T20,17,15,145,10.357142857142858,83.33333333333334,0,0,2022,2024
P Sarraf,International T20,17,16,145,10.357142857142858,91.77215189873418,0,0,2019,2022
K Tathgur,International T20,14,11,145,16.11111111111111,111.53846153846155,0,1,2024,2025
L Denny,International T20,17,12,144,13.090909090909092,97.2972972972973,0,0,2022,2025
I Elec,International T20,16,15,144,10.285714285714286,74.22680412371135,0,2,2022,2026
A Prashar,International T20,13,11,144,16,148.4536082474227,0,0,2023,2025
Wahidullah Usmani,International T20,7,7,144,20.571428571428573,96.64429530201343,0,1,2020,2021
N Zimonjic,International T20,36,23,144,6.857142857142857,94.73684210526315,0,0,2021,2026
J Baleicikoibia,International T20,12,12,143,11.916666666666666,75.66137566137566,0,0,2022,2026
Haris Rauf,International T20,94,31,143,8.411764705882353,118.18181818181819,0,0,2020,2025
M Klinger,International T20,3,3,143,47.666666666666664,127.67857142857142,0,1,2017,2017
Nasum Ahmed,International T20,54,27,143,8.9375,94.70198675496688,0,0,2021,2026
Yogev Nagavkar,International T20,10,9,143,17.875,78.14207650273224,0,0,2022,2026
Mohammad Aadil Alam,International T20,12,12,142,12.909090909090908,132.71028037383178,0,0,2022,2025
Amir Mangal,International T20,10,10,142,20.285714285714285,156.04395604395606,0,0,2019,2020
L Bonner,International T20,10,10,142,15.777777777777779,120.33898305084745,0,1,2024,2026
A Davidson Soler,International T20,18,10,142,28.4,118.33333333333333,0,1,2024,2026
Umar Amin,International T20,14,9,142,15.777777777777779,115.44715447154472,0,0,2013,2018
Afsar Zazai,International T20,8,8,141,17.625,81.97674418604652,0,0,2013,2023
Faran Afzal,International T20,9,8,141,20.142857142857142,100.71428571428571,0,1,2019,2019
P Jayeshbhai Patel,International T20,14,13,141,11.75,77.47252747252747,0,1,2019,2026
SS Ranjane,International T20,4,4,141,70.5,180.76923076923077,0,1,2026,2026
Waheed Ahmed,International T20,15,13,141,20.142857142857142,127.02702702702702,0,0,2019,2020
Wei Guo Lei,International T20,11,11,141,12.818181818181818,79.21348314606742,0,1,2023,2024
GS Bajwa,International T20,8,7,140,23.333333333333332,126.12612612612612,0,0,2025,2026
C Bogdanos,International T20,10,9,140,20,76.92307692307693,0,0,2022,2026
Hayatullah Niazi,International T20,8,6,140,28,148.93617021276594,0,1,2019,2026
Jassim Khan,International T20,12,10,140,20,138.6138613861386,0,0,2023,2025
KDA Lukies,International T20,32,17,140,14,96.55172413793103,0,0,2023,2025
G Murali,International T20,8,8,140,20,72.16494845360825,0,0,2019,2024
EC D'Souza,International T20,11,9,139,15.444444444444445,108.59375,0,0,2025,2025
AJ Jabiri,International T20,18,16,139,8.6875,59.91379310344828,0,0,2022,2024
M Jele,International T20,42,32,139,5.791666666666667,76.79558011049724,0,0,2021,2026
AC Voges,International T20,7,5,139,46.333333333333336,121.9298245614035,0,1,2007,2013
Dipanjan Dey,International T20,6,6,138,34.5,123.21428571428572,0,1,2021,2021
RJ Hatchman,International T20,20,14,138,10.615384615384615,138,0,0,2019,2025
P Manning,International T20,13,13,138,12.545454545454545,67.98029556650246,0,0,2019,2023
F Stoman,International T20,26,16,138,10.615384615384615,74.19354838709677,0,0,2019,2025
IJL Trott,International T20,7,7,138,23,95.83333333333334,0,1,2007,2010
Anique Uddin,International T20,13,12,137,11.416666666666666,79.65116279069767,0,0,2019,2023
Basir Ahamad,International T20,8,5,137,45.666666666666664,134.31372549019608,0,1,2022,2026
KD Mills,International T20,42,19,137,11.416666666666666,111.3821138211382,0,0,2005,2014
HH Patel,International T20,7,6,137,27.4,131.73076923076923,0,0,2019,2019
J Trembeath-Moro,International T20,8,7,137,27.4,90.13157894736842,0,0,2022,2022
DF Watts,International T20,11,9,137,15.222222222222221,107.87401574803151,0,0,2007,2012
AR White,International T20,18,12,137,22.833333333333332,107.03125,0,0,2008,2012
Zameer Khan,International T20,8,8,137,19.571428571428573,79.1907514450867,0,0,2019,2021
A Beresford-Peirse,International T20,12,10,136,15.11111111111111,78.61271676300578,0,0,2025,2025
YP Dayal,International T20,14,13,136,13.6,86.07594936708861,0,0,2024,2026
A Dutt,International T20,30,17,136,13.6,106.25,0,0,2021,2026
J Dzulfikar,International T20,18,16,136,10.461538461538462,79.06976744186046,0,0,2024,2025
Ismaila Tamba,International T20,12,12,136,13.6,112.39669421487604,0,0,2022,2024
SL Malinga,International T20,84,33,136,6.476190476190476,84.472049689441,0,0,2006,2020
Mohammad Boota,International T20,19,15,136,17,119.29824561403508,0,0,2019,2022
Mohammad Ishaq,International T20,10,10,136,17,107.08661417322836,0,0,2024,2026
PA van Meekeren,International T20,78,27,136,6.8,110.56910569105692,0,0,2013,2026
SB Wagh,International T20,8,8,136,17,81.437125748502993,0,1,2024,2025
Abbas Afridi,International T20,24,15,135,12.272727272727273,113.4453781512605,0,0,2024,2025
M Koli,International T20,47,17,135,15,110.65573770491804,0,0,2022,2026
T de Zorzi,International T20,10,10,134,13.4,101.51515151515152,0,0,2025,2026
GF Gomes,International T20,15,10,134,14.88888888888889,121.81818181818183,0,1,2019,2022
AJ Michael,International T20,10,10,134,16.75,81.70731707317073,0,0,2019,2022
CT Mutombodzi,International T20,15,14,134,12.181818181818182,93.05555555555556,0,0,2013,2020
Amir Khan,International T20,15,9,133,19,106.4,0,0,2025,2026
KS Bagabena,International T20,45,25,133,9.5,88.66666666666667,0,0,2019,2024
VR Iyer,International T20,9,7,133,33.25,162.19512195121953,0,0,2021,2022
CJ Langford,International T20,26,15,133,13.3,104.72440944881889,0,0,2020,2026
CH Morris,International T20,23,13,133,14.777777777777779,130.3921568627451,0,1,2012,2019
Rahel Khan,International T20,7,7,133,19,129.12621359223303,0,0,2021,2021
AR Bisht,International T20,9,6,132,22,96.35036496350365,0,0,2025,2025
JB Little,International T20,77,32,132,11,85.71428571428571,0,0,2016,2026
Shaof Hassan,International T20,12,10,132,16.5,132,0,0,2023,2024
OJ Webster,International T20,6,6,132,22,138.94736842105263,0,0,2020,2024
RJ Ainsworth,International T20,14,13,131,18.714285714285715,90.3448275862069,0,1,2025,2026
Akhil Arjunan,International T20,21,13,131,11.909090909090908,80.8641975308642,0,0,2023,2026
GEF Barnett,International T20,5,5,131,32.75,96.32352941176471,0,0,2008,2010
F Khaliq,International T20,15,11,131,16.375,111.96581196581197,0,0,2024,2026
DO Leicher,International T20,19,15,131,18.714285714285715,89.72602739726028,0,0,2022,2026
Tashi Phuntsho,International T20,19,16,131,10.916666666666666,66.83673469387756,0,0,2023,2026
J Vira,International T20,21,19,131,8.733333333333333,88.51351351351352,0,0,2019,2024
J Albin,International T20,25,16,130,16.25,77.38095238095238,0,0,2021,2022
Aslan Jafri,International T20,13,12,130,10.833333333333334,110.16949152542372,0,0,2025,2026
AC Botha,International T20,14,11,130,13,92.19858156028369,0,0,2008,2010
DDP D'Silva,International T20,10,8,130,32.5,89.04109589041096,0,0,2019,2019
V Hirlal,International T20,14,13,130,10.833333333333334,67.0103092783505,0,0,2024,2026
A Kadowaki Fleming,International T20,4,4,130,65,144.44444444444443,0,1,2024,2026
Muhammad Saleem,International T20,11,11,130,11.818181818181818,115.04424778761062,0,1,2019,2024
Naeem Islam,International T20,10,10,130,14.444444444444445,114.03508771929825,0,0,2008,2013
D Nikolov,International T20,34,23,130,6.190476190476191,74.71264367816092,0,0,2019,2026
JL Smith,International T20,5,5,130,26,194.02985074626866,0,1,2025,2025
Zeeshan Ali,International T20,11,11,130,14.444444444444445,96.29629629629629,0,0,2025,2026
JC Archer,International T20,51,20,129,11.727272727272727,150,0,0,2019,2026
AJ Ayannaike,International T20,20,19,129,6.7894736842105265,77.71084337349397,0,0,2019,2021
DL Brangman,International T20,43,19,129,12.9,93.47826086956522,0,0,2019,2026
BC Fortuin,International T20,32,20,129,10.75,112.17391304347825,0,0,2019,2026
DR Hooper,International T20,24,14,129,16.125,86.57718120805369,0,0,2019,2023
AS Joseph,International T20,45,19,129,16.125,103.2,0,0,2022,2025
Kim Daeyeon,International T20,17,17,129,8.0625,73.29545454545455,0,0,2022,2025
Omid Rahimi,International T20,6,5,129,43,189.70588235294116,0,1,2024,2026
G Singhdeo,International T20,9,8,129,18.428571428571427,96.26865671641791,0,1,2024,2025
Ameel Mauroof,International T20,30,22,128,10.666666666666666,73.14285714285714,0,0,2019,2024
G Coetzee,International T20,18,14,128,10.666666666666666,137.63440860215056,0,0,2023,2026
BOP Fernando,International T20,7,6,128,25.6,112.28070175438596,0,1,2019,2021
S Loday,International T20,16,13,128,12.8,77.10843373493977,0,0,2022,2024
Mirwais Ashraf,International T20,25,19,128,11.636363636363637,111.30434782608695,0,0,2010,2016
CW Perchard,International T20,58,18,128,10.666666666666666,96.96969696969697,0,0,2019,2026
N Salekar,International T20,12,12,128,11.636363636363637,83.11688311688312,0,0,2024,2025
K Sathish,International T20,8,8,128,16,96.96969696969697,0,0,2025,2025
CK Coventry,International T20,13,12,127,12.7,141.11111111111111,0,0,2010,2015
PG Fulton,International T20,12,12,127,11.545454545454545,90.71428571428571,0,0,2006,2012
B Likavu,International T20,7,6,127,31.75,184.05797101449275,0,0,2026,2026
Mohammad Mithun,International T20,17,13,127,10.583333333333334,93.38235294117648,0,0,2014,2021
MA Ouma,International T20,22,19,127,7.055555555555555,79.375,0,0,2007,2013
MJ Prior,International T20,10,8,127,21.166666666666668,127,0,0,2007,2010
M Shahbaz Butt,International T20,28,20,127,10.583333333333334,78.39506172839506,0,0,2022,2026
AJ Staal,International T20,14,12,127,15.875,130.9278350515464,0,0,2019,2021
GG Alta,International T20,12,12,126,10.5,85.71428571428571,0,0,2022,2025
M Bhatia,International T20,9,9,126,14,144.82758620689654,0,1,2025,2026
DAJ Bracewell,International T20,20,11,126,21,140,0,0,2011,2021
H Khogiyani,International T20,18,11,126,15.75,153.65853658536585,0,0,2025,2026
AJ Redmond,International T20,7,6,126,21,150,0,1,2009,2010
Aditya Panwar,International T20,10,7,125,25,121.35922330097087,0,1,2023,2026
Bilal Hassun,International T20,46,18,125,12.5,119.04761904761905,0,0,2021,2024
PVD Chameera,International T20,82,40,125,4.8076923076923075,73.52941176470588,0,0,2015,2026
Danyal Raja,International T20,26,18,125,8.928571428571429,79.11392405063292,0,0,2023,2026
JL Denly,International T20,13,12,125,12.5,105.93220338983052,0,0,2009,2020
E Duff,International T20,15,14,125,8.928571428571429,61.274509803921575,0,0,2024,2025
Habib Ahmadzai,International T20,10,10,125,15.625,103.30578512396693,0,0,2019,2022
A Martel,International T20,36,17,125,10.416666666666666,108.69565217391303,0,0,2022,2026
Muhammad Naeem,International T20,7,6,125,31.25,99.20634920634922,0,0,2019,2020
A Nao,International T20,27,15,125,20.833333333333332,107.75862068965519,0,0,2017,2026
C Sudarsanan,International T20,29,18,125,10.416666666666666,73.52941176470588,0,0,2023,2025
PJ van Biljon,International T20,10,8,125,20.833333333333332,123.76237623762376,0,0,2020,2021
R Fox,International T20,12,12,124,17.714285714285715,100,0,0,2022,2024
AE Isesele,International T20,19,18,124,9.538461538461538,92.53731343283582,0,0,2022,2025
EB Knowles,International T20,14,13,124,12.4,81.57894736842105,0,0,2019,2021
Mohammed Asghar,International T20,4,4,124,31,136.26373626373626,0,0,2019,2019
R Ngarava,International T20,98,39,124,5.904761904761905,106.89655172413792,0,0,2019,2026
KH Pandya,International T20,19,10,124,24.8,130.5263157894737,0,0,2018,2021
RJ Peterson,International T20,21,12,124,15.5,109.73451327433628,0,0,2006,2014
JF Smith,International T20,11,10,124,20.666666666666668,119.23076923076923,0,0,2024,2026
J Campbell,International T20,9,9,123,15.375,121.78217821782178,0,0,2024,2024
HA Chohan,International T20,32,20,123,9.461538461538462,150,0,0,2021,2024
S Jamil,International T20,16,14,123,12.3,91.11111111111111,0,0,2019,2025
D Klein,International T20,23,17,123,10.25,126.8041237113402,0,0,2020,2023
AD Mascarenhas,International T20,14,13,123,15.375,123,0,0,2007,2009
Muhammad Arfan,International T20,13,10,123,17.571428571428573,104.23728813559323,0,0,2025,2026
Mujeeb-ur-Rehman,International T20,24,13,123,12.3,92.4812030075188,0,0,2024,2026
Naveed Ahmed,International T20,40,18,123,13.666666666666666,93.89312977099237,0,0,2019,2025
MJ Scotland,International T20,7,7,123,30.75,103.36134453781514,0,1,2025,2025
Subham Patel,International T20,7,7,123,20.5,113.88888888888889,0,0,2026,2026
Tayyab Tahir,International T20,8,7,123,20.5,118.26923076923077,0,0,2023,2024
AG Weligamage,International T20,16,13,123,13.666666666666666,104.23728813559323,0,0,2021,2025
Ahmed Raza,International T20,55,20,122,12.2,82.99319727891157,0,0,2014,2022
AW Hawkins-Kay,International T20,16,13,122,15.25,89.70588235294117,0,0,2019,2019
KM Jadhav,International T20,9,6,122,20.333333333333332,123.23232323232322,0,1,2015,2017
JM Joao,International T20,25,13,122,11.090909090909092,89.05109489051095,0,0,2022,2026
Mustafizur Rahman,International T20,130,39,122,5.809523809523809,78.70967741935485,0,0,2015,2026
Umair Sharif,International T20,8,7,122,24.4,119.6078431372549,0,0,2023,2023
Vineet Shah,International T20,11,9,122,17.428571428571427,87.14285714285714,0,0,2025,2025
J Cutinho,International T20,7,7,121,17.285714285714285,87.05035971223022,0,0,2019,2026
JEA Doctora,International T20,20,15,121,11,77.56410256410257,0,0,2023,2026
C Greenshields,International T20,7,6,121,40.333333333333336,108.03571428571428,0,1,2025,2026
TJG Pringle,International T20,22,15,121,9.307692307692308,97.58064516129032,0,0,2022,2025
TH Tector,International T20,8,7,121,17.285714285714285,142.35294117647058,0,0,2025,2026
J Jagroo,International T20,11,11,120,10.909090909090908,85.71428571428571,0,0,2021,2022
Jaskaran Singh,International T20,16,10,120,24,157.89473684210526,0,1,2025,2026
M Kadyan,International T20,12,11,120,15,127.65957446808511,0,1,2021,2022
DR Martyn,International T20,4,4,120,30,162.16216216216216,0,1,2005,2006
Imrul Kayes,International T20,14,13,119,9.153846153846153,88.80597014925374,0,0,2010,2017
T Martin,International T20,6,6,119,19.833333333333332,148.75,0,0,2023,2024
Suraj Kumar,International T20,19,12,119,13.222222222222221,110.18518518518519,0,0,2019,2022
B Tuyizere,International T20,13,11,119,13.222222222222221,84.39716312056737,0,0,2021,2023
M Abdulla,International T20,10,7,118,23.6,104.42477876106196,0,0,2019,2021
SCJ Broad,International T20,56,26,118,7.375,100,0,0,2006,2014
JA Burrows,International T20,31,20,118,6.9411764705882355,102.60869565217392,0,0,2020,2026
DT Christian,International T20,23,14,118,14.75,126.88172043010752,0,0,2010,2021
Garret Banner,International T20,15,11,118,14.75,115.68627450980394,0,0,2019,2024
Huzaifa Mohammed,International T20,30,14,118,23.6,72.39263803680981,0,0,2022,2026
A Manousis,International T20,11,11,118,13.11111111111111,116.83168316831683,0,0,2019,2022
Marcelle Hanekom,International T20,9,9,118,14.75,93.65079365079364,0,0,2025,2025
H Satheedevi,International T20,8,8,118,16.857142857142858,140.47619047619045,0,0,2024,2025
Shamsudheen Purat,International T20,6,5,118,29.5,153.24675324675326,0,1,2019,2020
Sohel Patel,International T20,9,9,118,13.11111111111111,97.52066115702479,0,0,2023,2026
JE Taylor,International T20,30,15,118,13.11111111111111,128.26086956521738,0,0,2006,2018
Anthony Hillman,International T20,4,4,117,58.5,123.15789473684211,0,1,2026,2026
Shuaib Al Balushi,International T20,6,6,117,19.5,93.60000000000001,0,0,2026,2026
WA Simpson,International T20,6,6,117,39,134.48275862068965,0,0,2024,2024
Ziaur Rahman,International T20,14,12,117,13,128.57142857142858,0,0,2012,2014
Asif Bevinje,International T20,10,8,116,14.5,113.72549019607843,0,0,2020,2024
J Evans,International T20,9,9,116,12.88888888888889,109.43396226415094,0,0,2022,2024
MO Jones,International T20,18,14,116,19.333333333333332,91.33858267716536,0,0,2019,2023
Khalid Shah,International T20,8,8,116,14.5,109.43396226415094,0,0,2023,2023
Mohammad Khan Rafah,International T20,11,8,116,16.571428571428573,146.8354430379747,0,0,2026,2026
Mohammad Amin,International T20,11,9,116,19.333333333333332,98.30508474576271,0,0,2019,2024
Shahzaib Hasan,International T20,10,10,116,11.6,89.23076923076924,0,0,2009,2010
M Theekshana,International T20,87,41,116,4.296296296296297,61.05263157894737,0,0,2021,2026
Zeeshan Sarwar,International T20,4,4,116,29,146.8354430379747,0,1,2021,2021
KNA Bandara,International T20,8,7,115,19.166666666666668,100,0,0,2021,2026
C Bosch,International T20,22,14,115,12.777777777777779,107.4766355140187,0,0,2025,2026
JH Davey,International T20,31,16,115,14.375,130.6818181818182,0,0,2012,2022
J Fraser-McGurk,International T20,8,8,115,14.375,133.72093023255815,0,1,2024,2025
NK Patel,International T20,21,12,115,19.166666666666668,109.52380952380953,0,0,2019,2024
R Sandeep,International T20,18,15,115,10.454545454545455,88.46153846153845,0,0,2024,2026
Vasmiakram Chand,International T20,6,6,115,19.166666666666668,88.46153846153845,0,0,2026,2026
Walid Sahibzada,International T20,8,5,115,28.75,133.72093023255815,0,1,2025,2026
JB Abega,International T20,27,25,114,4.75,54.02843601895735,0,0,2021,2026
Aryan Lakra,International T20,10,10,114,14.25,106.54205607476635,0,1,2022,2024
TD Chaoana,International T20,32,24,114,7.125,74.02597402597402,0,0,2021,2026
Ihsanullah Wafa,International T20,5,5,114,38,120,0,0,2025,2025
Kaleemullah,International T20,42,20,114,8.142857142857142,105.55555555555556,0,0,2017,2024
Naim Stanikzai,International T20,4,4,114,57,140.74074074074073,0,0,2026,2026
P Arora,International T20,9,9,113,18.833333333333332,91.12903225806451,0,1,2019,2024
HK Kukreja,International T20,6,6,113,18.833333333333332,98.26086956521739,0,1,2025,2025
BJ Lazarus,International T20,9,8,113,14.125,76.87074829931973,0,0,2026,2026
DL Maddy,International T20,4,4,113,28.25,141.25,0,1,2007,2007
F Mutua,International T20,36,15,113,9.416666666666666,144.87179487179486,0,0,2023,2026
Sajad Ahmadzai,International T20,21,14,113,14.125,98.26086956521739,0,0,2022,2026
P Dakainivanua,International T20,16,15,112,8.615384615384615,83.5820895522388,0,0,2023,2026
SP Khakurel,International T20,8,8,112,14,80.57553956834532,0,1,2014,2015
Zabiullah Zahid,International T20,22,12,112,14,186.66666666666666,0,0,2023,2026
Abdullah Khan Lodhi,International T20,7,7,111,15.857142857142858,87.4015748031496,0,0,2024,2026
AP Devcich,International T20,4,4,111,27.75,140.50632911392404,0,1,2013,2014
SR Mohan,International T20,19,15,111,10.090909090909092,67.6829268292683,0,0,2021,2026
Shaik Basha,International T20,15,11,111,12.333333333333334,100,0,0,2023,2025
JNK Shannon,International T20,8,8,111,13.875,132.14285714285714,0,1,2013,2018
Sojib Miah,International T20,9,7,111,22.2,168.1818181818182,0,0,2025,2026
SP Fleming,International T20,5,5,110,22,129.41176470588235,0,0,2005,2006
SJ French,International T20,16,11,110,12.222222222222221,83.33333333333334,0,0,2025,2026
A Lark,International T20,5,4,110,27.5,90.9090909090909,0,0,2019,2019
Nimish Lathief,International T20,19,13,110,13.75,83.33333333333334,0,0,2023,2026
Robert Raina,International T20,15,9,110,12.222222222222221,94.82758620689656,0,0,2020,2024
Tshering Tashi (2),International T20,20,16,110,10,70.96774193548387,0,0,2024,2026
AJ Turner,International T20,19,14,110,12.222222222222221,83.96946564885496,0,0,2017,2023
Anwar Ali,International T20,16,11,109,15.571428571428571,141.55844155844156,0,0,2008,2016
R Hashu,International T20,21,10,109,36.333333333333336,136.25,0,0,2025,2026
J Hermann,International T20,6,5,109,27.25,141.55844155844156,0,1,2026,2026
Ibrahim Rizan,International T20,42,32,109,6.411764705882353,70.3225806451613,0,0,2019,2024
AF Ifill,International T20,31,19,109,8.384615384615385,63.005780346820806,0,0,2019,2026
MG Johnson,International T20,30,17,109,10.9,114.73684210526316,0,0,2007,2013
UT Kaisala,International T20,8,8,109,15.571428571428571,86.5079365079365,0,0,2022,2023
Mamoon Latif,International T20,11,10,109,10.9,89.34426229508196,0,0,2019,2021
DS Maraiwai,International T20,9,9,109,13.625,114.73684210526316,0,0,2022,2023
PH Shamdasani,International T20,7,7,109,21.8,92.37288135593221,0,0,2019,2026
V Shaw,International T20,13,12,109,9.909090909090908,78.41726618705036,0,0,2024,2026
Ahmed Wardak,International T20,19,11,108,18,97.2972972972973,0,0,2019,2026
Amal Jacob,International T20,23,19,108,10.8,81.81818181818183,0,0,2024,2026
Firas Hussain,International T20,12,10,108,15.428571428571429,104.85436893203884,0,0,2024,2026
Harbhajan Singh,International T20,28,13,108,13.5,124.13793103448276,0,0,2006,2016
B Kharty,International T20,5,4,108,27,142.10526315789474,0,1,2026,2026
I Ntirenganya,International T20,69,33,108,8.307692307692308,78.26086956521739,0,0,2022,2026
M Taniyama,International T20,43,19,108,9.818181818181818,74.48275862068967,0,0,2022,2026
LV van Beek,International T20,35,23,108,7.2,80.59701492537313,0,0,2014,2026
B Zuiderent,International T20,6,6,108,21.6,87.09677419354838,0,0,2009,2010
Abdulla Pervaiz,International T20,3,3,107,35.666666666666664,133.75,0,0,2026,2026
F Baaleri,International T20,13,9,107,15.285714285714286,82.94573643410853,0,0,2019,2026
A Kaul,International T20,11,9,107,13.375,87.70491803278688,0,1,2022,2024
KA Maharaj,International T20,54,19,107,8.916666666666666,84.25196850393701,0,0,2021,2026
A Mene-Ejegi,International T20,13,10,107,11.88888888888889,155.07246376811594,0,0,2022,2024
S Thakur,International T20,6,5,107,53.5,118.88888888888889,0,1,2021,2023
GJ Thompson,International T20,10,8,107,15.285714285714286,99.07407407407408,0,0,2016,2019
CP Turkich,International T20,9,9,107,11.88888888888889,59.11602209944752,0,0,2022,2024
SC van Schalkwyk,International T20,18,13,107,21.4,112.63157894736841,0,0,2024,2026
CC Machado,International T20,24,20,106,6.235294117647059,51.707317073170735,0,0,2024,2026
D Foxcroft,International T20,7,6,106,21.2,104.95049504950495,0,0,2023,2026
NA Maiolo,International T20,8,7,106,17.666666666666668,101.92307692307692,0,0,2019,2019
N Nazmussakib,International T20,10,8,106,13.25,95.4954954954955,0,0,2022,2025
R Parag,International T20,9,6,106,17.666666666666668,151.42857142857142,0,0,2024,2024
FL Patel,International T20,12,11,106,9.636363636363637,117.77777777777779,0,0,2023,2026
A Rajshekara,International T20,8,7,106,21.2,96.36363636363636,0,1,2024,2024
Said Hakim,International T20,6,5,106,26.5,126.19047619047619,0,0,2021,2026
Sami Ullah,International T20,9,7,106,17.666666666666668,192.72727272727272,0,0,2020,2021
DR Sams,International T20,10,7,106,26.5,170.96774193548387,0,0,2020,2022
C Veretaki,International T20,4,4,106,26.5,100.95238095238095,0,1,2023,2023
Ziaur Rehman,International T20,10,10,106,13.25,90.5982905982906,0,0,2019,2024
Abdul Samad,International T20,7,6,105,21,128.0487804878049,0,0,2025,2026
Abdur Rahman Sudais,International T20,7,6,105,21,109.375,0,0,2023,2024
Ali Zaheer,International T20,9,8,105,17.5,97.22222222222221,0,0,2022,2025
MD Dai,International T20,9,8,105,13.125,82.03125,0,0,2015,2017
JD Freyone,International T20,15,14,105,8.75,75,0,0,2019,2023
JR Hopes,International T20,12,7,105,21,107.14285714285714,0,0,2005,2010
AR Leo,International T20,16,13,105,9.545454545454545,68.62745098039215,0,0,2022,2026
D Marsic,International T20,9,8,105,13.125,64.02439024390245,0,0,2022,2024
S Mba,International T20,8,7,105,21,72.91666666666666,0,0,2021,2021
M Mosehle,International T20,7,6,105,21,161.53846153846155,0,0,2017,2017
Mustafa Balkis,International T20,8,8,105,13.125,72.41379310344827,0,0,2025,2026
CB Roposo,International T20,29,13,105,13.125,83.33333333333334,0,0,2022,2026
Shoriful Islam,International T20,64,27,105,5.833333333333333,105,0,0,2021,2026
Shujaat Rasool,International T20,7,4,105,35,190.9090909090909,0,1,2026,2026
Abdul Naser Baluch,International T20,26,15,104,8.666666666666666,109.47368421052633,0,0,2023,2026
HB Kayondo,International T20,4,4,104,26,106.12244897959184,0,0,2019,2021
PK Mohanarangam,International T20,10,8,104,17.333333333333332,92.85714285714286,0,0,2024,2025
Iqbal Mudassir,International T20,10,10,104,11.555555555555555,93.69369369369369,0,0,2022,2024
Y Naing Tun,International T20,14,13,104,8.666666666666666,64.59627329192547,0,0,2023,2025
Shahidullah,International T20,7,6,104,26,128.39506172839506,0,0,2023,2026
Sultan Ahmed,International T20,17,12,104,11.555555555555555,125.30120481927712,0,0,2015,2017
GP Swann,International T20,39,16,104,20.8,116.85393258426966,0,0,2008,2012
M Ozturk,International T20,16,13,104,8.666666666666666,74.82014388489209,0,0,2022,2026
RDB Ahir,International T20,15,15,103,7.923076923076923,91.1504424778761,0,0,2023,2024
Arshdeep Singh,International T20,94,33,103,6.0588235294117645,99.03846153846155,0,0,2022,2026
JAD Lawrenson,International T20,12,7,103,17.166666666666668,97.16981132075472,0,0,2023,2024
SA Mohandas,International T20,42,22,103,9.363636363636363,81.10236220472441,0,0,2021,2026
Ramanjot Singh,International T20,5,5,103,20.6,95.37037037037037,0,0,2022,2024
P Stroud,International T20,6,6,103,17.166666666666668,88.79310344827587,0,1,2025,2025
Breeze Ahir,International T20,10,10,102,12.75,81.6,0,0,2024,2025
BJ Curran,International T20,8,8,102,12.75,134.21052631578948,0,0,2026,2026
SM Davies,International T20,5,5,102,20.4,124.39024390243902,0,0,2009,2011
DF Jacobs,International T20,9,9,102,11.333333333333334,64.15094339622641,0,0,2019,2024
R Klein,International T20,8,7,102,20.4,134.21052631578948,0,0,2022,2025
Rahmatullah Mangal,International T20,30,21,102,6.8,94.44444444444444,0,0,2021,2026
Rehman Abdul,International T20,7,5,102,51,99.02912621359224,0,0,2019,2019
Sazzad Hosen,International T20,8,8,102,12.75,99.02912621359224,0,0,2020,2024
GPK Wijesingha,International T20,6,5,102,20.4,100,0,1,2024,2024
Boio Ray,International T20,9,8,101,12.625,98.05825242718447,0,0,2025,2026
Harshit Rana,International T20,14,8,101,14.428571428571429,110.98901098901099,0,0,2025,2026
Hilal Ahmad,International T20,15,14,101,10.1,72.14285714285714,0,0,2019,2021
KR Jha,International T20,21,15,101,7.769230769230769,65.5844155844156,0,0,2025,2026
Kashif Daud,International T20,16,13,101,12.625,146.3768115942029,0,0,2021,2022
AV Lalcheta,International T20,17,10,101,12.625,123.17073170731707,0,0,2015,2019
B Lee,International T20,25,12,101,16.833333333333332,142.25352112676057,0,0,2005,2012
Mohammed Nurji,International T20,6,5,101,50.5,171.18644067796612,0,0,2019,2019
JP Netto,International T20,6,5,101,20.2,107.4468085106383,0,0,2026,2026
V Shankar,International T20,9,4,101,25.25,138.35616438356163,0,0,2018,2019
Anser Mehmood,International T20,7,6,100,20,104.16666666666667,0,0,2021,2022
Avi Dixit,International T20,14,13,100,9.090909090909092,89.28571428571429,0,0,2019,2024
JM Cox,International T20,9,5,100,20,135.13513513513513,0,1,2024,2026
S Dhaniram,International T20,11,9,100,11.11111111111111,81.30081300813008,0,0,2008,2010
ZG Foulkes,International T20,22,14,100,14.285714285714286,149.2537313432836,0,0,2024,2026
T Maruma,International T20,13,13,100,11.11111111111111,91.74311926605505,0,0,2008,2019
HM Nicholls,International T20,10,9,100,12.5,89.28571428571429,0,0,2016,2021
CD Shekleton,International T20,5,5,100,25,121.95121951219512,0,1,2026,2026
I Stewart,International T20,9,7,100,50,131.57894736842107,0,0,2025,2026
HGV Vare,International T20,22,16,100,7.6923076923076925,86.20689655172413,0,0,2022,2026
M Aboagye,International T20,14,13,99,8.25,70.2127659574468,0,0,2019,2024
BR Dunk,International T20,5,5,99,19.8,143.47826086956522,0,0,2014,2017
TM Macalou,International T20,21,19,99,6.1875,41.596638655462186,0,0,2022,2026
M Ravula,International T20,3,3,99,49.5,101.0204081632653,0,0,2026,2026
S Sola,International T20,25,16,99,7.071428571428571,74.43609022556392,0,0,2019,2026
Tashi Dorji,International T20,15,13,99,9,137.5,0,0,2024,2026
Zaheer Zahiri,International T20,19,13,99,19.8,130.26315789473685,0,0,2024,2026
Ali Dawood,International T20,79,26,98,8.909090909090908,83.05084745762711,0,0,2023,2026
Azam Khalil,International T20,9,7,98,14,119.51219512195121,0,0,2022,2022
Irfan Bhima,International T20,4,4,98,24.5,111.36363636363636,0,1,2019,2019
D la Cock,International T20,5,5,98,19.6,116.66666666666667,0,1,2022,2022
Mujeeb Ur Rahman,International T20,68,21,98,9.8,118.07228915662651,0,0,2018,2026
Numan Ahmadzai,International T20,7,6,98,19.6,106.5217391304348,0,0,2025,2026
IP Swaney,International T20,13,12,98,8.909090909090908,113.95348837209302,0,0,2022,2025
MA Starc,International T20,65,21,98,9.8,98,0,0,2012,2024
Amir Ali,International T20,10,8,97,19.4,149.23076923076923,0,0,2015,2016
Arsalan Arif,International T20,16,7,97,19.4,98.9795918367347,0,0,2019,2025
M Faraz Akram,International T20,10,8,97,24.25,136.61971830985914,0,0,2020,2024
NF Kelly,International T20,7,7,97,16.166666666666668,110.22727272727273,0,0,2026,2026
Muhammad Kaleem,International T20,9,9,97,10.777777777777779,83.62068965517241,0,1,2016,2016
AM Samad,International T20,7,6,97,16.166666666666668,110.22727272727273,0,0,2008,2010
GM Strydom,International T20,6,6,97,16.166666666666668,108.98876404494382,0,0,2019,2019
Tejwinder Singh,International T20,11,9,97,12.125,197.9591836734694,0,0,2021,2022
RA Tripathi,International T20,5,5,97,19.4,144.77611940298507,0,0,2023,2023
NR Welch,International T20,7,7,97,13.857142857142858,104.3010752688172,0,0,2023,2023
Yair Nagavkar,International T20,13,12,97,10.777777777777779,81.5126050420168,0,0,2022,2026
AD Nath,International T20,4,4,96,Inf,154.83870967741936,0,1,2026,2026
Junaid Siddique,International T20,91,32,96,7.384615384615385,92.3076923076923,0,0,2019,2026
RS Morton,International T20,7,7,96,16,93.20388349514563,0,0,2006,2010
Usman Shahid,International T20,4,4,96,24,106.66666666666667,0,1,2021,2021
ML Udawatte,International T20,8,8,96,12,110.34482758620689,0,0,2008,2017
MH Yardy,International T20,14,8,96,32,133.33333333333331,0,0,2006,2011
CM Akachukwu,International T20,22,15,95,9.5,95.95959595959596,0,0,2019,2026
GC Galanis,International T20,18,14,95,9.5,123.37662337662339,0,0,2019,2026
Z Hoque,International T20,7,7,95,15.833333333333334,96.93877551020408,0,0,2019,2020
KA Jamieson,International T20,32,15,95,10.555555555555555,123.37662337662339,0,0,2020,2026
Javed Maroofkhail,International T20,14,11,95,11.875,90.47619047619048,0,0,2019,2024
BJ Konstas,International T20,4,4,95,47.5,114.45783132530121,0,1,2026,2026
TM Odoyo,International T20,11,10,95,9.5,79.83193277310924,0,0,2007,2013
NS Poonia,International T20,8,7,95,19,87.96296296296296,0,0,2007,2010
Shehzad Patel,International T20,9,9,95,13.571428571428571,115.85365853658536,0,0,2021,2023
OSB Tilley,International T20,13,11,95,10.555555555555555,86.36363636363636,0,0,2024,2026
Zaid Soulat,International T20,6,5,95,31.666666666666668,110.46511627906976,0,0,2023,2024
Anas Baig,International T20,8,8,94,11.75,130.55555555555557,0,1,2026,2026
G Angeletti,International T20,11,11,94,9.4,83.1858407079646,0,0,2023,2026
Asrar Ahmed,International T20,7,5,94,31.333333333333332,87.03703703703704,0,0,2019,2021
S Kamate,International T20,21,19,94,5.222222222222222,55.62130177514793,0,0,2022,2026
FDW McCreath,International T20,7,7,94,13.428571428571429,110.58823529411765,0,0,2025,2026
Rameez Khan,International T20,19,13,94,9.4,116.0493827160494,0,0,2024,2026
JH Stander,International T20,11,11,94,10.444444444444445,104.44444444444446,0,0,2009,2012
JJ Tucker,International T20,5,5,94,23.5,96.90721649484536,0,1,2019,2019
P Utseya,International T20,35,21,94,7.833333333333333,81.73913043478261,0,0,2006,2015
S Williams,International T20,26,15,94,18.8,86.23853211009175,0,0,2021,2026
Abidullah Kotwa,International T20,3,1,93,Inf,357.69230769230774,0,1,2026,2026
WK Bitis,International T20,9,7,93,15.5,129.16666666666669,0,0,2022,2023
SJ Modani,International T20,5,4,93,31,136.76470588235296,0,1,2021,2022
SM Nash,International T20,23,15,93,7.75,64.58333333333334,0,0,2024,2026
E Packard,International T20,12,9,93,11.625,90.29126213592234,0,0,2019,2026
Zuhaib Zubair,International T20,21,13,93,11.625,143.07692307692307,0,0,2024,2026
J Jarvis,International T20,9,8,92,15.333333333333334,108.23529411764706,0,0,2024,2026
TT Maposa,International T20,22,14,92,13.142857142857142,119.48051948051948,0,0,2024,2026
WSLK Narayana,International T20,9,9,92,10.222222222222221,98.9247311827957,0,0,2024,2026
Noor Ahmad,International T20,28,15,92,9.2,103.37078651685394,0,0,2022,2026
Rahimgul Naseri,International T20,12,8,92,11.5,122.66666666666666,0,1,2026,2026
Shafat Ali Syed,International T20,10,7,92,13.142857142857142,164.28571428571428,0,1,2023,2024
MC Sorensen,International T20,26,11,92,18.4,116.45569620253164,0,0,2012,2016
N Wijesekera,International T20,10,10,92,11.5,84.40366972477065,0,0,2021,2023
Yasir Arafat,International T20,13,11,92,13.142857142857142,116.45569620253164,0,0,2007,2012
Zohaib Sarwar,International T20,14,10,92,13.142857142857142,98.9247311827957,0,0,2019,2023
Zubair Al Balushi,International T20,6,6,92,15.333333333333334,150.81967213114754,0,0,2026,2026
PS Airee,International T20,12,12,91,7.583333333333333,85.04672897196261,0,0,2015,2022
TA Blundell,International T20,9,8,91,15.166666666666666,96.80851063829788,0,0,2017,2024
CPL Connolly,International T20,14,10,91,10.11111111111111,122.97297297297298,0,0,2024,2026
Jasdeep Singh,International T20,30,13,91,7.583333333333333,92.85714285714286,0,0,2019,2025
Mohammed Sameer,International T20,5,5,91,18.2,133.8235294117647,0,0,2020,2026
K Nitish Kumar Reddy,International T20,7,4,91,30.333333333333332,168.5185185185185,0,1,2024,2026
Omair Yousuf,International T20,7,7,91,18.2,109.63855421686748,0,0,2023,2025
Raees Ahmadzai,International T20,8,6,91,30.333333333333332,108.33333333333333,0,0,2010,2010
Saeed Ajmal,International T20,64,23,91,8.272727272727273,105.8139534883721,0,0,2009,2015
EM Turay,International T20,15,13,91,9.1,65.94202898550725,0,0,2026,2026
DJ Turkich,International T20,9,9,91,10.11111111111111,80.53097345132744,0,0,2022,2024
B Yadav,International T20,19,11,91,10.11111111111111,112.34567901234568,0,0,2022,2024
Abdullah Akbarjan,International T20,35,18,90,6.428571428571429,84.90566037735849,0,0,2019,2024
GM Hamilton,International T20,12,8,90,11.25,81.81818181818183,0,0,2007,2010
Ibrahim Nashath,International T20,22,17,90,7.5,56.25,0,0,2019,2024
Kasir Ahmed,International T20,8,8,90,11.25,84.11214953271028,0,0,2025,2026
Mayank Nagayach,International T20,11,10,90,10,96.7741935483871,0,0,2025,2026
JN Mohammed,International T20,9,8,90,18,87.37864077669903,0,0,2017,2018
SH Obed,International T20,26,17,90,9,84.90566037735849,0,0,2019,2024
Sagar Pun,International T20,9,9,90,10,90,0,0,2014,2015
Shoaib Ahmed,International T20,5,5,90,18,107.14285714285714,0,0,2022,2022
Siraj Ullah Khadem,International T20,42,17,90,9,86.53846153846155,0,0,2021,2026
NL Smith,International T20,6,6,90,22.5,81.08108108108108,0,0,2021,2021
M Vaik,International T20,22,14,90,9,59.210526315789465,0,0,2021,2025
DLS van Bunge,International T20,14,12,90,11.25,86.53846153846155,0,0,2008,2013
DGAPD Wiswi,International T20,23,11,90,12.857142857142858,88.23529411764706,0,0,2024,2026
GH Worker,International T20,2,2,90,45,140.625,0,1,2015,2015
P Zuze,International T20,27,17,90,6.923076923076923,63.829787234042556,0,0,2023,2025
Ahmadullah Shinwari,International T20,38,16,89,8.9,85.57692307692307,0,0,2021,2026
MK Anafie,International T20,10,8,89,14.833333333333334,114.1025641025641,0,0,2021,2021
Bilal Ahmad Mir,International T20,8,8,89,12.714285714285714,112.65822784810126,0,0,2025,2025
G Caisley,International T20,11,11,89,8.090909090909092,80.18018018018019,0,0,2019,2025
MJ Hay,International T20,12,10,89,11.125,125.35211267605635,0,0,2024,2025
Isaiah O'Brien,International T20,8,3,89,29.666666666666668,164.8148148148148,0,0,2026,2026
M Jenkinson,International T20,5,5,89,17.8,112.65822784810126,0,0,2022,2023
Aamer Jamal,International T20,6,5,88,22,179.59183673469389,0,0,2022,2024
N Ahir,International T20,11,8,88,17.6,55.34591194968554,0,0,2021,2023
Azam Khan,International T20,14,13,88,8.8,133.33333333333331,0,0,2021,2024
RR Bastiansz,International T20,5,5,88,17.6,103.5294117647059,0,0,2022,2023
O Casasola,International T20,10,10,88,8.8,59.06040268456376,0,0,2024,2026
Flynn Zahra,International T20,11,10,88,12.571428571428571,111.39240506329114,0,0,2026,2026
J Henry,International T20,11,9,88,9.777777777777779,86.27450980392157,0,0,2022,2026
K Jaikaran,International T20,14,13,88,8,65.67164179104478,0,0,2024,2026
Kuldeep Lal,International T20,11,5,88,22,137.5,0,0,2019,2021
N Madziva,International T20,15,10,88,17.6,110.00000000000001,0,0,2015,2019
Md Shafiqul Haque,International T20,4,4,88,22,141.93548387096774,0,0,2019,2019
L Monanthane,International T20,20,17,88,5.5,63.76811594202898,0,0,2021,2026
D Nanda,International T20,7,6,88,22,117.33333333333333,0,0,2025,2026
J Overton,International T20,27,15,88,8.8,104.76190476190477,0,0,2024,2026
Shoaib Rafiq,International T20,20,16,88,8,94.6236559139785,0,0,2023,2026
R Walker,International T20,13,10,88,11,72.1311475409836,0,0,2024,2025
Zishan Shah,International T20,6,5,88,22,101.14942528735634,0,1,2019,2019
Ali Yalmaz,International T20,14,13,87,7.25,103.57142857142858,0,0,2021,2024
Amir Farooq,International T20,18,12,87,9.666666666666666,95.6043956043956,0,0,2024,2025
Anasim Khan,International T20,12,9,87,12.428571428571429,115.99999999999999,0,0,2019,2021
Ayyaz Qureshi,International T20,6,6,87,17.4,65.9090909090909,0,0,2022,2025
Z Burgess,International T20,33,13,87,9.666666666666666,129.8507462686567,0,0,2021,2026
F Campbell,International T20,10,10,87,8.7,62.589928057553955,0,0,2022,2024
J Daley (),International T20,4,4,87,29,117.56756756756756,0,1,2025,2025
J Essex,International T20,6,6,87,14.5,73.10924369747899,0,0,2024,2026
Jun Hyunwoo,International T20,18,13,87,6.6923076923076925,63.970588235294116,0,0,2022,2026
Mandeep Singh,International T20,3,3,87,43.5,119.17808219178083,0,1,2016,2016
C Tear,International T20,8,7,87,12.428571428571429,93.54838709677419,0,0,2024,2025
Utkarsh Jain,International T20,27,14,87,14.5,86.13861386138613,0,0,2023,2025
DI Allan,International T20,10,10,86,8.6,63.70370370370371,0,0,2012,2013
AR Gandhi,International T20,3,3,86,43,87.75510204081633,0,1,2019,2019
D Ganesh,International T20,15,12,86,10.75,77.47747747747748,0,0,2024,2025
J Ghadiyali,International T20,6,6,86,17.2,89.58333333333334,0,0,2021,2021
GJ Hopkins,International T20,10,8,86,10.75,121.12676056338027,0,0,2007,2010
S Lamichhane,International T20,80,26,86,6.142857142857143,87.75510204081633,0,0,2018,2026
Mansoor Malangzai,International T20,4,4,86,21.5,150.87719298245614,0,0,2024,2024
SM Pollock,International T20,12,9,86,12.285714285714286,122.85714285714286,0,0,2005,2008
J Ramanandi,International T20,15,13,86,8.6,88.65979381443299,0,0,2025,2026
Shamsur Rahman,International T20,9,8,86,10.75,101.17647058823529,0,1,2013,2014
M Whelan,International T20,17,10,86,10.75,103.6144578313253,0,0,2022,2026
JNX du Plooy,International T20,4,4,85,28.333333333333332,139.34426229508196,0,0,2025,2025
H Fennell,International T20,38,19,85,5.666666666666667,103.65853658536585,0,0,2019,2026
AR Nurse,International T20,13,8,85,42.5,119.71830985915493,0,0,2011,2019
T Sandaruwan,International T20,19,14,85,9.444444444444445,114.86486486486487,0,0,2025,2026
RML Taylor,International T20,9,6,85,28.333333333333332,146.55172413793102,0,0,2013,2016
Alam Nakash,International T20,12,11,84,7.636363636363637,88.42105263157895,0,0,2022,2026
G Fatouros,International T20,4,4,84,21,116.66666666666667,0,1,2022,2022
N Khosla,International T20,4,4,84,21,88.42105263157895,0,0,2019,2019
Nadeem Khan,International T20,11,8,84,16.8,123.52941176470588,0,0,2025,2026
W Nalisa,International T20,36,17,84,9.333333333333334,103.7037037037037,0,0,2019,2026
Shenjian Zheng,International T20,6,6,84,14,140,0,0,2024,2026
J Stanigze,International T20,8,6,84,16.8,110.5263157894737,0,0,2024,2025
JC Balt,International T20,14,8,83,16.6,100,0,0,2024,2026
D Forrester,International T20,5,5,83,27.666666666666668,107.79220779220779,0,0,2026,2026
Kaif Jamadar,International T20,6,6,83,13.833333333333334,103.75000000000001,0,0,2026,2026
JK Kamande,International T20,12,9,83,9.222222222222221,90.21739130434783,0,0,2007,2010
D Long Martinez,International T20,2,2,83,41.5,148.21428571428572,0,1,2024,2024
L Maphane,International T20,9,9,83,9.222222222222221,74.10714285714286,0,0,2022,2026
AF Milne,International T20,56,21,83,8.3,96.51162790697676,0,0,2010,2025
T Rajiv,International T20,6,6,83,13.833333333333334,118.57142857142857,0,0,2021,2021
Saran Aslam,International T20,12,7,83,13.833333333333334,172.91666666666669,0,0,2022,2024
A Saud,International T20,4,4,83,20.75,112.16216216216218,0,0,2022,2026
BM Scholtz,International T20,85,26,83,8.3,86.45833333333334,0,0,2019,2026
TG Thamae,International T20,22,14,83,7.545454545454546,98.80952380952381,0,0,2021,2026
AJ Tye,International T20,32,15,83,10.375,109.21052631578947,0,0,2016,2021
D Gim,International T20,17,13,82,7.454545454545454,61.19402985074627,0,0,2019,2021
M Gouws,International T20,13,7,82,11.714285714285714,141.3793103448276,0,0,2022,2024
AS Hansra,International T20,8,8,82,13.666666666666666,96.47058823529412,0,0,2012,2013
Kawsar Khan,International T20,8,7,82,13.666666666666666,92.13483146067416,0,0,2024,2025
Muhammad Awais,International T20,3,3,82,82,138.98305084745763,0,0,2019,2019
Nyein Cham Soe,International T20,28,18,82,7.454545454545454,74.54545454545455,0,0,2023,2025
G Oliveira,International T20,25,15,82,11.714285714285714,95.34883720930233,0,0,2024,2026
TD Paine,International T20,12,9,82,10.25,106.49350649350649,0,0,2009,2017
Raihan Stanikzai,International T20,4,4,82,20.5,160.7843137254902,0,1,2026,2026
Ranjit Singh,International T20,8,5,82,16.4,146.42857142857142,0,1,2025,2025
Shahnawaz Patel,International T20,8,8,82,13.666666666666666,101.23456790123457,0,0,2025,2025
Shaikh Ashraf,International T20,4,4,82,20.5,122.38805970149254,0,0,2019,2019
RL Vitas,International T20,9,6,82,41,75.22935779816514,0,0,2022,2022
CA Young,International T20,73,27,82,6.833333333333333,75.22935779816514,0,0,2015,2026
NK Aneesh Kumar,International T20,36,17,81,9,85.26315789473684,0,0,2021,2026
K Birkenstock,International T20,9,4,81,27,180,0,1,2019,2021
Edward Fleming,International T20,17,9,81,11.571428571428571,95.29411764705881,0,0,2026,2026
Jaweed Sadran,International T20,20,13,81,9,126.5625,0,0,2021,2023
D Johnson,International T20,18,10,81,11.571428571428571,108,0,0,2022,2026
D Kalvin,International T20,15,12,81,9,60,0,0,2021,2026
M Kpaka,International T20,21,17,81,5.4,55.10204081632652,0,0,2021,2023
JR Newton,International T20,5,5,81,16.2,87.09677419354838,0,1,2026,2026
Noorkhan Ahmedi,International T20,10,7,81,11.571428571428571,119.11764705882352,0,0,2021,2024
Vamshi Reddy,International T20,6,6,81,13.5,72.32142857142857,0,0,2026,2026
NK Yadav,International T20,19,8,81,20.25,225,0,0,2025,2026
Yahya Suhail,International T20,8,8,81,11.571428571428571,51.59235668789809,0,1,2025,2025
Ahsan Abbasi,International T20,6,6,80,13.333333333333334,91.95402298850574,0,0,2019,2019
Alexandros Karvelas,International T20,4,4,80,20,96.3855421686747,0,0,2022,2022
B Balala,International T20,30,19,80,8.88888888888889,61.53846153846154,0,0,2024,2026
KU Carty,International T20,8,6,80,16,111.11111111111111,0,0,2025,2026
DAP Darrell,International T20,11,10,80,8.88888888888889,84.21052631578947,0,0,2019,2019
N Dutta,International T20,25,7,80,26.666666666666668,160,0,0,2019,2024
Faizan Asif,International T20,6,6,80,13.333333333333334,125,0,0,2014,2015
SP Guzman,International T20,9,9,80,8.88888888888889,80,0,0,2021,2026
Jaspreet Singh,International T20,29,12,80,8.88888888888889,106.66666666666667,0,0,2019,2026
PV Rarotoga,International T20,3,3,80,26.666666666666668,153.84615384615387,0,1,2023,2023
A Zampa,International T20,118,30,80,4.705882352941177,81.63265306122449,0,0,2016,2026
LA Dawson,International T20,39,11,79,11.285714285714286,114.4927536231884,0,0,2016,2026
Jaswinder Singh,International T20,24,19,79,6.076923076923077,75.96153846153845,0,0,2023,2026
P Khari,International T20,3,3,79,39.5,129.5081967213115,0,0,2023,2023
SC Kuggeleijn,International T20,18,8,79,19.75,213.51351351351352,0,0,2019,2021
R Kumar,International T20,15,8,79,13.166666666666666,143.63636363636363,0,0,2019,2024
S Navaratne,International T20,8,8,79,11.285714285714286,102.59740259740259,0,0,2022,2023
MA Sherry,International T20,11,8,79,13.166666666666666,89.77272727272727,0,0,2025,2026
J Andrew,International T20,5,5,78,15.6,97.5,0,0,2025,2025
CD Barnwell,International T20,6,6,78,19.5,125.80645161290323,0,0,2011,2013
R Gowthaman,International T20,5,5,78,15.6,82.10526315789474,0,0,2021,2021
Muaviath Ganee,International T20,7,5,78,15.6,100,0,0,2019,2023
HS Nyakatawa,International T20,6,6,78,13,59.541984732824424,0,0,2022,2022
R Ramadhasyena,International T20,4,2,78,78,162.5,0,1,2025,2025
Rejaul Karim,International T20,8,7,78,13,118.18181818181819,0,0,2025,2026
Sahil Tarakhil,International T20,4,4,78,19.5,127.86885245901641,0,1,2026,2026
Syazrul Idrus,International T20,33,17,78,8.666666666666666,97.5,0,0,2019,2023
V Aritharan,International T20,4,4,77,38.5,197.43589743589746,0,0,2022,2024
Arslan Basharat,International T20,4,4,77,19.25,95.06172839506173,0,1,2025,2025
XC Bartlett,International T20,22,12,77,11,108.45070422535213,0,0,2024,2026
S Bodha,International T20,34,13,77,9.625,110.00000000000001,0,0,2022,2026
R Hekure,International T20,24,15,77,5.923076923076923,77.77777777777779,0,0,2019,2023
Luke Ward,International T20,7,7,77,19.25,97.46835443037975,0,0,2023,2025
BK Majji,International T20,4,3,77,25.666666666666668,93.90243902439023,0,0,2026,2026
L Maximo,International T20,20,15,77,5.923076923076923,59.68992248062015,0,0,2024,2026
HV Patel,International T20,25,10,77,12.833333333333334,135.08771929824562,0,0,2021,2023
KTH Ratnayake,International T20,4,4,77,19.25,124.19354838709677,0,1,2026,2026
Saqib Zulfiqar,International T20,12,8,77,12.833333333333334,104.05405405405406,0,0,2018,2025
Swann Htet Ko Ko,International T20,22,19,77,5.5,57.89473684210527,0,0,2023,2025
Amjad Mahboob,International T20,30,18,76,6.909090909090909,102.7027027027027,0,0,2019,2023
R Baruah,International T20,7,7,76,19,168.88888888888889,0,0,2025,2025
HK Brahmbhatt,International T20,3,3,76,25.333333333333332,74.50980392156863,0,0,2026,2026
A Flintoff,International T20,7,7,76,12.666666666666666,126.66666666666666,0,0,2005,2007
Imran Farhat,International T20,7,7,76,10.857142857142858,108.57142857142857,0,0,2010,2011
Irfan Ahmed,International T20,8,8,76,9.5,91.56626506024097,0,0,2014,2015
V Jagannivasan,International T20,7,6,76,15.2,100,0,1,2021,2022
AL Kerai,International T20,9,9,76,9.5,61.29032258064516,0,0,2021,2021
NFI McCallum,International T20,11,7,76,10.857142857142858,89.41176470588236,0,0,2007,2010
N Master,International T20,8,5,76,25.333333333333332,120.63492063492063,0,0,2019,2026
S Matsikenyeri,International T20,10,10,76,7.6,92.6829268292683,0,0,2006,2012
VS Solanki,International T20,3,3,76,25.333333333333332,124.59016393442623,0,0,2005,2007
Akif Raja,International T20,23,7,75,25,111.94029850746267,0,0,2021,2025
LHB Harrington-Myers,International T20,9,8,75,15,90.36144578313254,0,0,2019,2022
B Isaac,International T20,11,6,75,15,70.75471698113208,0,0,2022,2024
H Khuttan,International T20,12,6,75,15,147.05882352941177,0,0,2025,2026
Mohammed Jamadar,International T20,5,5,75,15,77.31958762886599,0,0,2026,2026
Muhammad Murad,International T20,18,10,75,12.5,94.9367088607595,0,0,2021,2025
S Santhirakumaran,International T20,6,6,75,12.5,68.18181818181817,0,0,2021,2023
Sikander Billah,International T20,7,6,75,18.75,133.92857142857142,0,0,2022,2022
E Ul Haq,International T20,10,10,75,7.5,62.5,0,0,2019,2021
M Vivekanandan,International T20,13,12,75,6.25,47.16981132075472,0,0,2024,2024
Zain Asif,International T20,4,3,75,25,159.5744680851064,0,0,2023,2023
Rehan Ahmed,International T20,14,9,74,14.8,142.30769230769232,0,0,2023,2026
Asad Mahmood,International T20,16,9,74,9.25,104.22535211267605,0,0,2021,2025
NJ Astle,International T20,4,4,74,24.666666666666668,110.44776119402985,0,0,2005,2006
AR Berenger,International T20,4,4,74,18.5,137.03703703703704,0,0,2021,2021
JN Dorji,International T20,9,9,74,8.222222222222221,76.28865979381443,0,0,2019,2024
P Hatchman,International T20,13,10,74,9.25,88.09523809523809,0,0,2021,2023
Hirenkumar Patel,International T20,4,4,74,18.5,90.2439024390244,0,0,2019,2019
Javid Patel,International T20,16,15,74,5.285714285714286,67.27272727272727,0,0,2025,2026
J Masquater,International T20,6,6,74,12.333333333333334,70.47619047619048,0,0,2024,2024
Myat Thu Aung,International T20,22,12,74,10.571428571428571,47.13375796178344,0,0,2023,2025
KO Otieno,International T20,4,4,74,18.5,93.67088607594937,0,0,2008,2008
Sapan Mehta,International T20,5,5,74,14.8,90.2439024390244,0,0,2022,2022
Ashwin Vinod,International T20,33,15,73,12.166666666666666,101.38888888888889,0,0,2021,2026
NT Broom,International T20,11,7,73,12.166666666666666,107.35294117647058,0,0,2009,2017
Khurram Khan,International T20,3,3,73,24.333333333333332,100,0,0,2014,2014
Madhawa Basnayaka,International T20,9,7,73,14.6,119.67213114754098,0,0,2025,2026
Shadreck Malama,International T20,5,5,73,14.6,107.35294117647058,0,0,2026,2026
AM Oyede,International T20,8,8,73,10.428571428571429,70.1923076923077,0,0,2019,2019
Bilal Safdar,International T20,9,8,73,12.166666666666666,84.88372093023256,0,0,2021,2022
LA Simango,International T20,21,12,73,12.166666666666666,73.73737373737373,0,0,2019,2022
AJ Strauss,International T20,4,4,73,18.25,114.0625,0,0,2005,2009
RA Thomas,International T20,8,8,73,10.428571428571429,76.84210526315789,0,0,2019,2019
Yousef Shadzehisarjou,International T20,3,3,73,24.333333333333332,68.86792452830188,0,0,2020,2020
S Bangera,International T20,13,11,72,6.545454545454546,72.72727272727273,0,0,2022,2026
AA Banner,International T20,11,8,72,9,102.85714285714285,0,0,2019,2026
Delroy Leo,International T20,7,6,72,12,81.81818181818183,0,0,2024,2026
Farhad Reza,International T20,13,9,72,8,81.81818181818183,0,0,2006,2014
Hassan Khan,International T20,6,6,72,18,118.0327868852459,0,1,2025,2025
OJ Herrington,International T20,7,5,72,18,102.85714285714285,0,0,2025,2025
NR Johns-Wickberg,International T20,19,11,72,10.285714285714286,75.78947368421053,0,0,2021,2023
PE Kruger,International T20,7,5,72,18,120,0,0,2024,2024
JE Marks,International T20,7,6,72,12,93.5064935064935,0,0,2026,2026
Mohmedazim Abbasbhai,International T20,7,6,72,12,96,0,0,2025,2025
KV Morea,International T20,26,16,72,10.285714285714286,102.85714285714285,0,0,2021,2026
S Samal,International T20,8,5,72,14.4,114.28571428571428,0,0,2021,2021
SK Springer,International T20,7,5,72,24,141.1764705882353,0,0,2024,2026
AS Wright,International T20,8,7,72,10.285714285714286,85.71428571428571,0,0,2019,2019
Abdul Stanikzai,International T20,5,5,71,14.2,80.68181818181817,0,0,2022,2022
Anas Khan,International T20,29,11,71,8.875,80.68181818181817,0,0,2014,2026
AG Cremer,International T20,36,21,71,5.071428571428571,63.39285714285714,0,0,2008,2026
MT Diaby,International T20,10,9,71,7.888888888888889,63.96396396396396,0,0,2022,2023
Izhar Hussain,International T20,7,5,71,17.75,80.68181818181817,0,0,2023,2026
MO Kain,International T20,7,6,71,14.2,142,0,0,2021,2022
Kapil Kumar,International T20,6,6,71,11.833333333333334,65.13761467889908,0,0,2022,2023
A Nanda,International T20,34,15,71,6.454545454545454,92.20779220779221,0,0,2019,2025
Shamsullah Ehsan,International T20,8,8,71,8.875,72.44897959183673,0,0,2022,2024
Vichanath Singh,International T20,15,11,71,7.888888888888889,60.16949152542372,0,0,2019,2023
Ansh Tandon,International T20,9,7,70,11.666666666666666,118.64406779661016,0,0,2020,2023
Awais Zia,International T20,5,5,70,14,87.5,0,0,2012,2014
Deng Jinqi,International T20,8,7,70,11.666666666666666,57.377049180327866,0,0,2023,2026
Gaurav Mishra,International T20,12,6,70,17.5,114.75409836065573,0,0,2022,2023
Khuzaima Tanveer,International T20,5,3,70,35,205.88235294117646,0,1,2026,2026
DAM Louis,International T20,14,9,70,11.666666666666666,107.6923076923077,0,0,2025,2026
Muhammad Naeem,International T20,9,8,70,10,87.5,0,0,2025,2025
FF Mulivai,International T20,4,4,70,17.5,189.1891891891892,0,0,2019,2019
Sikander Zulfiqar,International T20,12,9,70,8.75,98.59154929577466,0,0,2016,2025
VA Singh,International T20,8,8,70,10,66.66666666666666,0,0,2024,2024
K Sonavale,International T20,6,6,70,11.666666666666666,95.8904109589041,0,0,2024,2026
Syed Ahzamul Haq,International T20,4,4,70,70,109.375,0,1,2026,2026
Yusuf Bhoola,International T20,9,9,70,8.75,70,0,0,2021,2026
Abubacarr Kuyateh,International T20,11,11,69,6.2727272727272725,64.48598130841121,0,0,2022,2024
T Amarmend,International T20,13,12,69,6.2727272727272725,43.94904458598726,0,0,2024,2024
TL Cutler,International T20,14,8,69,13.8,106.15384615384616,0,0,2024,2026
Hafez Farooq,International T20,4,4,69,17.25,102.98507462686568,0,0,2019,2019
C Hauptfleisch,International T20,5,5,69,13.8,81.17647058823529,0,0,2019,2019
Ibrarul Haq,International T20,5,4,69,17.25,146.80851063829786,0,0,2019,2019
SM Katich,International T20,3,2,69,34.5,146.80851063829786,0,0,2005,2006
J Linton,International T20,3,3,69,23,77.52808988764045,0,0,2022,2022
GBW Munaweera,International T20,29,12,69,17.25,121.05263157894737,0,0,2019,2024
A Nagarajan,International T20,8,6,69,13.8,89.6103896103896,0,0,2024,2025
OE Newey,International T20,10,7,69,11.5,87.34177215189874,0,0,2019,2022
Raihan Hossain,International T20,8,8,69,8.625,53.90625,0,0,2025,2025
TB Sole,International T20,9,6,69,17.25,160.46511627906978,0,0,2019,2019
SN Thakur,International T20,25,6,69,23,181.57894736842107,0,0,2018,2022
J Umanath,International T20,9,8,69,9.857142857142858,86.25,0,0,2019,2025
Zafer Durmaz,International T20,8,8,69,9.857142857142858,123.21428571428572,0,0,2022,2025
JD Baker,International T20,10,8,68,22.666666666666668,109.6774193548387,0,0,2019,2022
T Brown,International T20,10,9,68,8.5,55.28455284552846,0,0,2023,2026
Dawlat Zadran,International T20,34,17,68,7.555555555555555,161.9047619047619,0,0,2012,2019
TM Dowlin,International T20,2,2,68,68,98.55072463768117,0,0,2009,2010
OC McCoy,International T20,43,14,68,9.714285714285714,101.49253731343283,0,0,2019,2025
Nazmus Sakib,International T20,7,7,68,13.6,123.63636363636363,0,0,2024,2026
AAA Patel,International T20,8,7,68,9.714285714285714,83.9506172839506,0,0,2021,2022
JNT Vare,International T20,8,7,68,9.714285714285714,95.77464788732394,0,0,2015,2017
C Viljoen,International T20,12,7,68,17,97.14285714285714,0,0,2019,2019
KA Vimlesh,International T20,6,6,68,34,95.77464788732394,0,0,2023,2025
AN Aminou,International T20,23,17,67,4.466666666666667,90.54054054054053,0,0,2022,2026
LR Gaonkar,International T20,6,6,67,11.166666666666666,83.75,0,0,2023,2025
B Keganne,International T20,10,6,67,13.4,75.28089887640449,0,0,2025,2026
B Kumar,International T20,87,21,67,8.375,71.27659574468085,0,0,2012,2022
A McKnight (),International T20,2,2,67,33.5,90.54054054054053,0,0,2025,2025
Meet Ahir,International T20,4,4,67,33.5,98.52941176470588,0,0,2025,2025
LG Moras,International T20,19,12,67,6.7,65.0485436893204,0,0,2025,2026
Muhammad Zafar Khan,International T20,5,5,67,22.333333333333332,121.81818181818183,0,0,2024,2024
Muhammad Wafiq,International T20,42,19,67,6.090909090909091,79.76190476190477,0,0,2019,2026
Nazril Rahman,International T20,13,8,67,11.166666666666666,98.52941176470588,0,0,2019,2022
V Veiqravi,International T20,6,6,67,11.166666666666666,81.70731707317073,0,0,2026,2026
Zong Yuechao,International T20,10,9,67,9.571428571428571,53.6,0,0,2023,2026
Abraash Khan,International T20,7,4,66,16.5,110.00000000000001,0,0,2019,2019
Ahmad Khalid Ahmadzai,International T20,12,10,66,9.428571428571429,146.66666666666666,0,0,2022,2026
TV Badri Narayanan,International T20,10,10,66,8.25,51.96850393700787,0,0,2025,2026
AK Gokoel,International T20,13,10,66,8.25,56.41025641025641,0,0,2024,2026
J Kila,International T20,17,9,66,13.2,143.47826086956522,0,0,2019,2025
E Kubwimana,International T20,42,25,66,4.4,54.09836065573771,0,0,2022,2026
Rhys Burinaga,International T20,14,12,66,6.6,75.86206896551724,0,0,2024,2025
A Sarma,International T20,5,4,66,16.5,85.71428571428571,0,0,2019,2021
Chen Zhuo Yue,International T20,13,13,65,6.5,61.32075471698113,0,0,2023,2026
A Dananjaya,International T20,33,16,65,8.125,90.27777777777779,0,0,2012,2024
Iqbal Hussain,International T20,26,11,65,10.833333333333334,108.33333333333333,0,0,2019,2021
B Mavuta,International T20,13,10,65,16.25,127.45098039215685,0,0,2018,2024
Mohammad Amir,International T20,62,17,65,7.222222222222222,85.52631578947368,0,0,2009,2024
Mohamed Mahfooz,International T20,15,9,65,9.285714285714286,73.86363636363636,0,0,2019,2021
Muhammad Adil,International T20,3,2,65,32.5,209.6774193548387,0,0,2026,2026
B Muzarabani,International T20,99,34,65,3.4210526315789473,69.14893617021278,0,0,2018,2026
Nawazish Akhtar,International T20,11,8,65,16.25,94.20289855072464,0,0,2024,2025
Ravi Bishnoi,International T20,54,15,65,9.285714285714286,125,0,0,2022,2026
Rupesh Singh,International T20,4,3,65,32.5,151.1627906976744,0,0,2025,2025
Shariz Ahmad,International T20,14,7,65,13,103.17460317460319,0,0,2022,2025
Shoaib Khan jnr,International T20,4,4,65,16.25,87.83783783783784,0,1,2008,2008
DPS Tyagi,International T20,12,10,65,10.833333333333334,114.03508771929825,0,0,2025,2026
Vishal Sharma,International T20,9,8,65,8.125,69.14893617021278,0,0,2025,2025
Zakria Atiq Butt,International T20,5,5,65,13,114.03508771929825,0,1,2026,2026
Abdullah Shafique,International T20,6,6,64,12.8,120.75471698113208,0,0,2020,2023
M Akhigbe,International T20,9,8,64,10.666666666666666,104.91803278688525,0,0,2024,2026
SSD Arachchige,International T20,3,3,64,21.333333333333332,86.48648648648648,0,0,2023,2026
SK Atai,International T20,18,12,64,7.111111111111111,106.66666666666667,0,0,2019,2022
M Bhanuka,International T20,5,4,64,16,96.96969696969697,0,0,2019,2021
TK Curran,International T20,30,13,64,10.666666666666666,114.28571428571428,0,0,2017,2021
EN Gay,International T20,3,3,64,21.333333333333332,213.33333333333334,0,1,2025,2025
RM Haq,International T20,21,12,64,12.8,66.66666666666666,0,0,2007,2013
DP Hyatt,International T20,5,5,64,16,118.5185185185185,0,0,2011,2012
JS Iggo,International T20,6,6,64,10.666666666666666,81.0126582278481,0,0,2025,2025
Imran Khan,International T20,10,8,64,9.142857142857142,104.91803278688525,0,0,2019,2024
Irshad Mubbashar,International T20,5,4,64,16,85.33333333333334,0,0,2022,2022
Kashif Abbas,International T20,6,6,64,10.666666666666666,110.34482758620689,0,0,2023,2024
WB Rankin,International T20,50,15,64,9.142857142857142,86.48648648648648,0,0,2009,2020
DJ Reekers,International T20,6,5,64,12.8,130.6122448979592,0,0,2008,2009
Sadeeq Khan,International T20,3,3,64,32,152.38095238095238,0,0,2019,2019
D Sheeli,International T20,7,7,64,9.142857142857142,106.66666666666667,0,0,2019,2023
S Shermatov,International T20,4,4,64,16,100,0,1,2026,2026
Sultan Ahmed,International T20,25,16,64,5.818181818181818,95.52238805970148,0,0,2017,2022
CR Suryawanshi,International T20,5,4,64,16,128,0,1,2019,2023
Usman Waheed,International T20,6,4,64,21.333333333333332,104.91803278688525,0,0,2019,2019
J Wilson,International T20,11,5,64,21.333333333333332,152.38095238095238,0,0,2025,2026
MP Biddappa,International T20,7,5,63,15.75,62.37623762376238,0,0,2019,2022
KD Clarke,International T20,4,4,63,15.75,131.25,0,1,2026,2026
BJ Dwarshuis,International T20,15,11,63,7.875,79.74683544303798,0,0,2022,2026
F Hand,International T20,14,10,63,9,131.25,0,0,2022,2025
Imran Ismail,International T20,7,7,63,9,108.62068965517241,0,0,2019,2019
P Kotoisuva,International T20,10,9,63,9,121.15384615384615,0,0,2023,2024
S Murari,International T20,18,14,63,5.7272727272727275,73.25581395348837,0,0,2019,2026
J Reb,International T20,8,8,63,7.875,75.90361445783132,0,0,2019,2023
EB Ringera,International T20,35,14,63,6.3,85.13513513513513,0,0,2019,2024
Shahzeb Afridi,International T20,5,5,63,31.5,175,0,0,2026,2026
Sharafuddin Ashraf,International T20,23,13,63,10.5,94.02985074626866,0,0,2015,2025
Zakir Husain Patel,International T20,6,5,63,21,123.52941176470588,0,0,2026,2026
RD Atangana,International T20,20,16,62,5.636363636363637,59.04761904761905,0,0,2022,2026
S Bharratt,International T20,6,6,62,12.4,84.93150684931507,0,0,2026,2026
MD du Preez,International T20,3,2,62,Inf,106.89655172413792,0,0,2021,2021
Hassan Khan Mohammad,International T20,12,7,62,15.5,75.60975609756098,0,0,2020,2026
K Joshi,International T20,8,5,62,20.666666666666668,89.85507246376811,0,0,2019,2021
N Krishna,International T20,18,13,62,6.2,65.95744680851064,0,0,2021,2024
S Kushretha,International T20,13,8,62,8.857142857142858,75.60975609756098,0,0,2020,2024
Naseem Shah,International T20,37,14,62,6.888888888888889,108.77192982456141,0,0,2022,2026
DK Pallekonda,International T20,17,14,62,6.888888888888889,68.88888888888889,0,0,2022,2026
GH Smit,International T20,3,3,62,20.666666666666668,108.77192982456141,0,1,2023,2023
Zaker Taqawi,International T20,16,12,62,7.75,63.26530612244898,0,0,2022,2024
Aliya Kamara,International T20,9,7,61,8.714285714285714,105.17241379310344,0,0,2026,2026
AN Cook,International T20,4,4,61,15.25,112.96296296296295,0,0,2007,2009
Ghulam Ahmadi,International T20,52,19,61,20.333333333333332,100,0,0,2021,2026
S Gulecha,International T20,7,7,61,8.714285714285714,110.9090909090909,0,0,2025,2026
CA Keita,International T20,18,15,61,4.066666666666666,55.45454545454545,0,0,2022,2026
PD McGlashan,International T20,11,9,61,7.625,95.3125,0,0,2006,2010
Mien Mehmood,International T20,7,7,61,8.714285714285714,88.40579710144928,0,0,2019,2021
M Mooketsi,International T20,64,24,61,3.588235294117647,48.8,0,0,2019,2026
Muhammad Babar,International T20,2,2,61,30.5,174.28571428571428,0,0,2024,2024
Naveena Shetty,International T20,12,10,61,8.714285714285714,141.86046511627907,0,0,2025,2025
A Sathya,International T20,3,3,61,20.333333333333332,100,0,0,2019,2019
K Senamontree,International T20,30,18,61,4.357142857142857,58.65384615384615,0,0,2019,2026
OE Taylor,International T20,17,10,61,7.625,58.65384615384615,0,0,2024,2026
C Zavoiu,International T20,21,10,61,8.714285714285714,67.77777777777779,0,0,2019,2023
Arafat Minhas,International T20,6,3,60,30,107.14285714285714,0,0,2023,2026
DE Budge,International T20,8,6,60,15,96.7741935483871,0,0,2018,2021
M Cohen,International T20,3,3,60,30,100,0,0,2022,2022
JWM Dalrymple,International T20,3,3,60,20,105.26315789473684,0,0,2006,2007
D Dewald,International T20,10,6,60,10,70.58823529411765,0,0,2024,2024
SG Diaby,International T20,15,12,60,7.5,93.75,0,0,2022,2026
Eranga De Silva,International T20,8,5,60,20,133.33333333333331,0,0,2026,2026
LA Goncalves,International T20,12,8,60,10,101.69491525423729,0,0,2026,2026
Haider Ali,International T20,31,13,60,6,103.44827586206897,0,0,2025,2026
Ibrar Ahmad,International T20,8,7,60,12,146.34146341463415,0,0,2025,2026
B Ivanov,International T20,11,7,60,20,60.60606060606061,0,0,2019,2024
MR Kumar,International T20,6,6,60,12,90.9090909090909,0,0,2025,2026
M Kyriacou,International T20,6,5,60,20,75.9493670886076,0,0,2021,2021
Mohammad Adnan,International T20,5,3,60,Inf,193.5483870967742,0,0,2019,2019
Mominul Haque,International T20,6,4,60,20,120,0,0,2012,2014
Muhammad Ajmal,International T20,14,8,60,8.571428571428571,88.23529411764706,0,0,2025,2026
P Mustard,International T20,2,2,60,30,162.16216216216216,0,0,2008,2008
Nikhil,International T20,4,4,60,20,105.26315789473684,0,0,2026,2026
Patrick Nou,International T20,8,8,60,10,103.44827586206897,0,0,2025,2026
Sherul Mehta,International T20,3,3,60,20,67.41573033707866,0,0,2020,2021
ACF Stokes,International T20,21,12,60,6,86.95652173913044,0,0,2019,2025
Zeeshan Siddiqui,International T20,5,5,60,15,95.23809523809523,0,0,2015,2015
P Abanda,International T20,13,12,59,4.916666666666667,55.660377358490564,0,0,2021,2022
Ariful Haque,International T20,9,8,59,14.75,96.72131147540983,0,0,2018,2018
VF Bomnyuy,International T20,11,9,59,11.8,71.95121951219512,0,0,2024,2026
Faisal Safi,International T20,5,5,59,11.8,105.35714285714286,0,0,2025,2026
DR Flynn,International T20,5,5,59,11.8,115.68627450980394,0,0,2008,2012
JM Iradukunda,International T20,18,9,59,7.375,113.46153846153845,0,0,2023,2026
Ishtiaq Ahmad,International T20,51,14,59,7.375,137.2093023255814,0,0,2021,2025
V Jayant,International T20,10,7,59,8.428571428571429,64.13043478260869,0,0,2022,2024
Kamrul Hasan,International T20,3,3,59,19.666666666666668,131.11111111111111,0,0,2025,2025
FA Klokker,International T20,13,7,59,29.5,103.50877192982458,0,0,2021,2022
Mandeep Singh,International T20,5,4,59,19.666666666666668,109.25925925925925,0,0,2024,2024
L Ngidi,International T20,64,18,59,11.8,81.94444444444444,0,0,2017,2026
AK Perera,International T20,6,5,59,11.8,90.76923076923077,0,0,2013,2019
JS Pita,International T20,3,3,59,19.666666666666668,107.27272727272728,0,0,2023,2023
PS Roberts,International T20,4,4,59,29.5,105.35714285714286,0,0,2024,2024
Sinan Khan,International T20,8,8,59,7.375,101.72413793103448,0,0,2024,2026
DR Tawake,International T20,6,6,59,9.833333333333334,74.68354430379746,0,0,2024,2024
Aamer Ikram,International T20,4,4,58,14.5,79.45205479452055,0,0,2019,2019
Abu Hider,International T20,13,5,58,58,134.88372093023256,0,0,2016,2018
Baljit Singh,International T20,11,6,58,11.6,109.43396226415094,0,0,2019,2022
TA Boult,International T20,61,15,58,8.285714285714286,90.625,0,0,2013,2024
J Grassi,International T20,6,4,58,14.5,92.06349206349206,0,0,2021,2021
Inshaf Farook,International T20,5,5,58,14.5,90.625,0,0,2026,2026
A Langham,International T20,7,5,58,11.6,113.72549019607843,0,0,2022,2022
I Mugisha,International T20,16,10,58,8.285714285714286,107.40740740740742,0,0,2023,2026
Saghir Khan,International T20,8,7,58,11.6,152.63157894736844,0,0,2025,2025
CJO Smith,International T20,8,6,58,11.6,107.40740740740742,0,0,2007,2009
Alok Kapali,International T20,7,7,57,11.4,67.05882352941175,0,0,2007,2011
TA Dudnath,International T20,7,6,57,9.5,61.95652173913043,0,0,2024,2026
J Horrocks,International T20,23,10,57,11.4,101.78571428571428,0,0,2023,2026
Jobayer Hossen,International T20,8,6,57,14.25,74.02597402597402,0,0,2024,2026
C Jonker,International T20,2,2,57,28.5,196.55172413793102,0,0,2018,2018
A Makesh,International T20,4,2,57,57,139.02439024390242,0,1,2019,2019
Muhammad Nadeem,International T20,6,4,57,19,103.63636363636364,0,0,2026,2026
G Newton,International T20,7,4,57,57,116.3265306122449,0,0,2026,2026
MMR Obili,International T20,12,9,57,11.4,87.6923076923077,0,0,2021,2022
Ravinder Singh,International T20,7,4,57,14.25,113.99999999999999,0,0,2019,2021
Sohag Gazi,International T20,10,7,57,14.25,96.61016949152543,0,0,2012,2015
RJ Trott,International T20,21,11,57,9.5,62.637362637362635,0,0,2008,2021
S Yeshey,International T20,39,19,57,4.75,67.05882352941175,0,0,2022,2026
V Zanko,International T20,11,9,57,6.333333333333333,38,0,0,2023,2025
MJ Ansell,International T20,31,13,56,6.222222222222222,77.77777777777779,0,0,2020,2026
PL Bruno,International T20,6,5,56,14,70.88607594936708,0,0,2021,2021
J Clough,International T20,10,7,56,9.333333333333334,86.15384615384616,0,0,2022,2026
JM How,International T20,5,5,56,11.2,83.5820895522388,0,0,2007,2008
YYM Jakda,International T20,19,17,56,3.5,94.91525423728814,0,0,2021,2026
Muhaddis Muhaddis,International T20,4,3,56,18.666666666666668,100,0,0,2023,2023
MJ Ross,International T20,8,5,56,14,133.33333333333331,0,0,2019,2019
SMSM Senanayake,International T20,24,12,56,9.333333333333334,84.84848484848484,0,0,2012,2016
A Simelane,International T20,11,8,56,8,98.24561403508771,0,0,2024,2026
VN Veetil,International T20,7,4,56,28,101.81818181818181,0,1,2022,2022
S Waqas Ahmed,International T20,10,8,56,14,80,0,0,2019,2021
C Carter,International T20,10,5,55,13.75,87.3015873015873,0,0,2015,2017
N Deonarine,International T20,8,7,55,11,103.77358490566037,0,0,2010,2013
GB Hogg,International T20,15,4,55,13.75,141.02564102564102,0,0,2006,2014
KM Jarvis,International T20,22,12,55,7.857142857142857,85.9375,0,0,2011,2019
K Kato-Stafford,International T20,12,8,55,13.75,122.22222222222223,0,0,2024,2025
Nilansh Keswani,International T20,13,7,55,27.5,107.84313725490196,0,0,2023,2026
R Siriwardena,International T20,18,11,55,11,68.75,0,0,2024,2026
Sufyan Naseeb,International T20,7,6,55,9.166666666666666,141.02564102564102,0,0,2026,2026
P Vekaria,International T20,8,6,55,27.5,144.73684210526315,0,0,2021,2021
KM Venkataswamy,International T20,1,1,55,55,134.14634146341464,0,1,2022,2022
Yasir Mehmood,International T20,4,3,55,Inf,105.76923076923077,0,0,2021,2021
J Alexander,International T20,6,6,54,9,54.54545454545454,0,0,2025,2025
SE Aquilina,International T20,16,7,54,9,81.81818181818183,0,0,2019,2021
Arsalan Ahmed,International T20,7,5,54,10.8,114.89361702127661,0,0,2019,2021
J Baguma,International T20,30,12,54,9,71.05263157894737,0,0,2022,2026
HS Baidwan,International T20,17,11,54,6,103.84615384615385,0,0,2008,2013
PS Bais,International T20,34,19,54,5.4,64.28571428571429,0,0,2023,2026
V Baskaran,International T20,33,17,54,4.909090909090909,60.67415730337079,0,0,2019,2022
JW Chilia,International T20,14,7,54,18,100,0,0,2019,2019
GD Drummond,International T20,17,7,54,7.714285714285714,83.07692307692308,0,0,2008,2013
Ismaeel Zia,International T20,8,6,54,9,79.41176470588235,0,0,2022,2022
E Kahamker,International T20,4,4,54,13.5,103.84615384615385,0,0,2022,2022
Khawaja Nafay,International T20,4,4,54,13.5,154.2857142857143,0,0,2026,2026
B Khumalo,International T20,43,16,54,10.8,70.12987012987013,0,0,2019,2026
MSS Mandy,International T20,4,4,54,13.5,80.59701492537313,0,0,2019,2019
H McAleer,International T20,5,5,54,10.8,72,0,0,2024,2024
AB Mengoumou,International T20,14,10,54,6.75,36.986301369863014,0,0,2021,2026
Muhammad Burhan,International T20,11,9,54,6,117.3913043478261,0,0,2024,2025
AK Muslar,International T20,9,9,54,7.714285714285714,54.54545454545454,0,0,2019,2021
SN Pathirana,International T20,20,12,54,7.714285714285714,62.7906976744186,0,0,2021,2026
SMA Priyanjan,International T20,3,3,54,54,87.09677419354838,0,0,2017,2017
Rashid Hashmi,International T20,6,5,54,10.8,85.71428571428571,0,0,2024,2026
Serdar Burak Emir,International T20,11,10,54,5.4,83.07692307692308,0,0,2024,2026
J Thomas,International T20,9,6,54,10.8,62.7906976744186,0,0,2024,2026
Akhter Pacha Sher,International T20,3,3,53,17.666666666666668,151.42857142857142,0,1,2026,2026
Anik Ahmed,International T20,4,4,53,26.5,91.37931034482759,0,0,2022,2022
Aphsal Ashraf,International T20,5,3,53,26.5,165.625,0,0,2020,2020
R Bharathan,International T20,6,6,53,8.833333333333334,100,0,0,2025,2025
DL Chahar,International T20,25,7,53,26.5,189.28571428571428,0,0,2018,2023
Lalu Bhai Ahir,International T20,4,4,53,17.666666666666668,68.83116883116884,0,0,2026,2026
R Lungu,International T20,6,6,53,8.833333333333334,64.63414634146342,0,0,2026,2026
Mohammad Wasim (1),International T20,35,13,53,13.25,85.48387096774194,0,0,2021,2026
E Robinson,International T20,9,4,53,53,75.71428571428571,0,0,2025,2026
Sajid Patel,International T20,4,4,53,13.25,89.83050847457628,0,0,2024,2024
Sobu George,International T20,3,2,53,26.5,129.26829268292684,0,0,2025,2025
J Suleman,International T20,5,4,53,13.25,85.48387096774194,0,0,2024,2024
Usman Limbada,International T20,7,3,53,53,129.26829268292684,0,0,2010,2013
DNA Ankrah,International T20,10,8,52,7.428571428571429,69.33333333333334,0,0,2019,2026
V Dhaniram,International T20,11,5,52,17.333333333333332,101.96078431372548,0,0,2026,2026
Faisal Mehmood,International T20,5,5,52,10.4,110.63829787234043,0,0,2021,2023
GE Gutierrez Chavez,International T20,9,7,52,10.4,78.78787878787878,0,0,2024,2026
RP Magar,International T20,6,6,52,8.666666666666666,58.42696629213483,0,0,2014,2015
ML Maiava,International T20,5,3,52,17.333333333333332,104,0,0,2023,2025
Ovais Yousof,International T20,3,3,52,17.333333333333332,74.28571428571429,0,0,2019,2019
S Sankar,International T20,9,5,52,13,88.13559322033898,0,0,2024,2024
Tian Sen Qun,International T20,13,13,52,4,40.94488188976378,0,0,2023,2026
Abdullah Jasat,International T20,10,10,51,6.375,110.86956521739131,0,0,2021,2023
LT Bichard,International T20,45,10,51,10.2,79.6875,0,0,2020,2026
IS Billcliff,International T20,2,2,51,25.5,130.76923076923077,0,0,2010,2010
Elias Hasan,International T20,11,9,51,8.5,98.07692307692307,0,0,2022,2025
TGJ Gruijters,International T20,8,5,51,25.5,108.51063829787233,0,0,2012,2013
Huang Junjie,International T20,7,7,51,7.285714285714286,40.476190476190474,0,0,2024,2024
D Jansen,International T20,4,3,51,Inf,145.7142857142857,0,0,2026,2026
Junaid Siddiqui,International T20,22,8,51,10.2,113.33333333333333,0,0,2012,2024
Kaleem Sana,International T20,45,9,51,12.75,94.44444444444444,0,0,2022,2026
Kuldeep Gurjar,International T20,18,10,51,5.1,57.95454545454546,0,0,2022,2026
JM Polarouthu,International T20,5,5,51,17,79.6875,0,0,2025,2025
P Pustoslemsek,International T20,6,6,51,8.5,64.55696202531645,0,0,2022,2025
Raqibul Hasan,International T20,5,5,51,10.2,82.25806451612904,0,0,2008,2010
Sohail Ahmad,International T20,9,6,51,8.5,98.07692307692307,0,0,2022,2023
DC Thomas,International T20,12,8,51,8.5,94.44444444444444,0,0,2009,2022
GY Tomar,International T20,2,2,51,25.5,113.33333333333333,0,0,2025,2025
HA Varaiya,International T20,25,12,51,51,62.96296296296296,0,0,2007,2013
BA Viraliliu,International T20,4,3,51,17,106.25,0,0,2023,2026
Zhuang Zelin,International T20,11,11,51,5.1,55.434782608695656,0,0,2023,2024
SA Abbott,International T20,29,13,50,7.142857142857143,102.04081632653062,0,0,2014,2026
Andre Jarju,International T20,11,11,50,6.25,45.87155963302752,0,0,2022,2024
Z Arinaitwe,International T20,6,6,50,8.333333333333334,83.33333333333334,0,0,2019,2020
T Filer,International T20,5,5,50,10,90.9090909090909,0,0,2021,2021
Hamid Hassan,International T20,25,9,50,16.666666666666668,108.69565217391303,0,0,2010,2021
K Hardat,International T20,7,7,50,8.333333333333334,87.71929824561403,0,0,2024,2024
Hasan Mahmud,International T20,26,9,50,25,98.0392156862745,0,0,2020,2025
AA Hawoe,International T20,19,9,50,10,151.5151515151515,0,0,2024,2026
Iftekar Jaman,International T20,5,4,50,16.666666666666668,138.88888888888889,0,0,2021,2022
PEA Karunarathna,International T20,9,6,50,12.5,131.57894736842107,0,0,2026,2026
K Klein,International T20,20,11,50,6.25,78.125,0,0,2024,2026
Md Nurul Huda,International T20,5,4,50,25,156.25,0,0,2019,2019
Mohammad Bhaidu,International T20,7,6,50,8.333333333333334,64.93506493506493,0,0,2025,2025
Mohammad Yousuf,International T20,3,3,50,16.666666666666668,116.27906976744187,0,0,2006,2010
Qateel Zabiullah,International T20,3,3,50,16.666666666666668,185.1851851851852,0,0,2025,2025
J Salazar,International T20,5,5,50,12.5,83.33333333333334,0,0,2019,2026
Waqas Ali,International T20,7,5,50,10,78.125,0,0,2019,2024
Zain Muzaffar,International T20,11,7,50,25,138.88888888888889,0,0,2026,2026
U Bhatti,International T20,7,7,49,12.25,102.08333333333333,0,0,2008,2010
TL Chatara,International T20,60,16,49,8.166666666666666,63.63636363636363,0,0,2010,2024
S Chilemanya,International T20,8,8,49,6.125,71.01449275362319,0,0,2025,2026
KA Jadhav,International T20,6,6,49,9.8,49.494949494949495,0,0,2022,2023
CU Jayasinghe,International T20,5,3,49,49,100,0,0,2009,2010
Jubaid Ahamed,International T20,9,8,49,9.8,106.5217391304348,0,0,2021,2022
Kamran Wahid,International T20,12,10,49,6.125,85.96491228070175,0,0,2024,2026
A Khan,International T20,9,7,49,7,90.74074074074075,0,0,2009,2022
HG Kuhn,International T20,7,6,49,12.25,116.66666666666667,0,0,2009,2017
P Magafas,International T20,4,3,49,16.333333333333332,98,0,0,2022,2022
J Marples,International T20,20,8,49,9.8,80.32786885245902,0,0,2021,2024
I Master,International T20,6,6,49,9.8,96.07843137254902,0,0,2019,2022
Nanda Kumar,International T20,3,3,49,16.333333333333332,84.48275862068965,0,0,2019,2019
Naseem Khan,International T20,8,5,49,9.8,87.5,0,0,2022,2023
SD Outerbridge,International T20,3,3,49,24.5,96.07843137254902,0,0,2008,2008
Parvindar Kumar,International T20,11,5,49,12.25,122.50000000000001,0,0,2023,2024
N Pokana,International T20,31,13,49,7,79.03225806451613,0,0,2016,2024
DA Rankin,International T20,2,2,49,24.5,90.74074074074075,0,0,2015,2016
Syed Faizan Tahir,International T20,10,8,49,7,66.21621621621621,0,0,2025,2025
B van Zyl,International T20,8,5,49,9.8,108.88888888888889,0,0,2026,2026
K Weeraratne,International T20,5,5,49,16.333333333333332,108.88888888888889,0,0,2008,2009
Ajin Soman,International T20,9,5,48,9.6,126.3157894736842,0,0,2026,2026
Hashmatullah Shahidi,International T20,6,4,48,24,87.27272727272727,0,0,2013,2022
Ibrahim Kpaka,International T20,12,10,48,4.8,73.84615384615385,0,0,2025,2026
FJ Klaassen,International T20,41,16,48,4.363636363636363,81.35593220338984,0,0,2018,2026
Kuldeep Yadav,International T20,54,10,48,8,67.6056338028169,0,0,2017,2026
Maqsood Ahmad,International T20,6,5,48,12,97.95918367346938,0,0,2021,2022
A Modi,International T20,7,6,48,9.6,61.53846153846154,0,0,2022,2022
Muhammad Nadeem,International T20,5,3,48,16,97.95918367346938,0,0,2019,2019
MIA Patel,International T20,3,2,48,48,109.09090909090908,0,0,2019,2019
AJ Prajapati,International T20,6,6,48,8,55.81395348837209,0,0,2026,2026
Qalandar Khan,International T20,4,3,48,16,111.62790697674419,0,0,2019,2019
KB Ahir,International T20,15,9,48,Inf,94.11764705882352,0,0,2019,2023
L Shafeeg,International T20,25,11,48,8,77.41935483870968,0,0,2019,2024
S Shrivastava,International T20,20,7,48,24,87.27272727272727,0,0,2022,2025
C Zhuwao,International T20,7,7,48,6.857142857142857,72.72727272727273,0,0,2008,2018
Abdul Majid,International T20,82,20,47,5.875,53.40909090909091,0,0,2023,2026
R Athapaththu,International T20,7,5,47,Inf,151.61290322580646,0,0,2023,2024
C Chete,International T20,32,13,47,3.9166666666666665,72.3076923076923,0,0,2019,2026
K Gore,International T20,9,3,47,23.5,167.85714285714286,0,0,2019,2025
S Guruvayoorappan,International T20,9,5,47,11.75,65.27777777777779,0,0,2023,2026
MJ Henry,International T20,43,14,47,5.875,94,0,0,2014,2026
IG Holland,International T20,6,3,47,23.5,90.38461538461539,0,0,2021,2021
M Iturbe,International T20,16,8,47,6.714285714285714,72.3076923076923,0,0,2023,2026
H Ivanov,International T20,13,8,47,6.714285714285714,92.15686274509804,0,0,2019,2021
Kabir Berlia,International T20,6,5,47,15.666666666666666,146.875,0,0,2025,2025
Nangeyalia Khan,International T20,9,7,47,23.5,102.17391304347827,0,0,2024,2026
C Sridev,International T20,6,5,47,11.75,81.03448275862068,0,0,2025,2025
TS Waqavakatoga,International T20,10,8,47,9.4,102.17391304347827,0,0,2022,2024
D Weston,International T20,6,6,47,7.833333333333333,87.03703703703704,0,0,2019,2019
Zahid Khan,International T20,10,8,47,5.875,77.04918032786885,0,0,2021,2022
Zeeshan Goraya,International T20,12,6,47,7.833333333333333,90.38461538461539,0,0,2025,2026
NN Banner,International T20,13,10,46,9.2,67.64705882352942,0,0,2021,2026
CA Brown,International T20,4,4,46,11.5,75.40983606557377,0,0,2021,2021
BA Carse,International T20,14,8,46,9.2,124.32432432432432,0,0,2023,2025
M Cope,International T20,14,9,46,11.5,88.46153846153845,0,0,2019,2026
KM Dabengwa,International T20,8,7,46,11.5,114.99999999999999,0,0,2006,2010
MS Diakite,International T20,13,13,46,3.5384615384615383,55.42168674698795,0,0,2022,2026
AHT Donald,International T20,3,3,46,15.333333333333334,191.66666666666669,0,0,2026,2026
K Gupta,International T20,4,4,46,15.333333333333334,71.875,0,0,2019,2019
JW Hastings,International T20,9,6,46,11.5,124.32432432432432,0,0,2010,2016
MM Iqbal,International T20,6,3,46,15.333333333333334,102.22222222222221,0,0,2012,2013
Nay Lin Htun,International T20,17,14,46,5.111111111111111,68.65671641791045,0,0,2023,2025
Omar Hussain,International T20,9,9,46,5.75,73.01587301587301,0,0,2021,2024
RA Reifer,International T20,3,2,46,23,112.19512195121952,0,0,2022,2023
K Shivam,International T20,12,9,46,5.75,39.31623931623932,0,0,2024,2026
JJ van der Wath,International T20,8,4,46,15.333333333333334,117.94871794871796,0,0,2006,2007
GJ van Rensburg,International T20,4,4,46,11.5,60.526315789473685,0,0,2024,2024
Abdullah Shahid,International T20,3,3,45,15,80.35714285714286,0,0,2022,2022
S Ateak,International T20,3,3,45,15,93.75,0,0,2019,2019
JD Bhatt,International T20,4,3,45,15,121.62162162162163,0,0,2026,2026
Brima Ansumana,International T20,10,6,45,7.5,56.9620253164557,0,0,2025,2026
Craig Cachopa,International T20,3,3,45,22.5,93.75,0,0,2026,2026
A Conteh,International T20,9,8,45,5.625,55.55555555555556,0,0,2022,2023
L Gregory,International T20,9,7,45,7.5,109.75609756097562,0,0,2019,2021
Haseeb Amjad,International T20,18,10,45,11.25,100,0,0,2014,2016
MG Hunter,International T20,4,3,45,15,73.77049180327869,0,0,2019,2019
J Jojo,International T20,13,8,45,11.25,136.36363636363635,0,0,2019,2022
TE Kane,International T20,9,4,45,15,132.35294117647058,0,0,2015,2023
O Lutbayar,International T20,14,13,45,3.4615384615384617,52.94117647058824,0,0,2023,2024
NJ Maddinson,International T20,6,4,45,11.25,128.57142857142858,0,0,2013,2018
Z Makadji,International T20,14,13,45,3.75,63.38028169014085,0,0,2022,2026
LF Mavume,International T20,12,6,45,11.25,54.21686746987952,0,0,2022,2025
JWN Moses,International T20,7,6,45,7.5,90,0,0,2019,2021
FJ Mpegna,International T20,18,14,45,4.5,54.21686746987952,0,0,2021,2026
Muhammad Usman,International T20,5,4,45,11.25,112.5,0,0,2025,2025
AR Odedara,International T20,8,8,45,5.625,71.42857142857143,0,0,2024,2026
JA Richardson,International T20,18,8,45,15,88.23529411764706,0,0,2017,2022
Saif Ullah,International T20,4,4,45,11.25,118.42105263157893,0,0,2026,2026
Atif Kamal,International T20,15,10,44,5.5,75.86206896551724,0,0,2019,2022
Atif Mehmood,International T20,33,8,44,14.666666666666666,97.77777777777777,0,0,2019,2026
M Badenhorst,International T20,11,8,44,8.8,77.19298245614034,0,0,2023,2024
JR Cope,International T20,6,3,44,Inf,88,0,0,2026,2026
JM Davison,International T20,5,5,44,8.8,110.00000000000001,0,0,2008,2010
R Galgalikar,International T20,6,6,44,7.333333333333333,67.6923076923077,0,0,2024,2026
G Ganbold,International T20,13,13,44,3.6666666666666665,36.36363636363637,0,0,2024,2024
JS Henriksen,International T20,5,4,44,14.666666666666666,100,0,0,2023,2024
JAM Henri,International T20,15,6,44,8.8,115.78947368421053,0,0,2024,2026
Ismat Ullah,International T20,4,4,44,11,93.61702127659575,0,0,2019,2019
Mohammad Ghazanfar,International T20,40,15,44,6.285714285714286,65.67164179104478,0,0,2019,2026
Naveen-ul-Haq,International T20,48,14,44,4.888888888888889,67.6923076923077,0,0,2019,2024
RJ Pierre,International T20,8,8,44,7.333333333333333,73.33333333333333,0,0,2024,2024
Rohit Limbu,International T20,4,4,44,11,61.111111111111114,0,0,2025,2025
Saad Nasim,International T20,3,2,44,22,83.01886792452831,0,0,2014,2014
S Sarthak,International T20,9,4,44,14.666666666666666,112.82051282051282,0,0,2024,2025
CJ Stamp,International T20,8,5,44,22,86.27450980392157,0,0,2025,2026
P Arrighi,International T20,8,6,43,7.166666666666667,55.84415584415584,0,0,2019,2023
S Badree,International T20,52,16,43,7.166666666666667,66.15384615384615,0,0,2012,2018
S Badrinath,International T20,1,1,43,43,116.21621621621621,0,0,2011,2011
TS Chisoro,International T20,14,7,43,10.75,91.48936170212765,0,0,2015,2020
D Ebersohn,International T20,8,7,43,8.6,66.15384615384615,0,0,2026,2026
B Fernando,International T20,26,9,43,8.6,86,0,0,2015,2026
J Gumbie,International T20,3,3,43,14.333333333333334,82.6923076923077,0,0,2024,2024
A Harris,International T20,22,15,43,5.375,75.43859649122807,0,0,2021,2025
D Johnson,International T20,6,6,43,7.166666666666667,43.87755102040816,0,0,2025,2025
S Joseph,International T20,25,8,43,43,153.57142857142858,0,0,2024,2026
L Karlsson,International T20,16,7,43,8.6,95.55555555555556,0,0,2021,2022
NO Miller,International T20,9,5,43,43,91.48936170212765,0,0,2009,2014
Muzaffar Shiralkar,International T20,6,6,43,7.166666666666667,95.55555555555556,0,0,2026,2026
J Perman,International T20,7,4,43,14.333333333333334,119.44444444444444,0,0,2019,2021
DV Varghese,International T20,31,11,43,7.166666666666667,68.25396825396825,0,0,2020,2023
M Worndl,International T20,5,5,43,10.75,48.31460674157304,0,0,2024,2024
Abdullah Rana,International T20,8,5,42,10.5,155.55555555555557,0,0,2023,2024
Abdul Jalil,International T20,5,4,42,14,67.74193548387096,0,0,2026,2026
Amjad Ali,International T20,5,5,42,10.5,80.76923076923077,0,0,2014,2015
Asad Ali Rehemtulla,International T20,16,11,42,6,76.36363636363637,0,0,2020,2022
Asim Ashraf,International T20,3,3,42,14,55.26315789473685,0,0,2024,2024
DE Burgess,International T20,16,11,42,6,51.85185185185185,0,0,2019,2026
J Chaturanga,International T20,4,4,42,10.5,100,0,0,2022,2022
A Chaudhary,International T20,5,4,42,10.5,95.45454545454545,0,0,2023,2024
SC de Oliveira,International T20,11,5,42,14,123.52941176470588,0,0,2026,2026
S Fouche,International T20,3,2,42,42,85.71428571428571,0,0,2024,2024
Gagandeep Singh,International T20,19,9,42,7,93.33333333333333,0,0,2023,2026
Harpreet Singh,International T20,5,4,42,10.5,100,0,0,2026,2026
J Hill,International T20,9,8,42,6,57.534246575342465,0,0,2019,2023
Jaikumar Thakur,International T20,7,7,42,6,53.16455696202531,0,0,2024,2025
NG Jones,International T20,5,4,42,21,110.5263157894737,0,0,2010,2012
SF Mangoda,International T20,5,5,42,8.4,113.51351351351352,0,0,2026,2026
D Marks,International T20,19,8,42,14,89.36170212765957,0,0,2019,2025
SN Netravalkar,International T20,44,10,42,7,89.36170212765957,0,0,2019,2026
Numan Yousuf,International T20,2,2,42,21,127.27272727272727,0,0,2026,2026
LE Plunkett,International T20,22,11,42,6,123.52941176470588,0,0,2006,2019
T Rapi,International T20,3,3,42,14,123.52941176470588,0,0,2023,2023
AT Rayudu,International T20,6,5,42,10.5,84,0,0,2014,2016
CR Richards,International T20,16,12,42,4.2,68.85245901639344,0,0,2022,2026
M Sert,International T20,4,4,42,14,71.1864406779661,0,0,2019,2019
Sheraz Sarwari,International T20,10,7,42,8.4,135.48387096774192,0,0,2025,2026
SD Valjalo,International T20,5,5,42,10.5,77.77777777777779,0,0,2022,2022
KY Wilfried,International T20,10,10,42,4.2,24.705882352941178,0,0,2024,2026
Abdur Razzak,International T20,34,20,41,4.1,55.4054054054054,0,0,2006,2014
Ali Mohammadipour,International T20,3,3,41,20.5,93.18181818181817,0,0,2020,2020
P Baghel,International T20,3,3,41,13.666666666666666,77.35849056603774,0,0,2025,2025
ML Bojang,International T20,8,8,41,5.125,67.21311475409836,0,0,2022,2023
S Browne,International T20,4,4,41,10.25,83.6734693877551,0,0,2020,2020
DK Dahyabhai Ahir,International T20,11,7,41,10.25,73.21428571428571,0,0,2019,2026
P Dhiman,International T20,4,4,41,10.25,74.54545454545455,0,0,2022,2022
Ijaz Ahmad Ahmadzai,International T20,4,4,41,10.25,80.3921568627451,0,0,2024,2025
E Jabarkhel,International T20,11,8,41,6.833333333333333,89.13043478260869,0,0,2023,2026
K Jethi,International T20,5,5,41,10.25,69.49152542372882,0,0,2008,2008
Karan Singh,International T20,10,9,41,5.857142857142857,67.21311475409836,0,0,2026,2026
Akhil Kumar,International T20,14,6,41,13.666666666666666,113.88888888888889,0,0,2024,2025
Luca Petre,International T20,23,7,41,13.666666666666666,120.58823529411764,0,0,2023,2026
P Malav,International T20,28,12,41,5.125,75.92592592592592,0,0,2020,2024
ZE Matsinhe,International T20,22,8,41,6.833333333333333,67.21311475409836,0,0,2019,2022
OK Mohamed,International T20,11,11,41,3.727272727272727,30.597014925373134,0,0,2024,2026
NT Nyamhuri,International T20,7,6,41,13.666666666666666,97.61904761904762,0,0,2026,2026
K Pala,International T20,2,2,41,41,136.66666666666666,0,0,2015,2015
AR Puri,International T20,38,14,41,4.555555555555555,53.246753246753244,0,0,2022,2025
Qasim Akram,International T20,4,3,41,13.666666666666666,91.11111111111111,0,0,2023,2024
Suhail Sattar,International T20,8,8,41,5.125,74.54545454545455,0,0,2025,2025
Tahir Patel,International T20,6,6,41,8.2,53.94736842105263,0,0,2022,2022
J Theron,International T20,18,7,41,Inf,151.85185185185185,0,0,2010,2022
Walter Behr,International T20,8,5,41,10.25,107.89473684210526,0,0,2022,2022
P Yevugah,International T20,13,9,41,4.555555555555555,80.3921568627451,0,0,2023,2026
Sarfraz Butt,International T20,10,5,41,10.25,85.41666666666666,0,0,2020,2023
AD Algar,International T20,6,2,40,40,80,0,0,2020,2023
Amir Hamza,International T20,33,9,40,10,105.26315789473684,0,0,2013,2021
Ashish Bam,International T20,10,6,40,13.333333333333334,90.9090909090909,0,0,2025,2026
Ben Jones,International T20,1,1,40,40,97.5609756097561,0,0,2023,2023
BCJ Cutting,International T20,7,5,40,10,148.14814814814815,0,0,2013,2017
JA Duffy,International T20,48,12,40,8,97.5609756097561,0,0,2020,2026
Imran Bulbulia,International T20,3,3,40,13.333333333333334,95.23809523809523,0,0,2019,2019
Jay Odedra,International T20,11,7,40,40,95.23809523809523,0,0,2019,2026
S Jele,International T20,12,8,40,6.666666666666667,100,0,0,2024,2026
A Maheshwari,International T20,12,10,40,4,61.53846153846154,0,0,2022,2024
Mertcan Donmez,International T20,6,5,40,13.333333333333334,59.70149253731343,0,0,2026,2026
Nadim Makkan,International T20,5,5,40,8,111.11111111111111,0,0,2026,2026
Nooruddin Mujadady,International T20,11,5,40,13.333333333333334,160,0,0,2021,2026
J Pant,International T20,1,1,40,40,137.93103448275863,0,0,2023,2023
S Rakshit,International T20,6,5,40,10,90.9090909090909,0,0,2019,2019
A Bhadauria,International T20,2,2,40,20,129.03225806451613,0,0,2022,2022
M Smith (),International T20,4,3,40,13.333333333333334,83.33333333333334,0,0,2025,2025
Tariq Aziz,International T20,4,4,40,13.333333333333334,85.1063829787234,0,0,2019,2019
R Theruvath,International T20,6,6,40,6.666666666666667,97.5609756097561,0,0,2024,2025
S Udhayan,International T20,10,6,40,8,117.64705882352942,0,0,2021,2022
KDK Vithanage,International T20,3,3,40,13.333333333333334,117.64705882352942,0,0,2014,2016
KMA Aziz,International T20,11,11,39,3.9,28.676470588235293,0,0,2024,2026
Bukhar Illikkal,International T20,15,6,39,9.75,95.1219512195122,0,0,2023,2025
J Danikula,International T20,5,5,39,7.8,57.35294117647059,0,0,2024,2024
JC Darji,International T20,8,7,39,5.571428571428571,70.9090909090909,0,0,2021,2022
RR David,International T20,4,4,39,9.75,60,0,0,2008,2008
NT Ellis,International T20,39,11,39,7.8,63.934426229508205,0,0,2021,2026
R Francis,International T20,13,10,39,4.333333333333333,68.42105263157895,0,0,2022,2026
J Gallimore,International T20,5,3,39,39,97.5,0,0,2024,2025
OGT Gould,International T20,2,2,39,19.5,92.85714285714286,0,0,2026,2026
Irfan Saleh,International T20,5,5,39,9.75,97.5,0,0,2026,2026
Kamal Soukhiya,International T20,13,10,39,3.9,88.63636363636364,0,0,2025,2026
I Kamara,International T20,11,9,39,6.5,48.148148148148145,0,0,2022,2023
Muhammed Turkmen,International T20,6,4,39,9.75,144.44444444444443,0,0,2023,2024
CT Mumba,International T20,9,4,39,13,102.63157894736842,0,0,2020,2023
Munir Dar,International T20,2,2,39,19.5,118.18181818181819,0,0,2014,2014
J Pickering,International T20,11,6,39,9.75,66.10169491525424,0,0,2025,2026
Rafatullah Mohmand,International T20,3,3,39,13,86.66666666666667,0,0,2015,2015
S Rossi,International T20,10,9,39,4.875,90.69767441860465,0,0,2019,2023
B Sharki,International T20,2,2,39,19.5,150,0,0,2025,2025
S Tobgay,International T20,2,2,39,19.5,67.24137931034483,0,0,2019,2019
D Ahir,International T20,5,5,38,7.6,105.55555555555556,0,0,2021,2021
RI Ahmed,International T20,2,2,38,19,76,0,0,2015,2015
P Chin,International T20,9,4,38,9.5,69.0909090909091,0,0,2022,2023
MS Diawara,International T20,10,8,38,4.75,37.254901960784316,0,0,2022,2023
A Djorovic,International T20,11,7,38,9.5,52.054794520547944,0,0,2019,2023
LH Ferguson,International T20,54,17,38,4.222222222222222,80.85106382978722,0,0,2017,2026
R Flannigan,International T20,4,4,38,12.666666666666666,115.15151515151516,0,0,2012,2012
Gabor Torok,International T20,6,5,38,12.666666666666666,84.44444444444444,0,0,2022,2026
A Gorawara,International T20,4,4,38,9.5,102.7027027027027,0,0,2023,2024
GI Hume,International T20,10,5,38,19,131.0344827586207,0,0,2022,2025
Imran Haider,International T20,4,3,38,12.666666666666666,95,0,0,2019,2021
Irfan Sarfraz,International T20,4,3,38,12.666666666666666,69.0909090909091,0,0,2022,2022
Jai Tiwari,International T20,4,2,38,19,115.15151515151516,0,0,2025,2026
Junaid Khan,International T20,15,8,38,19,158.33333333333331,0,0,2025,2026
AK Kitchen,International T20,5,4,38,12.666666666666666,118.75,0,0,2017,2018
JL Kovacic,International T20,4,4,38,12.666666666666666,122.58064516129032,0,0,2026,2026
Maaz Sadaqat,International T20,2,2,38,19,152,0,0,2026,2026
D Mongia,International T20,1,1,38,38,84.44444444444444,0,0,2006,2006
F Mutizwa,International T20,3,3,38,12.666666666666666,105.55555555555556,0,0,2011,2012
Ngawang Thinley,International T20,11,9,38,6.333333333333333,79.16666666666666,0,0,2022,2024
D Padikkal,International T20,2,2,38,19,100,0,0,2021,2021
H Pragji,International T20,4,4,38,12.666666666666666,58.46153846153847,0,0,2019,2019
S Shailesh,International T20,6,6,38,7.6,50,0,0,2026,2026
J Solomon,International T20,6,4,38,9.5,63.33333333333333,0,0,2026,2026
DS Vosloo,International T20,2,2,38,38,102.7027027027027,0,0,2021,2021
BJ Watling,International T20,5,4,38,9.5,65.51724137931035,0,0,2009,2014
H Aggarwal,International T20,5,4,37,12.333333333333334,63.793103448275865,0,0,2026,2026
Benjamin Embleton,International T20,5,3,37,12.333333333333334,90.2439024390244,0,0,2025,2026
SJ Benn,International T20,24,7,37,12.333333333333334,88.09523809523809,0,0,2008,2016
VD Chandra,International T20,3,2,37,18.5,123.33333333333334,0,0,2019,2019
Danish Aziz,International T20,2,2,37,18.5,105.71428571428572,0,0,2021,2021
O Davidson,International T20,6,4,37,18.5,123.33333333333334,0,0,2026,2026
JS Foster,International T20,5,5,37,12.333333333333334,115.625,0,0,2009,2009
Furkan Tuskan,International T20,6,6,37,6.166666666666667,55.223880597014926,0,0,2026,2026
RM Hira,International T20,15,3,37,18.5,112.12121212121211,0,0,2012,2013
J Hirschi,International T20,4,4,37,9.25,59.67741935483871,0,0,2019,2019
Jonte Smith,International T20,15,9,37,7.4,74,0,0,2024,2026
Y Konate,International T20,11,10,37,3.7,50.68493150684932,0,0,2024,2026
A Krishna,International T20,18,11,37,9.25,77.08333333333334,0,0,2019,2023
A Kuthalingham (),International T20,3,2,37,18.5,94.87179487179486,0,0,2025,2025
ME Leoela,International T20,19,17,37,3.0833333333333335,39.361702127659576,0,0,2021,2026
AM McCarthy,International T20,6,4,37,9.25,88.09523809523809,0,0,2018,2026
D Manani,International T20,3,2,37,37,115.625,0,0,2019,2021
Mohamed Shiyam,International T20,5,4,37,18.5,68.51851851851852,0,0,2024,2024
Muhammad Akram,International T20,9,6,37,9.25,90.2439024390244,0,0,2026,2026
O Sam Arthur,International T20,10,7,37,37,78.72340425531915,0,0,2019,2026
Sarfaraj Patel,International T20,6,6,37,7.4,67.27272727272727,0,0,2021,2021
Suresh Kumar,International T20,5,5,37,9.25,57.8125,0,0,2019,2026
S Tharanga,International T20,11,7,37,9.25,105.71428571428572,0,0,2025,2026
VT Thiyanesh,International T20,7,4,37,18.5,112.12121212121211,0,0,2023,2026
Waleed Rana,International T20,3,3,37,12.333333333333334,77.08333333333334,0,0,2022,2022
S Wankhade,International T20,4,4,37,9.25,45.67901234567901,0,0,2026,2026
BM Wheeler,International T20,6,4,37,18.5,132.14285714285714,0,0,2017,2018
Ahsan Ali,International T20,2,2,36,18,92.3076923076923,0,0,2020,2020
Ankush Singh,International T20,2,2,36,18,124.13793103448276,0,0,2026,2026
Azeem Nazir,International T20,4,2,36,18,85.71428571428571,0,0,2022,2022
RMR Brathwaite,International T20,8,7,36,6,90,0,0,2026,2026
RJ Campbell,International T20,3,3,36,12,76.59574468085107,0,0,2016,2016
S Diwangana,International T20,5,4,36,9,112.5,0,0,2026,2026
A Dowling,International T20,8,7,36,9,72,0,0,2024,2026
J Dunn,International T20,4,3,36,12,87.8048780487805,0,0,2019,2019
Elan Talker,International T20,17,7,36,12,75,0,0,2022,2026
KN Gabhane,International T20,3,2,36,Inf,92.3076923076923,0,0,2025,2025
Haseebullah Khan,International T20,3,3,36,12,120,0,0,2024,2024
Imran Arif,International T20,4,4,36,9,75,0,0,2021,2021
Asif Iqbal,International T20,3,3,36,18,80,0,0,2022,2022
B Kgosiemang,International T20,33,11,36,18,60,0,0,2022,2026
Lahiru Udara,International T20,4,4,36,9,97.2972972972973,0,0,2023,2026
A Magdalenic,International T20,17,14,36,3,40,0,0,2023,2025
B Maphosa,International T20,10,5,36,18,83.72093023255815,0,0,2022,2023
EJB Miles,International T20,33,9,36,7.2,75,0,0,2019,2023
Mirza Baig,International T20,3,3,36,18,124.13793103448276,0,0,2023,2023
Mohamed Coulibaly,International T20,14,13,36,2.769230769230769,32.432432432432435,0,0,2022,2026
Mohammad Akram,International T20,2,2,36,18,97.2972972972973,0,0,2026,2026
Mohammed Qasim,International T20,3,3,36,18,70.58823529411765,0,0,2016,2017
Mohsin Hub,International T20,4,4,36,12,87.8048780487805,0,0,2019,2019
PA Patel,International T20,2,2,36,18,112.5,0,0,2011,2011
Pavandeep Singh,International T20,94,20,36,18,53.73134328358209,0,0,2019,2026
Rahat Ali,International T20,6,5,36,12,100,0,0,2023,2024
Rizwan Haider,International T20,37,8,36,18,128.57142857142858,0,0,2022,2026
D Teinaki,International T20,4,4,36,9,94.73684210526315,0,0,2022,2022
Usman Qadir,International T20,25,9,36,9,120,0,0,2020,2023
Abdul Shakoor,International T20,6,4,35,17.5,87.5,0,0,2015,2019
Aminul Islam,International T20,10,7,35,11.666666666666666,85.36585365853658,0,0,2019,2021
H Bharadwaj,International T20,15,5,35,11.666666666666666,116.66666666666667,0,0,2023,2026
STR Binny,International T20,3,2,35,17.5,120.6896551724138,0,0,2015,2016
N Davidovic,International T20,8,7,35,5.833333333333333,102.94117647058823,0,0,2022,2026
CD de Lange,International T20,8,3,35,11.666666666666666,159.0909090909091,0,0,2015,2017
C Fernando,International T20,4,3,35,17.5,125,0,0,2026,2026
N Hirani,International T20,12,4,35,17.5,134.6153846153846,0,0,2025,2026
A Ilaoa,International T20,10,8,35,5.833333333333333,97.22222222222221,0,0,2023,2025
RM Jariwala,International T20,1,1,35,35,112.90322580645163,0,0,2025,2025
YI Kachhalia,International T20,7,7,35,5,63.63636363636363,0,0,2024,2024
S Kimura,International T20,5,5,35,7,83.33333333333334,0,0,2022,2023
S Kochar,International T20,4,4,35,8.75,79.54545454545455,0,0,2026,2026
S Kubheka,International T20,17,10,35,8.75,85.36585365853658,0,0,2021,2026
J Madan,International T20,8,5,35,17.5,106.06060606060606,0,0,2026,2026
S Mahmood,International T20,20,9,35,7,77.77777777777779,0,0,2019,2026
Manoj Adhikari,International T20,11,7,35,11.666666666666666,62.5,0,0,2022,2024
JC Martin,International T20,4,3,35,35,97.22222222222221,0,0,2020,2022
VV Morea,International T20,5,5,35,7,79.54545454545455,0,0,2015,2017
CB Mpofu,International T20,32,11,35,8.75,81.3953488372093,0,0,2008,2020
Muhammad Khan,International T20,6,6,35,5.833333333333333,76.08695652173914,0,0,2023,2023
D Murphy,International T20,4,4,35,35,100,0,0,2013,2013
Mustapha Suwareh,International T20,11,11,35,3.1818181818181817,51.470588235294116,0,0,2022,2024
Nazakat Ali,International T20,2,2,35,17.5,112.90322580645163,0,0,2019,2019
AM Patel,International T20,11,7,35,11.666666666666666,79.54545454545455,0,0,2023,2026
SK Patel,International T20,2,2,35,17.5,94.5945945945946,0,0,2024,2024
TAW Patterson,International T20,6,5,35,7,51.470588235294116,0,0,2021,2026
Rahat Kazi,International T20,8,8,35,4.375,54.6875,0,0,2025,2025
NT Rajendran,International T20,9,6,35,11.666666666666666,109.375,0,0,2025,2026
Q Sampson,International T20,3,3,35,11.666666666666666,100,0,0,2026,2026
Sathya Narayanan,International T20,5,5,35,8.75,68.62745098039215,0,0,2022,2022
A Shukla,International T20,63,18,35,3.5,66.0377358490566,0,0,2022,2026
Shuvagata Hom,International T20,5,4,35,17.5,100,0,0,2016,2016
H Srinivasan,International T20,9,4,35,11.666666666666666,71.42857142857143,0,0,2019,2025
JDF Vandersay,International T20,17,10,35,11.666666666666666,87.5,0,0,2015,2025
Waqas Haider,International T20,3,3,35,17.5,166.66666666666669,0,0,2022,2022
A Andrews,International T20,7,4,34,17,85,0,0,2021,2022
PUKK Arachchige,International T20,8,5,34,6.8,66.66666666666666,0,0,2025,2026
Arafat Sunny,International T20,10,6,34,11.333333333333334,113.33333333333333,0,0,2014,2016
AR Balla,International T20,16,15,34,2.8333333333333335,26.153846153846157,0,0,2021,2024
K Boniface,International T20,10,7,34,8.5,65.38461538461539,0,0,2025,2026
Hammad Azam,International T20,5,4,34,11.333333333333334,100,0,0,2012,2013
T Horpinitch,International T20,4,4,34,8.5,54.83870967741935,0,0,2024,2024
Ibrahim Sesay,International T20,6,6,34,8.5,60.71428571428571,0,0,2023,2023
B Jerkovic,International T20,9,7,34,17,46.57534246575342,0,0,2022,2024
Kashif Khan,International T20,5,4,34,8.5,66.66666666666666,0,0,2025,2025
PK Langat,International T20,53,12,34,8.5,79.06976744186046,0,0,2021,2026
SSB Magala,International T20,6,3,34,34,188.88888888888889,0,0,2021,2023
W McClintock,International T20,5,4,34,11.333333333333334,89.47368421052632,0,0,2021,2021
Munim Shahriar,International T20,5,5,34,6.8,72.3404255319149,0,0,2022,2022
Nadeem Ahmed,International T20,24,9,34,6.8,61.81818181818181,0,0,2014,2017
P Nedeljkovic,International T20,14,6,34,8.5,70.83333333333334,0,0,2023,2026
JD Nel,International T20,10,5,34,11.333333333333334,136,0,0,2007,2010
W Perchard,International T20,4,3,34,Inf,109.6774193548387,0,0,2024,2025
OL Pitcher,International T20,3,3,34,11.333333333333334,64.15094339622641,0,0,2008,2008
YK Rai,International T20,1,1,34,34,130.76923076923077,0,0,2025,2025
Shah Faisal,International T20,14,8,34,8.5,75.55555555555556,0,0,2025,2026
W Viraliliu,International T20,10,7,34,8.5,130.76923076923077,0,0,2019,2019
OR Willis,International T20,8,7,34,4.857142857142857,43.037974683544306,0,0,2019,2023
RA Abolarin,International T20,10,5,33,16.5,110.00000000000001,0,0,2019,2021
A Ahmadhel,International T20,12,8,33,4.714285714285714,66,0,0,2019,2024
YJO Altamirano,International T20,8,8,33,5.5,53.2258064516129,0,0,2024,2026
DKJ Claude,International T20,10,10,33,3.3,39.285714285714285,0,0,2024,2026
Fareed Ahmad,International T20,38,6,33,16.5,84.61538461538461,0,0,2016,2025
Hafeez Khan,International T20,2,1,33,33,89.1891891891892,0,0,2026,2026
PSP Handscomb,International T20,2,2,33,33,100,0,0,2019,2019
A Johnmary,International T20,5,5,33,6.6,84.61538461538461,0,0,2021,2025
GO Jones,International T20,2,2,33,33,132,0,0,2005,2006
D Finau,International T20,17,9,33,6.6,113.79310344827587,0,0,2022,2025
MF Maharoof,International T20,8,5,33,8.25,76.74418604651163,0,0,2006,2016
Micheal Das,International T20,4,3,33,16.5,113.79310344827587,0,0,2026,2026
Mustapha Yusuf,International T20,5,4,33,16.5,97.05882352941177,0,0,2021,2021
LJ Myott,International T20,22,9,33,8.25,82.5,0,0,2023,2025
A Ndlovu,International T20,12,5,33,16.5,80.48780487804879,0,0,2019,2024
R Nil,International T20,4,2,33,16.5,122.22222222222223,0,0,2021,2021
Ousman Bah,International T20,11,10,33,4.714285714285714,38.82352941176471,0,0,2022,2024
I Pandey,International T20,4,4,33,8.25,66,0,0,2019,2019
Qais Ahmad,International T20,12,6,33,6.6,110.00000000000001,0,0,2020,2025
D Ravu,International T20,27,11,33,4.125,82.5,0,0,2019,2025
RJMGM Rupasinghe,International T20,2,2,33,16.5,84.61538461538461,0,0,2009,2009
L Sanogo,International T20,21,16,33,3.3,43.42105263157895,0,0,2022,2026
Simandeep Singh,International T20,7,7,33,6.6,103.125,0,0,2019,2019
Soyeb Pendi,International T20,13,8,33,8.25,103.125,0,0,2025,2026
C Udekwe,International T20,26,8,33,8.25,94.28571428571428,0,0,2022,2025
WPUJC Vaas,International T20,6,2,33,33,80.48780487804879,0,0,2006,2007
AA Westphal,International T20,5,5,33,6.6,82.5,0,0,2019,2019
Aftab Kayani,International T20,8,3,32,10.666666666666666,100,0,0,2020,2022
MA Algi,International T20,11,6,32,16,110.34482758620689,0,0,2025,2026
WD Balaji Rao,International T20,4,4,32,10.666666666666666,106.66666666666667,0,0,2008,2008
JS Bangera,International T20,4,4,32,8,72.72727272727273,0,0,2026,2026
TS Braat,International T20,6,3,32,16,94.11764705882352,0,0,2019,2021
SE Findlay,International T20,2,2,32,16,103.2258064516129,0,0,2008,2008
D Gaikwad,International T20,3,2,32,16,139.1304347826087,0,0,2025,2026
K Ghalley,International T20,4,4,32,16,78.04878048780488,0,0,2023,2023
TG Gordon,International T20,3,3,32,10.666666666666666,86.48648648648648,0,0,2012,2012
L Grace,International T20,6,5,32,8,68.08510638297872,0,0,2026,2026
S Hongsi,International T20,5,5,32,16,110.34482758620689,0,0,2019,2023
NS Hooda,International T20,8,5,32,10.666666666666666,88.88888888888889,0,0,2026,2026
GA Lamb,International T20,5,4,32,16,59.25925925925925,0,0,2010,2010
JD Newton,International T20,4,4,32,8,62.745098039215684,0,0,2022,2022
GH O'Brien,International T20,11,6,32,8,84.21052631578947,0,0,2008,2019
SNJ O'Keefe,International T20,7,5,32,6.4,123.07692307692308,0,0,2010,2011
Salman Patel,International T20,7,6,32,8,91.42857142857143,0,0,2025,2025
TW Samuels,International T20,5,5,32,8,74.4186046511628,0,0,2021,2021
KRP Silva,International T20,2,2,32,16,266.66666666666663,0,0,2019,2019
BK Stroud,International T20,16,7,32,8,40.50632911392405,0,0,2022,2026
MJ Swepson,International T20,8,5,32,Inf,139.1304347826087,0,0,2018,2022
JC Tredwell,International T20,17,6,32,10.666666666666666,160,0,0,2012,2014
Vivek Dixit,International T20,6,5,32,8,96.96969696969697,0,0,2025,2026
J West,International T20,4,4,32,8,60.37735849056604,0,0,2023,2023
JJ Wright,International T20,6,5,32,8,96.96969696969697,0,0,2021,2024
HN Ya France,International T20,21,10,32,4.571428571428571,86.48648648648648,0,0,2019,2023
Aadil Bhaiyat,International T20,5,5,31,6.2,88.57142857142857,0,0,2024,2024
TR Birt,International T20,4,3,31,10.333333333333334,93.93939393939394,0,0,2010,2012
J Cama,International T20,5,5,31,6.2,110.71428571428572,0,0,2024,2024
P Chandran,International T20,3,3,31,10.333333333333334,65.95744680851064,0,0,2019,2019
JW Dernbach,International T20,40,10,31,5.166666666666667,96.875,0,0,2011,2021
R Dravid,International T20,1,1,31,31,147.61904761904762,0,0,2011,2011
MADI Hemantha,International T20,9,6,31,6.2,83.78378378378379,0,0,2025,2026
ZR Jabeneke,International T20,7,4,31,15.5,73.80952380952381,0,0,2021,2024
Jahurul Islam,International T20,3,3,31,10.333333333333334,134.7826086956522,0,0,2010,2013
D Khanal,International T20,3,3,31,10.333333333333334,88.57142857142857,0,0,2024,2024
S Kollery,International T20,2,2,31,31,72.09302325581395,0,0,2022,2022
CM McBride,International T20,6,4,31,10.333333333333334,119.23076923076923,0,0,2025,2026
RR Naik,International T20,3,2,31,15.5,163.1578947368421,0,0,2026,2026
PA Nixon,International T20,1,1,31,Inf,140.9090909090909,0,0,2007,2007
H Osinde,International T20,11,6,31,7.75,91.17647058823529,0,0,2008,2013
J Pakhiaokajee,International T20,6,6,31,7.75,75.60975609756098,0,0,2022,2022
A Paul,International T20,21,8,31,6.2,79.48717948717949,0,0,2022,2026
WA Peatfield,International T20,21,7,31,15.5,106.89655172413792,0,0,2019,2022
K Pierre,International T20,16,8,31,6.2,81.57894736842105,0,0,2018,2026
Raaz Mohammad,International T20,23,11,31,15.5,70.45454545454545,0,0,2021,2025
CAK Rajitha,International T20,18,8,31,10.333333333333334,58.490566037735846,0,0,2016,2023
JDA Richardson,International T20,12,6,31,6.2,57.407407407407405,0,0,2023,2025
LN Saishiv,International T20,1,1,31,31,100,0,0,2025,2025
Saqlain Ali,International T20,6,4,31,10.333333333333334,59.61538461538461,0,0,2019,2021
S Smith,International T20,39,13,31,4.428571428571429,47.69230769230769,0,0,2019,2026
Syed Maisam Ali,International T20,10,5,31,15.5,124,0,0,2022,2024
K Tayaga,International T20,4,4,31,7.75,86.11111111111111,0,0,2026,2026
G Toka,International T20,2,2,31,15.5,114.81481481481481,0,0,2025,2025
JL Tutty,International T20,14,5,31,10.333333333333334,72.09302325581395,0,0,2024,2026
A Uniyal,International T20,5,5,31,7.75,63.26530612244898,0,0,2019,2023
DG Weakley,International T20,15,6,31,6.2,62,0,0,2024,2025
Ahsan Yousuf,International T20,3,2,30,15,125,0,0,2022,2022
GS Ballance,International T20,1,1,30,30,103.44827586206897,0,0,2023,2023
D Cato,International T20,3,3,30,10,50.847457627118644,0,0,2019,2019
Danyal Akbar,International T20,3,3,30,15,96.7741935483871,0,0,2024,2024
W Dlamini,International T20,8,7,30,4.285714285714286,88.23529411764706,0,0,2022,2022
NH Ekanayake,International T20,4,4,30,10,69.76744186046511,0,0,2023,2023
E Ernest,International T20,10,7,30,6,60,0,0,2021,2021
Faisal Shinozada,International T20,1,1,30,30,90.9090909090909,0,0,2026,2026
Gaurav Maithani,International T20,2,2,30,30,166.66666666666669,0,0,2025,2025
Hamed Khan,International T20,5,5,30,7.5,69.76744186046511,0,0,2020,2023
WW Hinds,International T20,5,5,30,7.5,73.17073170731707,0,0,2006,2010
Imran Butt,International T20,4,3,30,10,120,0,0,2020,2020
H Isorena,International T20,5,4,30,7.5,63.829787234042556,0,0,2022,2023
CJPF Kalugamage,International T20,22,8,30,10,68.18181818181817,0,0,2022,2026
K Matigimu,International T20,3,2,30,30,166.66666666666669,0,0,2026,2026
A Morris,International T20,27,12,30,7.5,44.776119402985074,0,0,2019,2025
A Mustafa,International T20,9,5,30,15,111.11111111111111,0,0,2021,2024
Navid Balouch,International T20,3,3,30,15,60,0,0,2020,2020
A Nortje,International T20,47,14,30,3.75,60,0,0,2019,2026
CB Ondoa,International T20,11,9,30,5,35.714285714285715,0,0,2021,2022
H Pattenden,International T20,4,3,30,Inf,107.14285714285714,0,0,2026,2026
R Poojary,International T20,10,7,30,4.285714285714286,57.692307692307686,0,0,2024,2025
S Sugaya-Slater,International T20,18,6,30,7.5,69.76744186046511,0,0,2025,2026
RV Viraj,International T20,4,4,30,7.5,57.692307692307686,0,0,2024,2024
L Zulu,International T20,6,5,30,6,53.57142857142857,0,0,2021,2022
Adeshlie Alias,International T20,2,2,29,14.5,96.66666666666667,0,0,2026,2026
Awais Ikram,International T20,6,6,29,7.25,96.66666666666667,0,0,2022,2025
FE Carava,International T20,12,5,29,5.8,46.03174603174603,0,0,2021,2022
Fazil Muhammad,International T20,5,4,29,9.666666666666666,67.44186046511628,0,0,2024,2024
MNK Fernando,International T20,5,5,29,5.8,87.87878787878788,0,0,2023,2026
DJ Hall,International T20,5,5,29,9.666666666666666,57.99999999999999,0,0,2026,2026
E Haven,International T20,18,9,29,3.625,31.182795698924732,0,0,2021,2026
JR Hazlewood,International T20,60,12,29,9.666666666666666,103.57142857142858,0,0,2013,2025
Jahandad Khan,International T20,8,5,29,7.25,85.29411764705883,0,0,2024,2025
Khalid Niazi,International T20,8,3,29,29,80.55555555555556,0,0,2025,2026
JH Kiani,International T20,5,4,29,9.666666666666666,70.73170731707317,0,0,2019,2023
BM Narasimha,International T20,6,4,29,9.666666666666666,67.44186046511628,0,0,2023,2026
N Peter,International T20,14,5,29,14.5,115.99999999999999,0,0,2024,2026
V Pulibanti,International T20,7,7,29,5.8,54.71698113207547,0,0,2023,2024
D Robson,International T20,13,5,29,7.25,67.44186046511628,0,0,2023,2024
DK Shetty,International T20,26,5,29,14.5,120.83333333333333,0,0,2023,2026
MM Siddique,International T20,3,2,29,14.5,145,0,0,2023,2024
M Simmons,International T20,6,4,29,9.666666666666666,103.57142857142858,0,0,2019,2021
VM Vaghela,International T20,3,1,29,29,90.625,0,0,2021,2025
Zahid Ali,International T20,6,2,29,29,126.08695652173914,0,0,2025,2025
Ahsan Malik,International T20,31,8,28,9.333333333333334,93.33333333333333,0,0,2012,2017
Amir Sharif,International T20,3,3,28,14,103.7037037037037,0,0,2021,2021
Amjad Khan,International T20,4,3,28,9.333333333333334,93.33333333333333,0,0,2015,2016
MO Bacarese,International T20,4,3,28,9.333333333333334,50.90909090909091,0,0,2019,2023
JW Batinibulu,International T20,6,5,28,7,60.86956521739131,0,0,2022,2023
Abdullah Mohd Yousaf,International T20,5,3,28,14,90.32258064516128,0,0,2025,2026
Bilal Khan,International T20,79,25,28,3.5,54.90196078431373,0,0,2015,2024
R Drake,International T20,15,8,28,28,84.84848484848484,0,0,2022,2025
L Dirmeik,International T20,3,2,28,14,80,0,0,2026,2026
R Edwards,International T20,15,7,28,7,70,0,0,2025,2026
NT Gireesh,International T20,23,9,28,4.666666666666667,68.29268292682927,0,0,2024,2025
R Goodwin,International T20,9,9,28,4,50.90909090909091,0,0,2019,2022
D Jamyansuren,International T20,5,5,28,5.6,27.184466019417474,0,0,2023,2024
M Jobarteh,International T20,12,9,28,4,82.35294117647058,0,0,2022,2024
Junaed Mullah,International T20,2,2,28,14,62.22222222222222,0,0,2024,2024
MV Matsau,International T20,14,11,28,4.666666666666667,60.86956521739131,0,0,2021,2024
A Nehra,International T20,27,5,28,5.6,71.7948717948718,0,0,2009,2017
PJ Ongondo,International T20,8,6,28,4.666666666666667,121.73913043478262,0,0,2007,2008
L Perera,International T20,3,3,28,14,80,0,0,2026,2026
R Pillai,International T20,6,5,28,7,63.63636363636363,0,0,2019,2019
Samader Shadab,International T20,7,6,28,4.666666666666667,66.66666666666666,0,0,2024,2026
S Seelan,International T20,1,1,28,28,100,0,0,2023,2023
Shivam Mavi,International T20,6,2,28,14,155.55555555555557,0,0,2023,2023
Vinod Kumar,International T20,4,4,28,9.333333333333334,82.35294117647058,0,0,2019,2020
Wang Liuyang,International T20,4,4,28,7,54.90196078431373,0,0,2023,2023
Abdullah Mahmood,International T20,24,10,27,3.375,77.14285714285715,0,0,2019,2026
VC Ahir,International T20,3,3,27,13.5,122.72727272727273,0,0,2023,2023
Ahsan Khan,International T20,12,4,27,27,135,0,0,2021,2022
Akbar Khan,International T20,7,6,27,4.5,57.446808510638306,0,0,2023,2023
TP Allen,International T20,5,3,27,13.5,158.8235294117647,0,0,2019,2019
Avesh Khan,International T20,25,5,27,13.5,135,0,0,2022,2024
NE Bonner,International T20,2,2,27,13.5,71.05263157894737,0,0,2011,2012
A Bushell,International T20,7,3,27,13.5,87.09677419354838,0,0,2023,2026
BJ Davidson,International T20,4,4,27,6.75,58.69565217391305,0,0,2021,2021
LE Dlamini,International T20,9,5,27,6.75,67.5,0,0,2022,2024
J Ghelzai,International T20,8,4,27,6.75,122.72727272727273,0,0,2025,2025
R Kalimuthu,International T20,15,7,27,13.5,100,0,0,2023,2025
MJM Kavana,International T20,8,4,27,6.75,50.943396226415096,0,0,2024,2025
D Matla,International T20,11,8,27,4.5,43.54838709677419,0,0,2024,2026
Mohammad Iqbal,International T20,3,3,27,9,69.23076923076923,0,0,2008,2008
Mohamed Shafeeq,International T20,45,12,27,2.7,93.10344827586206,0,0,2022,2026
Nadif Chowdhury,International T20,3,3,27,9,117.3913043478261,0,0,2006,2007
Nageebullah Sultanzai,International T20,8,6,27,6.75,93.10344827586206,0,0,2026,2026
A Nathwani,International T20,29,11,27,9,57.446808510638306,0,0,2019,2023
E Otieno,International T20,31,13,27,3.857142857142857,45.76271186440678,0,0,2012,2022
Parveen Kumar,International T20,8,4,27,6.75,84.375,0,0,2024,2024
SS Pathirana,International T20,5,5,27,5.4,112.5,0,0,2016,2017
J Santhanam,International T20,7,4,27,13.5,108,0,0,2026,2026
Sarawut Maliwan,International T20,41,17,27,2.7,36,0,0,2023,2026
S Selvaraj,International T20,5,3,27,13.5,112.5,0,0,2025,2025
S Sengupta,International T20,9,4,27,9,108,0,0,2021,2022
Shapoor Zadran,International T20,36,13,27,3.857142857142857,41.53846153846154,0,0,2010,2020
S Sharma,International T20,7,5,27,6.75,96.42857142857143,0,0,2026,2026
Sharveen Surendran,International T20,2,2,27,27,87.09677419354838,0,0,2023,2023
C Shivakumar,International T20,4,3,27,9,67.5,0,0,2025,2025
Shoaib Qureshi,International T20,5,4,27,6.75,79.41176470588235,0,0,2019,2019
C Smith,International T20,6,4,27,6.75,100,0,0,2021,2023
Sufiyan Tarajia,International T20,4,4,27,13.5,90,0,0,2026,2026
S Tuitoga,International T20,2,2,27,13.5,81.81818181818183,0,0,2023,2023
MP Vaughan,International T20,2,2,27,13.5,122.72727272727273,0,0,2005,2007
Vishil Patel,International T20,33,10,27,9,60,0,0,2023,2026
B White,International T20,38,10,27,13.5,52.94117647058824,0,0,2021,2025
MA Wood,International T20,38,7,27,13.5,96.42857142857143,0,0,2015,2025
Zulfiqar Babar,International T20,7,3,27,Inf,100,0,0,2013,2014
IKO Aboagye,International T20,7,7,26,4.333333333333333,54.166666666666664,0,0,2019,2026
Azin Rafeeg,International T20,3,3,26,26,118.18181818181819,0,0,2023,2024
C Bayraktar,International T20,3,3,26,8.666666666666666,76.47058823529412,0,0,2022,2022
N Chaudhary,International T20,3,2,26,13,136.8421052631579,0,0,2026,2026
TB de Bruyn,International T20,2,2,26,13,162.5,0,0,2017,2017
Fayaz Mohammad,International T20,5,4,26,8.666666666666666,136.8421052631579,0,0,2020,2022
P Florin,International T20,16,8,26,8.666666666666666,83.87096774193549,0,0,2019,2021
D Ganga,International T20,1,1,26,26,83.87096774193549,0,0,2006,2006
Hammadullah Shinwari,International T20,14,9,26,3.25,68.42105263157895,0,0,2026,2026
Izatullah Dawlatzai,International T20,16,4,26,26,162.5,0,0,2012,2020
J Kariko,International T20,28,10,26,8.666666666666666,72.22222222222221,0,0,2023,2026
Kau Qalo,International T20,2,2,26,13,86.66666666666667,0,0,2024,2024
Khandubhai Ahir,International T20,3,3,26,13,61.904761904761905,0,0,2024,2024
N Mokoena,International T20,6,3,26,13,108.33333333333333,0,0,2026,2026
Mujibur Ali,International T20,3,3,26,8.666666666666666,78.78787878787878,0,0,2025,2025
TJ Murtagh,International T20,14,5,26,13,104,0,0,2012,2016
AM Rajpurohit,International T20,3,3,26,8.666666666666666,76.47058823529412,0,0,2024,2024
Sachin Kumar,International T20,13,4,26,8.666666666666666,81.25,0,0,2022,2024
TK Saha,International T20,4,4,26,26,113.04347826086956,0,0,2019,2019
Samarth Shetty,International T20,4,4,26,6.5,66.66666666666666,0,0,2025,2025
Shahadat Hossain (3),International T20,3,2,26,13,78.78787878787878,0,0,2023,2023
U Shantu,International T20,22,6,26,8.666666666666666,104,0,0,2025,2026
Sufyan Moqim,International T20,21,11,26,5.2,96.29629629629629,0,0,2023,2026
T Vanuarua,International T20,6,4,26,8.666666666666666,123.80952380952381,0,0,2022,2022
AJ Varghese,International T20,3,3,26,8.666666666666666,104,0,0,2026,2026
Zaki Ul Hassan,International T20,21,9,26,13,66.66666666666666,0,0,2019,2026
P Agnihotri,International T20,2,2,25,12.5,69.44444444444444,0,0,2019,2019
A Amado,International T20,3,3,25,8.333333333333334,67.56756756756756,0,0,2022,2022
RA Bhatti,International T20,4,4,25,8.333333333333334,67.56756756756756,0,0,2012,2012
SFS Cheema,International T20,20,6,25,6.25,125,0,0,2025,2026
H Dandapani,International T20,8,4,25,12.5,73.52941176470588,0,0,2019,2024
IK Darmawan,International T20,3,3,25,8.333333333333334,73.52941176470588,0,0,2022,2023
AM Ellis,International T20,5,5,25,8.333333333333334,119.04761904761905,0,0,2012,2013
CRD Fernando,International T20,18,7,25,5,92.5925925925926,0,0,2006,2016
G Goudie,International T20,9,6,25,6.25,125,0,0,2010,2013
Hassan Mehmood,International T20,5,5,25,12.5,80.64516129032258,0,0,2021,2021
S Hunter (),International T20,4,3,25,8.333333333333334,73.52941176470588,0,0,2025,2025
RK Kleinveldt,International T20,6,3,25,25,250,0,0,2008,2013
Luqman Hussan,International T20,4,4,25,6.25,64.1025641025641,0,0,2026,2026
L McCarthy,International T20,3,3,25,12.5,104.16666666666667,0,0,2025,2026
Muhammad Jawadullah,International T20,41,5,25,12.5,96.15384615384616,0,0,2023,2026
Murat Yilmaz,International T20,13,10,25,2.7777777777777777,35.714285714285715,0,0,2023,2026
PM Nevill,International T20,9,5,25,25,227.27272727272728,0,0,2016,2016
SO Olayinka,International T20,3,3,25,8.333333333333334,73.52941176470588,0,0,2021,2021
E Otgonbayar,International T20,9,8,25,3.125,32.89473684210527,0,0,2023,2024
HJ Patel,International T20,2,2,25,12.5,100,0,0,2023,2023
AR Prasad,International T20,22,9,25,6.25,44.642857142857146,0,0,2023,2024
V Rathinasamy,International T20,4,4,25,6.25,47.16981132075472,0,0,2024,2024
S Ravoka,International T20,6,6,25,6.25,60.97560975609756,0,0,2022,2022
Raza-ur-Rehman,International T20,5,4,25,6.25,86.20689655172413,0,0,2012,2013
A Razmilic,International T20,16,11,25,2.7777777777777777,43.859649122807014,0,0,2025,2026
Saeed Waqar Ali,International T20,16,11,25,3.5714285714285716,33.78378378378378,0,0,2024,2026
M Sarenac,International T20,34,13,25,2.7777777777777777,45.45454545454545,0,0,2019,2025
Saud Munir,International T20,20,7,25,12.5,58.139534883720934,0,0,2022,2026
Shahriar Nafees,International T20,1,1,25,25,147.05882352941177,0,0,2006,2006
LSP Siriwardene,International T20,4,4,25,6.25,56.81818181818182,0,0,2024,2024
A Srivastav,International T20,4,4,25,6.25,67.56756756756756,0,0,2019,2019
H Ssenyondo,International T20,95,18,25,3.125,49.01960784313725,0,0,2019,2025
Tahir Dar,International T20,4,2,25,12.5,100,0,0,2019,2019
K Thagunna,International T20,2,2,25,12.5,60.97560975609756,0,0,2025,2025
M Turner (),International T20,3,2,25,Inf,119.04761904761905,0,0,2025,2025
G Tuskan,International T20,5,4,25,6.25,50,0,0,2026,2026
AA Wagh,International T20,5,3,25,8.333333333333334,96.15384615384616,0,0,2026,2026
Abdul Samad,International T20,19,6,24,Inf,75,0,0,2024,2026
Adil Hanif,International T20,4,2,24,12,104.34782608695652,0,0,2019,2019
Ashish Gupta,International T20,5,4,24,6,68.57142857142857,0,0,2025,2025
OO Bascome,International T20,3,3,24,8,82.75862068965517,0,0,2008,2019
N Bidaisee,International T20,3,2,24,12,80,0,0,2025,2025
S Bogdos,International T20,4,4,24,6,40.67796610169492,0,0,2022,2022
GF Cardos,International T20,8,8,24,3,27.906976744186046,0,0,2025,2025
LA Collado,International T20,9,5,24,12,58.536585365853654,0,0,2019,2021
MGSM Fernando,International T20,6,3,24,8,126.3157894736842,0,0,2021,2021
C Floyd,International T20,4,3,24,24,100,0,0,2019,2022
JN Gillespie,International T20,1,1,24,24,133.33333333333331,0,0,2005,2005
T Gwandu,International T20,19,7,24,12,66.66666666666666,0,0,2023,2025
Ibrahim Jabarkhel,International T20,12,6,24,12,85.71428571428571,0,0,2021,2023
Jagjit Singh,International T20,4,4,24,6,80,0,0,2019,2019
RM Koda,International T20,68,16,24,3.4285714285714284,53.333333333333336,0,0,2022,2025
MJ McClenaghan,International T20,29,8,24,6,104.34782608695652,0,0,2012,2018
WJ Malinda,International T20,11,7,24,4.8,75,0,0,2019,2023
Mohammad Hasnain,International T20,28,11,24,24,92.3076923076923,0,0,2019,2024
Mohammed Faraazuddin,International T20,6,4,24,8,88.88888888888889,0,0,2023,2023
S Muthusamy,International T20,5,5,24,6,104.34782608695652,0,0,2025,2025
Omer Kutuk,International T20,5,4,24,24,92.3076923076923,0,0,2026,2026
M Prasanna,International T20,4,3,24,12,184.6153846153846,0,0,2023,2023
Qudratullah Mir Afzail,International T20,6,5,24,8,114.28571428571428,0,0,2021,2021
Rameez Raja (2),International T20,2,2,24,12,82.75862068965517,0,0,2011,2011
B Regmi,International T20,18,11,24,3.4285714285714284,42.857142857142854,0,0,2014,2019
RR Saun,International T20,7,6,24,4.8,50,0,0,2024,2025
CP Schofield,International T20,4,4,24,24,120,0,0,2007,2007
Shivam Sharma,International T20,11,2,24,12,218.18181818181816,0,0,2025,2026
Shoaib Khan,International T20,6,5,24,6,75,0,0,2022,2022
UNGB Thenannahelage,International T20,9,5,24,6,80,0,0,2022,2022
Z Tomlinson,International T20,5,2,24,12,104.34782608695652,0,0,2026,2026
Ubaid Martuza,International T20,8,3,24,24,114.28571428571428,0,0,2024,2025
SM Warnakulasuriya,International T20,8,4,24,8,96,0,0,2023,2023
Yasir Mohammad,International T20,13,5,24,6,60,0,0,2021,2025
KJ Abbott,International T20,21,6,23,11.5,114.99999999999999,0,0,2013,2016
Abdul Gaffar Saqlain,International T20,3,2,23,23,109.52380952380953,0,0,2026,2026
Ali Waqar,International T20,6,3,23,7.666666666666667,76.66666666666667,0,0,2021,2021
Ali Raza,International T20,5,4,23,11.5,114.99999999999999,0,0,2021,2022
R Avery,International T20,12,9,23,2.875,46,0,0,2019,2024
AB Barath,International T20,2,2,23,11.5,58.97435897435898,0,0,2010,2011
Bilawal Bhatti,International T20,9,4,23,11.5,164.28571428571428,0,0,2013,2015
A Bohara,International T20,62,17,23,3.2857142857142856,69.6969696969697,0,0,2019,2024
S Chaudhary,International T20,9,4,23,7.666666666666667,85.18518518518519,0,0,2022,2025
RL De silva,International T20,3,3,23,11.5,57.49999999999999,0,0,2026,2026
SDJJ Dima,International T20,15,8,23,3.2857142857142856,41.07142857142857,0,0,2019,2022
AA Gajic,International T20,25,8,23,7.666666666666667,46.93877551020408,0,0,2022,2025
S Gasteratos,International T20,4,3,23,11.5,69.6969696969697,0,0,2021,2021
Hardev Singh,International T20,3,3,23,7.666666666666667,47.91666666666667,0,0,2019,2019
RK Inampud,International T20,3,3,23,23,82.14285714285714,0,0,2019,2019
Issa Al Balushi,International T20,5,4,23,7.666666666666667,65.71428571428571,0,0,2026,2026
V Jatinder Kumar,International T20,19,8,23,3.8333333333333335,79.3103448275862,0,0,2025,2026
Junaid Khan,International T20,20,6,23,7.666666666666667,191.66666666666669,0,0,2021,2024
NA Karnik,International T20,10,4,23,7.666666666666667,48.93617021276596,0,0,2022,2026
M Mariyappan,International T20,6,6,23,3.8333333333333335,48.93617021276596,0,0,2024,2026
Matthew Mount,International T20,5,5,23,5.75,82.14285714285714,0,0,2026,2026
Mohamed Turay,International T20,25,14,23,4.6,45.09803921568628,0,0,2025,2026
PV Naringrekar,International T20,10,8,23,3.8333333333333335,69.6969696969697,0,0,2024,2026
T Panyangara,International T20,14,5,23,23,135.29411764705884,0,0,2013,2016
IKA Pastika,International T20,3,2,23,Inf,135.29411764705884,0,0,2023,2023
Rohail Nazir,International T20,3,2,23,11.5,100,0,0,2023,2023
VM Sachdev,International T20,2,2,23,23,74.19354838709677,0,0,2019,2019
PADLR Sandakan,International T20,20,7,23,7.666666666666667,60.526315789473685,0,0,2017,2021
BV Sears,International T20,28,9,23,7.666666666666667,69.6969696969697,0,0,2021,2026
Shafiul Islam,International T20,20,6,23,4.6,69.6969696969697,0,0,2010,2020
S Sohal,International T20,3,2,23,11.5,79.3103448275862,0,0,2019,2019
Zulqarnain Haider,International T20,3,3,23,7.666666666666667,76.66666666666667,0,0,2007,2010
Abdur Rehman,International T20,8,5,22,11,75.86206896551724,0,0,2007,2013
Alexander Hillman,International T20,2,1,22,22,157.14285714285714,0,0,2026,2026
Ali Sheikh,International T20,7,3,22,11,110.00000000000001,0,0,2025,2025
Anwar Rahman,International T20,22,10,22,3.6666666666666665,64.70588235294117,0,0,2019,2023
PC de Silva,International T20,2,2,22,11,100,0,0,2017,2017
AB Dinda,International T20,9,2,22,22,91.66666666666666,0,0,2009,2012
L Erdenebulgan,International T20,15,14,22,1.5714285714285714,18.333333333333332,0,0,2023,2024
A Harikumar,International T20,1,1,22,22,169.23076923076923,0,0,2021,2021
S Henry,International T20,5,5,22,4.4,28.205128205128204,0,0,2025,2025
PJ Ingram,International T20,3,3,22,11,62.857142857142854,0,0,2010,2010
A Kansonkho,International T20,7,3,22,11,115.78947368421053,0,0,2021,2023
AL Khunti,International T20,5,4,22,7.333333333333333,59.45945945945946,0,0,2026,2026
M Kulfiwala,International T20,3,3,22,7.333333333333333,104.76190476190477,0,0,2025,2025
LD Madushanka,International T20,3,3,22,7.333333333333333,75.86206896551724,0,0,2019,2021
M Malle,International T20,10,8,22,2.75,22.916666666666664,0,0,2022,2024
Mohammad Shamshad Khan,International T20,6,4,22,11,137.5,0,0,2022,2022
M Morkel,International T20,44,8,22,7.333333333333333,122.22222222222223,0,0,2007,2017
Fahim Bhatti,International T20,14,4,22,11,73.33333333333333,0,0,2022,2024
DP Nannes,International T20,17,5,22,11,122.22222222222223,0,0,2009,2010
Nazmul Huda,International T20,8,7,22,4.4,35.483870967741936,0,0,2025,2025
FL Reifer,International T20,1,1,22,22,110.00000000000001,0,0,2009,2009
Shahzeb Choudhry,International T20,5,4,22,7.333333333333333,68.75,0,0,2023,2023
JWP Stephan,International T20,3,3,22,7.333333333333333,73.33333333333333,0,0,2026,2026
Umair Ali,International T20,3,3,22,22,122.22222222222223,0,0,2015,2015
Virendra Kumar,International T20,4,4,22,11,115.78947368421053,0,0,2024,2024
VM Waqavakatoga,International T20,6,6,22,4.4,78.57142857142857,0,0,2026,2026
D Wotu,International T20,22,7,22,22,122.22222222222223,0,0,2022,2026
A Wright,International T20,32,10,22,3.6666666666666665,37.93103448275862,0,0,2023,2026
UT Yadav,International T20,9,2,22,22,104.76190476190477,0,0,2012,2022
Z Abbasi,International T20,4,4,21,5.25,116.66666666666667,0,0,2019,2022
Abdul Hai Muhammad,International T20,3,3,21,7,150,0,0,2024,2024
SE Bond,International T20,20,8,21,4.2,100,0,0,2005,2010
B Botcha,International T20,5,5,21,4.2,42.857142857142854,0,0,2026,2026
T Bukenya,International T20,4,3,21,Inf,116.66666666666667,0,0,2020,2021
BB Chari,International T20,3,3,21,7,67.74193548387096,0,0,2019,2019
G Cupido,International T20,5,4,21,7,65.625,0,0,2025,2025
BADL Faunce,International T20,4,3,21,7,65.625,0,0,2026,2026
C Forshaw,International T20,16,4,21,10.5,80.76923076923077,0,0,2024,2026
MR Gillespie,International T20,11,6,21,10.5,72.41379310344827,0,0,2006,2008
J Grzinic,International T20,7,5,21,7,42.857142857142854,0,0,2022,2024
HL Harji,International T20,9,7,21,3.5,70,0,0,2021,2026
E Hasahya,International T20,5,5,21,4.2,75,0,0,2022,2022
Imam-ul-Haq,International T20,2,2,21,10.5,84,0,0,2019,2019
Y Jasti,International T20,11,7,21,3,58.333333333333336,0,0,2024,2026
Kamran Shazad,International T20,3,2,21,10.5,123.52941176470588,0,0,2014,2014
Karweng NG,International T20,4,3,21,7,70,0,0,2019,2019
C Mahoney,International T20,3,1,21,21,77.77777777777779,0,0,2019,2019
MF Manjate,International T20,11,6,21,3.5,46.666666666666664,0,0,2023,2025
Mohammad Sami,International T20,13,4,21,21,70,0,0,2010,2016
Nathan Ingleston,International T20,5,2,21,21,65.625,0,0,2025,2026
Nirmaljit Singh,International T20,9,6,21,7,40.38461538461539,0,0,2025,2025
E Ochieng,International T20,10,5,21,7,87.5,0,0,2019,2022
R Pisal,International T20,11,3,21,7,87.5,0,0,2019,2025
Raheel Thakkar,International T20,4,2,21,21,72.41379310344827,0,0,2026,2026
Shahid Mahmood,International T20,13,4,21,21,80.76923076923077,0,0,2022,2022
SP Shalders,International T20,2,2,21,10.5,60,0,0,2023,2023
R Sheshadri,International T20,4,3,21,10.5,95.45454545454545,0,0,2024,2024
Shoaib Akhtar,International T20,15,6,21,7,131.25,0,0,2006,2010
SJS Smith,International T20,5,4,21,7,52.5,0,0,2010,2012
CB Sole,International T20,17,7,21,7,84,0,0,2017,2024
DW Steyn,International T20,47,12,21,3.5,80.76923076923077,0,0,2007,2020
T Takada,International T20,3,3,21,10.5,110.5263157894737,0,0,2023,2023
JKC Ahir,International T20,3,2,20,10,40,0,0,2023,2023
Ainool Haqqiem,International T20,4,2,20,20,100,0,0,2019,2019
Ali Abbas,International T20,4,4,20,6.666666666666667,58.82352941176471,0,0,2020,2025
Ateeq Iqbal,International T20,43,13,20,6.666666666666667,68.96551724137932,0,0,2022,2026
Azri Azhar,International T20,14,4,20,6.666666666666667,95.23809523809523,0,0,2024,2026
RL Bhudia,International T20,3,3,20,10,100,0,0,2007,2007
J Butler,International T20,17,6,20,5,55.55555555555556,0,0,2020,2026
F Clarke,International T20,11,7,20,4,52.63157894736842,0,0,2023,2025
JD Davies,International T20,3,2,20,Inf,142.85714285714286,0,0,2026,2026
KR Ebanks,International T20,8,7,20,2.857142857142857,44.44444444444444,0,0,2019,2025
Fakhrul Mohon,International T20,8,4,20,10,133.33333333333331,0,0,2019,2022
KK Flowers,International T20,3,3,20,10,60.60606060606061,0,0,2019,2019
MS Graham,International T20,6,6,20,4,52.63157894736842,0,0,2021,2021
Z Groenewald,International T20,10,4,20,6.666666666666667,57.14285714285714,0,0,2019,2019
DL Hemp,International T20,2,2,20,10,62.5,0,0,2008,2008
FFJ Heo,International T20,6,6,20,3.3333333333333335,55.55555555555556,0,0,2024,2025
R Heyns,International T20,2,1,20,20,125,0,0,2020,2020
Humayun Kabir,International T20,3,3,20,10,68.96551724137932,0,0,2021,2021
Ihsanullah,International T20,1,1,20,20,142.85714285714286,0,0,2022,2022
Manish Sharma,International T20,10,5,20,5,35.08771929824561,0,0,2023,2024
GM Mwendwa,International T20,34,6,20,10,74.07407407407408,0,0,2022,2026
Naiem Bameri,International T20,3,3,20,6.666666666666667,35.08771929824561,0,0,2020,2020
MJ North,International T20,1,1,20,20,95.23809523809523,0,0,2009,2009
P Suman Bhai Ahir,International T20,9,7,20,3.3333333333333335,58.82352941176471,0,0,2024,2026
B Pondani,International T20,42,10,20,6.666666666666667,62.5,0,0,2021,2026
Rubel Hossain,International T20,28,15,20,4,55.55555555555556,0,0,2009,2021
JRMVB Sanjaya,International T20,8,5,20,6.666666666666667,111.11111111111111,0,0,2017,2017
Sarfraz Rao,International T20,6,6,20,3.3333333333333335,46.51162790697674,0,0,2025,2025
Shakeel Zeb,International T20,4,2,20,20,105.26315789473684,0,0,2025,2026
A Shukla,International T20,5,5,20,4,51.28205128205128,0,0,2024,2024
Z Shurentsetseg,International T20,12,11,20,2.857142857142857,29.850746268656714,0,0,2024,2024
S Sreesanth,International T20,10,3,20,20,142.85714285714286,0,0,2006,2008
PSRK Sudarshan,International T20,14,5,20,5,100,0,0,2025,2025
SS Tallapragada,International T20,2,2,20,10,74.07407407407408,0,0,2026,2026
C Waiswa,International T20,10,2,20,20,142.85714285714286,0,0,2019,2021
BTJ Wheal,International T20,26,8,20,6.666666666666667,86.95652173913044,0,0,2016,2026
Abdul Rashid,International T20,2,2,19,9.5,52.77777777777778,0,0,2019,2021
Abraar Khan,International T20,5,5,19,3.8,45.23809523809524,0,0,2026,2026
PK Ananya,International T20,4,3,19,9.5,100,0,0,2024,2024
Areeb Quadir,International T20,5,4,19,4.75,57.57575757575758,0,0,2019,2024
S Barediya,International T20,2,2,19,9.5,76,0,0,2023,2023
Bilal Ahmed,International T20,1,1,19,19,67.85714285714286,0,0,2019,2019
K Burrows,International T20,12,5,19,4.75,76,0,0,2022,2026
Charles Trott,International T20,13,7,19,4.75,63.33333333333333,0,0,2023,2026
BJ Currie,International T20,22,6,19,9.5,59.375,0,0,2023,2026
CJ Dala,International T20,10,4,19,19,67.85714285714286,0,0,2018,2021
P Danci,International T20,4,3,19,9.5,73.07692307692307,0,0,2019,2020
Danish Jasnaik,International T20,9,5,19,4.75,73.07692307692307,0,0,2022,2022
ST Doheny,International T20,3,3,19,6.333333333333333,90.47619047619048,0,0,2023,2023
J Dowling,International T20,16,9,19,3.8,40.42553191489361,0,0,2025,2026
Fahad Tariq,International T20,6,5,19,4.75,79.16666666666666,0,0,2016,2016
J Figy,International T20,2,2,19,9.5,63.33333333333333,0,0,2025,2025
GJ Hilkowitz,International T20,4,4,19,4.75,111.76470588235294,0,0,2026,2026
L Horan,International T20,4,1,19,Inf,271.42857142857144,0,0,2026,2026
Huzaif Yousuf,International T20,8,3,19,19,76,0,0,2023,2026
Imran Ahmed Kaneez,International T20,9,6,19,3.8,37.254901960784316,0,0,2024,2026
Imran Tahir,International T20,38,4,19,19,105.55555555555556,0,0,2013,2019
Irfan Mir,International T20,4,3,19,19,271.42857142857144,0,0,2019,2019
D Issiaka,International T20,11,11,19,1.7272727272727273,25,0,0,2024,2026
Junaid Sheikh,International T20,5,3,19,6.333333333333333,95,0,0,2019,2019
A Khakimov,International T20,3,3,19,6.333333333333333,31.666666666666664,0,0,2026,2026
R Khanyapa,International T20,5,3,19,9.5,90.47619047619048,0,0,2024,2024
HGJM Kulatunga,International T20,2,2,19,9.5,50,0,0,2008,2008
CJ McKay,International T20,6,4,19,9.5,86.36363636363636,0,0,2010,2013
KT Maphaka,International T20,22,6,19,9.5,79.16666666666666,0,0,2024,2026
KP Meiyappan,International T20,15,6,19,9.5,82.6086956521739,0,0,2021,2023
Mohammad Ahsan,International T20,6,3,19,6.333333333333333,95,0,0,2019,2019
Muhammad Farooq,International T20,14,2,19,19,126.66666666666666,0,0,2024,2026
Muktar Ali,International T20,1,1,19,Inf,126.66666666666666,0,0,2016,2016
ASH Parsons,International T20,5,5,19,3.8,37.254901960784316,0,0,2025,2026
M Pathirana,International T20,28,11,19,3.1666666666666665,51.35135135135135,0,0,2022,2026
J Perry,International T20,6,3,19,9.5,46.34146341463415,0,0,2026,2026
AM Phangiso,International T20,16,3,19,6.333333333333333,65.51724137931035,0,0,2012,2018
RLB Rambukwella,International T20,2,1,19,19,118.75,0,0,2013,2016
C Rumistrzewicz,International T20,33,8,19,6.333333333333333,57.57575757575758,0,0,2021,2026
J Scheffer,International T20,6,6,19,3.1666666666666665,38,0,0,2025,2025
RM Scott,International T20,2,2,19,9.5,100,0,0,2021,2021
SG Shinde,International T20,4,4,19,19,59.375,0,0,2022,2026
RK Singh,International T20,4,4,19,4.75,46.34146341463415,0,0,2024,2024
N Tyagi,International T20,13,4,19,9.5,57.57575757575758,0,0,2023,2026
VL Mukesh,International T20,8,5,19,3.8,86.36363636363636,0,0,2021,2022
V Viyaskanth,International T20,4,4,19,19,82.6086956521739,0,0,2023,2026
KOK Williams,International T20,26,7,19,6.333333333333333,111.76470588235294,0,0,2016,2020
Yang Wangjie,International T20,2,2,19,9.5,73.07692307692307,0,0,2026,2026
N Yordanov,International T20,2,2,19,19,172.72727272727272,0,0,2019,2019
KS Airee,International T20,10,3,18,6,100,0,0,2021,2022
MC Alex,International T20,10,10,18,1.8,39.130434782608695,0,0,2024,2026
Atif-Ur-Rehman,International T20,19,7,18,9,85.71428571428571,0,0,2022,2024
Aung Ko Ko,International T20,13,8,18,3.6,45,0,0,2023,2024
Davion Codner,International T20,7,5,18,4.5,78.26086956521739,0,0,2025,2026
SS Cottrell,International T20,45,10,18,4.5,62.06896551724138,0,0,2014,2023
L Croospulle,International T20,4,4,18,4.5,100,0,0,2023,2026
LHD Dilhara,International T20,2,1,18,Inf,200,0,0,2008,2008
XJ Doherty,International T20,11,4,18,18,105.88235294117648,0,0,2012,2013
D Fernando,International T20,3,2,18,18,105.88235294117648,0,0,2026,2026
JP Greaves,International T20,2,2,18,9,90,0,0,2024,2026
BE Hendricks,International T20,19,5,18,6,78.26086956521739,0,0,2014,2021
A Husain,International T20,23,8,18,18,72,0,0,2019,2026
Idan Varsulkar,International T20,4,4,18,6,90,0,0,2026,2026
O Issouf,International T20,8,7,18,3,25.71428571428571,0,0,2024,2026
Abduljabar Jabarkhail,International T20,6,2,18,9,150,0,0,2024,2024
I Katzarski,International T20,18,7,18,3,42.857142857142854,0,0,2019,2022
Khurram Chohan,International T20,4,4,18,9,128.57142857142858,0,0,2010,2010
E Malinga,International T20,14,8,18,9,100,0,0,2025,2026
SW Masakadza,International T20,7,5,18,4.5,75,0,0,2010,2013
D Mendonca,International T20,8,8,18,2.25,20.224719101123593,0,0,2025,2025
M Musinguzi,International T20,15,2,18,18,180,0,0,2025,2026
Nauman Anwar,International T20,1,1,18,18,180,0,0,2015,2015
Naved-ul-Hasan,International T20,4,2,18,18,112.5,0,0,2006,2010
Nazmul Islam,International T20,13,4,18,18,105.88235294117648,0,0,2018,2018
Parveen Kumar,International T20,2,1,18,18,94.73684210526315,0,0,2026,2026
Rakibul Hasan,International T20,3,2,18,18,257.14285714285717,0,0,2023,2023
Raza Hasan,International T20,10,4,18,Inf,72,0,0,2012,2014
SR Rocket,International T20,16,9,18,2.25,39.130434782608695,0,0,2021,2026
S Snater,International T20,13,6,18,3.6,112.5,0,0,2018,2019
R Thapliyal,International T20,16,5,18,9,66.66666666666666,0,0,2023,2026
S Thuraisingam,International T20,3,2,18,18,75,0,0,2008,2008
Vimal Kumar,International T20,4,2,18,18,50,0,0,2019,2022
JW Wilson,International T20,1,1,18,18,128.57142857142858,0,0,2005,2005
D Young,International T20,5,4,18,4.5,85.71428571428571,0,0,2024,2024
Zahid Abbas,International T20,4,3,18,6,85.71428571428571,0,0,2021,2021
Adil Khan,International T20,5,2,17,8.5,73.91304347826086,0,0,2024,2026
Ahmed Daniyal,International T20,4,1,17,17,154.54545454545453,0,0,2025,2026
Khan Arbaaz,International T20,2,2,17,8.5,73.91304347826086,0,0,2022,2022
Ashiqullah Said,International T20,12,6,17,4.25,106.25,0,0,2019,2021
Awais Malik,International T20,18,7,17,2.4285714285714284,62.96296296296296,0,0,2019,2020
Azmat Ali,International T20,2,1,17,17,85,0,0,2021,2021
TL Best,International T20,6,1,17,Inf,188.88888888888889,0,0,2013,2014
D Bishoo,International T20,7,4,17,8.5,58.620689655172406,0,0,2011,2019
P Bosnjak,International T20,12,8,17,2.125,53.125,0,0,2023,2025
G Bruno (),International T20,2,2,17,8.5,188.88888888888889,0,0,2025,2025
P Deol,International T20,3,3,17,5.666666666666667,56.666666666666664,0,0,2024,2024
P Desungnoen,International T20,4,3,17,5.666666666666667,70.83333333333334,0,0,2022,2024
Dharmang Patel,International T20,5,1,17,17,60.71428571428571,0,0,2022,2022
R Dhiman,International T20,4,3,17,8.5,100,0,0,2022,2022
B Dugic,International T20,22,7,17,3.4,42.5,0,0,2019,2026
Du Jianhao,International T20,2,2,17,8.5,58.620689655172406,0,0,2026,2026
RR Emrit,International T20,4,3,17,5.666666666666667,62.96296296296296,0,0,2018,2018
Fazalhaq Farooqi,International T20,57,17,17,4.25,43.58974358974359,0,0,2021,2026
A Gasteratos,International T20,9,8,17,2.4285714285714284,38.63636363636363,0,0,2022,2026
K Gilham,International T20,7,4,17,Inf,94.44444444444444,0,0,2020,2021
Gurpreet Singh,International T20,3,2,17,8.5,121.42857142857142,0,0,2022,2022
AA Jimoh,International T20,6,4,17,5.666666666666667,70.83333333333334,0,0,2025,2025
Khurram Shahzad,International T20,7,5,17,4.25,58.620689655172406,0,0,2020,2020
S Kizilkaya,International T20,4,4,17,4.25,60.71428571428571,0,0,2019,2019
E Kuyumcu,International T20,3,3,17,5.666666666666667,36.17021276595745,0,0,2022,2022
L Louwrens,International T20,1,1,17,Inf,113.33333333333333,0,0,2019,2019
V Marghashayam,International T20,9,7,17,4.25,60.71428571428571,0,0,2023,2026
D Mauro,International T20,4,3,17,Inf,70.83333333333334,0,0,2023,2023
MD Shoyaib,International T20,2,1,17,17,113.33333333333333,0,0,2022,2022
RTM Mendis,International T20,4,3,17,5.666666666666667,80.95238095238095,0,0,2021,2024
JH Mensah,International T20,2,2,17,8.5,170,0,0,2019,2019
A Musaev,International T20,4,4,17,8.5,70.83333333333334,0,0,2026,2026
Niyas Pullariyil,International T20,2,2,17,Inf,94.44444444444444,0,0,2025,2025
LN Onyango,International T20,5,4,17,8.5,80.95238095238095,0,0,2007,2010
TK Patel,International T20,7,3,17,Inf,94.44444444444444,0,0,2019,2019
B Pita,International T20,1,1,17,17,188.88888888888889,0,0,2023,2023
KW Richardson,International T20,36,7,17,4.25,100,0,0,2014,2023
Rizwan Mangera,International T20,7,6,17,3.4,36.95652173913043,0,0,2021,2026
Ryan Adams,International T20,5,5,17,4.25,62.96296296296296,0,0,2026,2026
Mofassar Saeed,International T20,1,1,17,17,89.47368421052632,0,0,2024,2024
BA Sambo,International T20,6,3,17,Inf,85,0,0,2019,2025
Sameer Yousuf,International T20,3,2,17,17,242.85714285714283,0,0,2026,2026
Shafraz Jaleel,International T20,4,3,17,5.666666666666667,121.42857142857142,0,0,2019,2019
JR Singleton,International T20,3,3,17,5.666666666666667,65.38461538461539,0,0,2019,2019
T Singye,International T20,2,2,17,8.5,68,0,0,2019,2019
L Sipamla,International T20,15,5,17,5.666666666666667,68,0,0,2019,2026
D St Ange (),International T20,4,3,17,5.666666666666667,68,0,0,2025,2025
S Tabuisulu,International T20,16,11,17,1.8888888888888888,50,0,0,2023,2026
EG Taylor,International T20,2,2,17,8.5,32.69230769230769,0,0,2023,2023
M Thurgate,International T20,2,1,17,17,154.54545454545453,0,0,2024,2024
RJW Topley,International T20,35,10,17,8.5,85,0,0,2015,2024
Usman Ali,International T20,8,3,17,8.5,68,0,0,2019,2020
K Vislapuu,International T20,26,9,17,3.4,85,0,0,2021,2026
E Yaver,International T20,4,3,17,5.666666666666667,85,0,0,2025,2025
Zain ul Tashnam,International T20,3,2,17,17,65.38461538461539,0,0,2019,2019
Abdullah Sheikh,International T20,5,4,16,5.333333333333333,64,0,0,2019,2022
Abid Ullah Shah,International T20,2,2,16,16,160,0,0,2026,2026
BB Ahir,International T20,3,3,16,16,84.21052631578947,0,0,2026,2026
Ali Hussain,International T20,10,4,16,5.333333333333333,88.88888888888889,0,0,2024,2025
D Asghar,International T20,2,2,16,8,100,0,0,2026,2026
RR Behera,International T20,2,2,16,8,59.25925925925925,0,0,2021,2021
KK Bishnoi,International T20,3,2,16,16,88.88888888888889,0,0,2019,2019
M Chauhan,International T20,2,2,16,8,200,0,0,2019,2019
S Delai,International T20,1,1,16,16,55.172413793103445,0,0,2022,2022
U Dorji,International T20,2,2,16,8,94.11764705882352,0,0,2019,2019
Farmanullah Ghari,International T20,5,4,16,5.333333333333333,145.45454545454547,0,0,2026,2026
CJ Ferguson,International T20,3,3,16,5.333333333333333,84.21052631578947,0,0,2009,2009
M Fru,International T20,4,4,16,4,51.61290322580645,0,0,2021,2021
S Gajjar,International T20,3,3,16,8,72.72727272727273,0,0,2020,2020
P Gheewala,International T20,15,5,16,4,76.19047619047619,0,0,2023,2025
LF Goncalves,International T20,3,2,16,8,76.19047619047619,0,0,2019,2019
Hasan Yanar,International T20,4,4,16,16,55.172413793103445,0,0,2025,2025
EH Hutchinson,International T20,4,1,16,16,200,0,0,2019,2021
WJ Lubbe,International T20,2,2,16,8,160,0,0,2021,2021
T Lungameni,International T20,41,5,16,16,145.45454545454547,0,0,2019,2025
TSS Mackintosh,International T20,2,1,16,16,114.28571428571428,0,0,2023,2023
B Mahesh,International T20,6,4,16,5.333333333333333,160,0,0,2024,2024
Mehrab Hossain jnr,International T20,2,2,16,16,64,0,0,2008,2009
Muhammad Asjed,International T20,3,2,16,8,100,0,0,2019,2021
Muhammad Safdar,International T20,3,2,16,Inf,133.33333333333331,0,0,2022,2022
N Naranbaatar,International T20,13,12,16,1.4545454545454546,17.391304347826086,0,0,2023,2024
AA Paradkar,International T20,4,2,16,16,123.07692307692308,0,0,2024,2024
RK Punjabi,International T20,3,2,16,16,123.07692307692308,0,0,2026,2026
JB Reva,International T20,9,4,16,4,72.72727272727273,0,0,2015,2019
T Ritawa,International T20,11,5,16,4,57.14285714285714,0,0,2022,2024
Rizwan Zahoor,International T20,2,2,16,Inf,84.21052631578947,0,0,2025,2025
BJ Rohrer,International T20,1,1,16,16,114.28571428571428,0,0,2013,2013
BV Save,International T20,2,2,16,8,94.11764705882352,0,0,2020,2020
R Sekaran,International T20,10,4,16,16,59.25925925925925,0,0,2024,2026
Shafiullah Zakhel,International T20,5,3,16,16,177.77777777777777,0,0,2025,2025
Shahnawaz Dahani,International T20,11,1,16,16,266.66666666666663,0,0,2021,2022
EHSN Silva,International T20,2,2,16,16,72.72727272727273,0,0,2014,2014
L Smith,International T20,3,3,16,5.333333333333333,72.72727272727273,0,0,2025,2025
P Taylor,International T20,11,3,16,8,100,0,0,2019,2021
P Vailoa,International T20,2,2,16,16,160,0,0,2025,2025
Wasim Al Balushi,International T20,5,4,16,5.333333333333333,51.61290322580645,0,0,2026,2026
Yousif Wali,International T20,5,3,16,5.333333333333333,66.66666666666666,0,0,2022,2026
Yudha Verdian,International T20,3,3,16,5.333333333333333,55.172413793103445,0,0,2026,2026
Zeeshan Haider,International T20,4,1,16,16,145.45454545454547,0,0,2026,2026
Aamer Yamin,International T20,2,1,15,Inf,250,0,0,2015,2018
Abdul Majid Malik,International T20,9,3,15,15,115.38461538461537,0,0,2020,2024
Aftab Ahmed (2),International T20,4,3,15,5,55.55555555555556,0,0,2019,2021
AB Agarkar,International T20,4,2,15,7.5,136.36363636363635,0,0,2006,2007
Ali Khan,International T20,21,5,15,7.5,136.36363636363635,0,0,2021,2026
Aanand Pandey,International T20,3,1,15,15,115.38461538461537,0,0,2021,2021
Anowarul Islam,International T20,4,4,15,3.75,75,0,0,2019,2019
NW Bracken,International T20,19,6,15,5,68.18181818181817,0,0,2006,2009
P Campbell,International T20,5,5,15,5,46.875,0,0,2022,2022
JJ Chicuele,International T20,5,3,15,15,75,0,0,2025,2026
K Christie,International T20,11,4,15,7.5,75,0,0,2019,2019
GL Cloete,International T20,2,2,15,7.5,100,0,0,2018,2019
J Dickinson,International T20,1,1,15,15,107.14285714285714,0,0,2024,2024
DC Drakes,International T20,10,5,15,3,78.94736842105263,0,0,2021,2022
E Kuchey,International T20,6,4,15,7.5,57.692307692307686,0,0,2024,2025
L Fereti,International T20,3,3,15,7.5,83.33333333333334,0,0,2023,2023
M Gill,International T20,1,1,15,15,75,0,0,2025,2025
V Hampihallikar,International T20,6,3,15,5,36.58536585365854,0,0,2022,2022
Ilyas Ahmed,International T20,19,7,15,15,107.14285714285714,0,0,2019,2024
Imran Khan,International T20,58,14,15,1.6666666666666667,53.57142857142857,0,0,2022,2026
Karma Dorji,International T20,16,8,15,5,136.36363636363635,0,0,2023,2025
E Katchay,International T20,4,3,15,15,60,0,0,2008,2008
AC Kose,International T20,4,4,15,3.75,45.45454545454545,0,0,2019,2019
P Kumbhare,International T20,20,9,15,3,55.55555555555556,0,0,2022,2024
N Mapunda,International T20,7,2,15,15,71.42857142857143,0,0,2021,2021
A Mongar,International T20,7,4,15,7.5,46.875,0,0,2023,2026
Muhammet Bicer,International T20,11,9,15,2.142857142857143,36.58536585365854,0,0,2023,2026
B Namsrai,International T20,13,12,15,1.3636363636363635,20,0,0,2023,2024
N Nankov,International T20,5,3,15,7.5,60,0,0,2019,2021
D Nath,International T20,4,3,15,7.5,136.36363636363635,0,0,2022,2022
S Natsagdorj,International T20,4,4,15,3.75,25.423728813559322,0,0,2024,2024
Parveen Kumar,International T20,7,5,15,3.75,42.857142857142854,0,0,2022,2024
LA Pomersbach,International T20,1,1,15,15,214.28571428571428,0,0,2007,2007
RW Price,International T20,16,9,15,3,53.57142857142857,0,0,2008,2012
Ramandeep Singh,International T20,2,1,15,15,250,0,0,2024,2024
R Rampaul,International T20,27,7,15,7.5,51.724137931034484,0,0,2007,2021
N Rana,International T20,2,2,15,7.5,55.55555555555556,0,0,2021,2021
Riaz Afridi,International T20,4,3,15,5,93.75,0,0,2023,2024
D Samarawickrama,International T20,3,3,15,5,55.55555555555556,0,0,2022,2022
RHO Saunders,International T20,2,2,15,7.5,65.21739130434783,0,0,2022,2022
Shabir Noori,International T20,1,1,15,15,83.33333333333334,0,0,2012,2012
Shoaib Ali,International T20,8,3,15,5,71.42857142857143,0,0,2019,2020
J Smits,International T20,6,2,15,15,55.55555555555556,0,0,2008,2009
AO Suji,International T20,8,5,15,5,51.724137931034484,0,0,2007,2010
MK Tiwary,International T20,3,1,15,15,88.23529411764706,0,0,2011,2012
Usama Master,International T20,6,2,15,7.5,115.38461538461537,0,0,2019,2019
TV Valivarthi,International T20,5,3,15,7.5,55.55555555555556,0,0,2025,2025
VB van Jaarsveld,International T20,3,3,15,5,65.21739130434783,0,0,2009,2009
R Vishwanath,International T20,6,5,15,5,88.23529411764706,0,0,2019,2023
Waseem Tabrez,International T20,3,3,15,7.5,78.94736842105263,0,0,2026,2026
J Yon,International T20,6,4,15,15,107.14285714285714,0,0,2024,2026
Abdurrahman Ahmadzai,International T20,3,1,14,14,280,0,0,2026,2026
Abul Hasan,International T20,5,2,14,7,127.27272727272727,0,0,2012,2018
Adnan Razzaq,International T20,11,4,14,14,127.27272727272727,0,0,2021,2025
OEG Baartman,International T20,21,6,14,3.5,40,0,0,2024,2026
LS Barkania,International T20,20,4,14,14,56.00000000000001,0,0,2024,2026
S Barnett,International T20,4,3,14,4.666666666666667,77.77777777777779,0,0,2024,2026
S Bevin,International T20,3,3,14,7,93.33333333333333,0,0,2025,2025
D Birrell,International T20,17,4,14,7,82.35294117647058,0,0,2021,2026
PRP Boissevain,International T20,7,3,14,7,73.68421052631578,0,0,2019,2021
SG Borthwick,International T20,1,1,14,14,87.5,0,0,2011,2011
P Cabebula,International T20,10,8,14,2.3333333333333335,73.68421052631578,0,0,2022,2023
A Carthew,International T20,6,3,14,14,58.333333333333336,0,0,2019,2023
A Chaubey,International T20,4,4,14,3.5,66.66666666666666,0,0,2024,2024
BM Dlamini,International T20,6,5,14,2.8,53.84615384615385,0,0,2022,2024
G Dutta,International T20,7,6,14,2.3333333333333335,50,0,0,2019,2019
Faizalmahmed Patel,International T20,7,2,14,14,116.66666666666667,0,0,2023,2026
ST Finn,International T20,21,3,14,Inf,73.68421052631578,0,0,2011,2015
MJ Humphreys,International T20,20,7,14,2.8,73.68421052631578,0,0,2023,2026
B Jagroo,International T20,9,4,14,14,82.35294117647058,0,0,2021,2022
A Kalasi,International T20,12,6,14,7,87.5,0,0,2023,2025
H Kinga,International T20,7,4,14,7,58.333333333333336,0,0,2024,2026
T Langa,International T20,1,1,14,14,155.55555555555557,0,0,2019,2019
J Lassayo,International T20,14,7,14,2.8,56.00000000000001,0,0,2023,2026
JAH Marshall,International T20,3,2,14,7,93.33333333333333,0,0,2005,2008
DE Martel,International T20,6,3,14,7,60.86956521739131,0,0,2022,2024
A Mehmood,International T20,7,2,14,Inf,280,0,0,2016,2024
Milad Momend,International T20,19,10,14,2.3333333333333335,29.166666666666668,0,0,2023,2026
Mohammad Waheed,International T20,5,3,14,14,87.5,0,0,2023,2026
Mohammed Siraj,International T20,17,4,14,7,87.5,0,0,2017,2026
Muzahir Raza,International T20,6,5,14,Inf,175,0,0,2024,2025
AN Petersen,International T20,2,2,14,7,73.68421052631578,0,0,2010,2010
VD Philander,International T20,7,4,14,3.5,50,0,0,2007,2007
C Prasad,International T20,3,3,14,7,48.275862068965516,0,0,2019,2019
Rakibul Hasan,International T20,8,4,14,4.666666666666667,82.35294117647058,0,0,2019,2019
CM Rocca,International T20,2,1,14,14,73.68421052631578,0,0,2022,2022
AJA Samuels,International T20,6,2,14,Inf,48.275862068965516,0,0,2024,2024
Saqlain Haider,International T20,6,5,14,3.5,40,0,0,2016,2016
Shahzad Muhammad,International T20,2,1,14,14,200,0,0,2019,2019
J Shaju,International T20,23,9,14,2.8,37.83783783783784,0,0,2021,2024
Shunan Ali,International T20,10,2,14,Inf,51.85185185185185,0,0,2022,2024
AL Stephen,International T20,16,8,14,2,36.84210526315789,0,0,2019,2024
TE Sumiya,International T20,6,5,14,7,35,0,0,2023,2024
Syed Aqeel Israr,International T20,10,7,14,4.666666666666667,50,0,0,2023,2024
Tarun Yadav,International T20,3,2,14,7,127.27272727272727,0,0,2022,2022
Thilina Silva,International T20,4,2,14,14,29.78723404255319,0,0,2026,2026
H Upadhyay,International T20,5,5,14,2.8,40,0,0,2024,2024
S Varathappan,International T20,3,3,14,4.666666666666667,100,0,0,2019,2019
Vraj Patel,International T20,64,9,14,3.5,58.333333333333336,0,0,2021,2025
VS Wategaonkar,International T20,2,1,14,14,100,0,0,2016,2016
SMK Waththage,International T20,19,5,14,7,58.333333333333336,0,0,2019,2022
C Wickramasinghe,International T20,3,3,14,Inf,127.27272727272727,0,0,2024,2025
LB Williams,International T20,20,10,14,2.3333333333333335,53.84615384615385,0,0,2021,2025
CM Wright,International T20,3,1,14,14,77.77777777777779,0,0,2007,2009
Abdollah Ahmadzai,International T20,12,5,13,6.5,108.33333333333333,0,0,2025,2026
AG Achar,International T20,13,6,13,6.5,72.22222222222221,0,0,2019,2025
AR Adams,International T20,4,2,13,13,108.33333333333333,0,0,2005,2006
Ali Muaaz,International T20,4,4,13,3.25,48.148148148148145,0,0,2024,2024
Ashish Rana,International T20,5,3,13,13,81.25,0,0,2021,2022
A Awasthi,International T20,8,6,13,3.25,24.528301886792452,0,0,2025,2025
Aziz Sualley,International T20,13,7,13,3.25,59.09090909090909,0,0,2021,2024
KF Bakiweyem,International T20,3,3,13,6.5,48.148148148148145,0,0,2021,2021
KA Bazil,International T20,14,7,13,3.25,65,0,0,2022,2025
Y Divekar,International T20,3,3,13,6.5,72.22222222222221,0,0,2024,2024
J Edness,International T20,3,3,13,4.333333333333333,46.42857142857143,0,0,2008,2008
CR Foggo,International T20,3,3,13,4.333333333333333,76.47058823529412,0,0,2008,2008
SP Gauchan,International T20,9,5,13,4.333333333333333,30.23255813953488,0,0,2014,2015
PA Hitchcock,International T20,1,1,13,13,118.18181818181819,0,0,2008,2008
AL Leutogi,International T20,2,1,13,Inf,216.66666666666666,0,0,2023,2023
Ilyas Cetin,International T20,4,2,13,6.5,86.66666666666667,0,0,2025,2025
ST Kanakalil,International T20,3,1,13,Inf,216.66666666666666,0,0,2020,2020
SHT Kandamby,International T20,5,4,13,3.25,61.904761904761905,0,0,2008,2011
SKW Kelly,International T20,3,2,13,Inf,54.166666666666664,0,0,2008,2008
Z Khan,International T20,17,4,13,6.5,130,0,0,2006,2012
SKR Mallidi,International T20,3,2,13,6.5,65,0,0,2024,2024
JL Martel,International T20,3,1,13,Inf,216.66666666666666,0,0,2019,2019
P Masih,International T20,3,1,13,13,72.22222222222221,0,0,2020,2020
Merwais Shinwari,International T20,6,4,13,6.5,59.09090909090909,0,0,2024,2024
Mohammad Rafique,International T20,1,1,13,13,260,0,0,2006,2006
M Montgomery,International T20,1,1,13,13,68.42105263157895,0,0,2023,2023
Muhammad Hamayun,International T20,4,2,13,6.5,130,0,0,2019,2019
D Mullen,International T20,10,3,13,13,92.85714285714286,0,0,2023,2024
Nawaf Ahmed,International T20,10,7,13,4.333333333333333,86.66666666666667,0,0,2019,2024
Nazwan Ismail,International T20,14,8,13,6.5,44.827586206896555,0,0,2019,2024
Niaz Ali,International T20,5,3,13,4.333333333333333,86.66666666666667,0,0,2023,2023
Noah Mead,International T20,14,5,13,3.25,61.904761904761905,0,0,2024,2026
Omar Hayat,International T20,8,4,13,3.25,130,0,0,2019,2022
HC Overdijk,International T20,4,1,13,13,185.71428571428572,0,0,2018,2019
R Patten,International T20,9,5,13,4.333333333333333,40.625,0,0,2025,2026
J Paveley,International T20,3,3,13,4.333333333333333,38.23529411764706,0,0,2025,2025
P Pirabakaran,International T20,3,1,13,13,100,0,0,2023,2023
Rahman Ademi,International T20,9,5,13,4.333333333333333,24.074074074074073,0,0,2019,2024
A Rangaswamy,International T20,8,5,13,3.25,81.25,0,0,2019,2021
CMW Read,International T20,1,1,13,13,118.18181818181819,0,0,2006,2006
AG Roe,International T20,2,2,13,6.5,35.13513513513514,0,0,2023,2023
Sajid Khan,International T20,13,9,13,3.25,35.13513513513514,0,0,2025,2026
J Sebanja,International T20,9,5,13,3.25,72.22222222222221,0,0,2021,2023
T Shanmugam,International T20,6,2,13,13,100,0,0,2022,2022
J Shields,International T20,5,4,13,6.5,35.13513513513514,0,0,2026,2026
CAH Stevenson,International T20,4,3,13,4.333333333333333,68.42105263157895,0,0,2022,2022
Syed Naqvi,International T20,5,5,13,2.6,50,0,0,2023,2026
OFJ Tonuu,International T20,4,3,13,6.5,72.22222222222221,0,0,2019,2019
Usman Mushtaq,International T20,3,2,13,13,54.166666666666664,0,0,2016,2016
S Vasilakis,International T20,6,6,13,4.333333333333333,50,0,0,2024,2026
T Zotos,International T20,7,5,13,3.25,108.33333333333333,0,0,2021,2022
Abhilash Patil,International T20,1,1,12,12,42.857142857142854,0,0,2024,2024
Abul Farhad,International T20,13,5,12,4,48,0,0,2022,2025
J Anderson,International T20,4,2,12,6,66.66666666666666,0,0,2015,2015
Arslan Ahmed,International T20,3,3,12,4,37.5,0,0,2019,2019
Asad Mohammad,International T20,11,4,12,4,100,0,0,2019,2021
HMCM Bandara,International T20,4,3,12,6,80,0,0,2006,2009
A Bhargava,International T20,5,3,12,6,133.33333333333331,0,0,2022,2023
JJ Bumrah,International T20,100,12,12,2,66.66666666666666,0,0,2016,2026
Dayal Joy,International T20,3,3,12,4,92.3076923076923,0,0,2025,2025
DV Devjani Mutreja,International T20,13,7,12,2.4,41.37931034482759,0,0,2024,2026
V Dwivedi,International T20,2,2,12,12,66.66666666666666,0,0,2022,2022
Elias Tilman,International T20,8,8,12,2.4,20.33898305084746,0,0,2025,2025
Farmanullah,International T20,1,1,12,12,120,0,0,2025,2025
Fazal Niazai,International T20,1,1,12,12,80,0,0,2019,2019
CJ Gannon,International T20,4,3,12,12,133.33333333333331,0,0,2019,2019
M Grzinic,International T20,3,3,12,4,63.1578947368421,0,0,2024,2024
Haroon Shahid,International T20,2,2,12,12,200,0,0,2022,2022
H Helva,International T20,4,4,12,3,48,0,0,2019,2019
S Iturbe,International T20,12,4,12,6,57.14285714285714,0,0,2023,2025
Jason Lui,International T20,1,1,12,Inf,75,0,0,2024,2024
JMV Junior,International T20,2,2,12,12,92.3076923076923,0,0,2024,2024
DC Jurel,International T20,4,3,12,4,52.17391304347826,0,0,2024,2025
Lee Kangmin,International T20,6,4,12,6,57.14285714285714,0,0,2022,2024
GT Main,International T20,16,4,12,12,70.58823529411765,0,0,2015,2024
MCE Manalo,International T20,1,1,12,12,85.71428571428571,0,0,2025,2025
G Mangau,International T20,3,2,12,Inf,120,0,0,2023,2023
HJH Marshall,International T20,3,3,12,4,85.71428571428571,0,0,2005,2006
Ma Qiancheng,International T20,13,9,12,1.7142857142857142,17.647058823529413,0,0,2023,2026
D Mejia,International T20,3,1,12,12,120,0,0,2019,2019
A Mucyodusenge,International T20,4,4,12,3,35.294117647058826,0,0,2022,2025
WP Myburgh,International T20,3,2,12,6,66.66666666666666,0,0,2026,2026
Nader Zahadiafzal,International T20,3,3,12,4,50,0,0,2020,2020
Nawed Al Balushi,International T20,6,4,12,6,60,0,0,2026,2026
Naveed Shahid,International T20,6,1,12,Inf,171.42857142857142,0,0,2021,2022
SF Nhavotso,International T20,4,3,12,4,46.15384615384615,0,0,2021,2021
Nouman Butt,International T20,2,2,12,6,80,0,0,2023,2023
NV Ojha,International T20,2,2,12,6,44.44444444444444,0,0,2010,2010
A Patel,International T20,2,2,12,12,52.17391304347826,0,0,2019,2019
M Patel,International T20,3,3,12,4,80,0,0,2019,2019
KOA Powell,International T20,1,1,12,12,85.71428571428571,0,0,2014,2014
Raag Kapur,International T20,7,3,12,6,75,0,0,2019,2023
Rasheed Rassam,International T20,3,1,12,Inf,41.37931034482759,0,0,2023,2024
Ryan Ani,International T20,2,2,12,12,133.33333333333331,0,0,2026,2026
Saad Masood,International T20,1,1,12,Inf,240,0,0,2026,2026
NA Saini,International T20,11,3,12,Inf,109.09090909090908,0,0,2019,2021
Sanjay Kumar Ahir,International T20,7,5,12,6,60,0,0,2024,2025
MM Sarwar,International T20,7,4,12,4,100,0,0,2019,2021
O Stewart,International T20,5,5,12,2.4,100,0,0,2021,2021
Tanvir Islam,International T20,6,3,12,12,75,0,0,2023,2025
KB Tember,International T20,5,3,12,4,46.15384615384615,0,0,2025,2026
N Thushara,International T20,32,12,12,6,38.70967741935484,0,0,2022,2026
KK Tillett,International T20,5,3,12,4,52.17391304347826,0,0,2021,2021
S Toutai,International T20,3,3,12,4,80,0,0,2023,2023
ZJ van Vuuren,International T20,1,1,12,12,133.33333333333331,0,0,2026,2026
Wafiullah Tarakhil,International T20,2,2,12,6,70.58823529411765,0,0,2025,2025
Zahid Zadran,International T20,8,4,12,4,70.58823529411765,0,0,2023,2024
Zou Kui,International T20,7,5,12,3,41.37931034482759,0,0,2023,2024
Zubairullah Akbari,International T20,4,4,12,3,70.58823529411765,0,0,2023,2025
Zulfiqar Ali Shah,International T20,1,1,12,12,133.33333333333331,0,0,2021,2021
Abdulla Bhoola,International T20,5,4,11,5.5,52.38095238095239,0,0,2023,2026
Ahmed Khan,International T20,3,2,11,11,122.22222222222223,0,0,2025,2025
C Alexander,International T20,6,6,11,1.8333333333333333,23.91304347826087,0,0,2025,2025
Ali Ivan,International T20,1,1,11,11,28.205128205128204,0,0,2019,2019
Ali Rasool,International T20,11,4,11,3.6666666666666665,44,0,0,2024,2026
Apon Mustafizur,International T20,4,4,11,2.75,29.72972972972973,0,0,2019,2021
Asif Shaikh,International T20,19,5,11,5.5,84.61538461538461,0,0,2025,2026
Assad Borham,International T20,7,3,11,5.5,57.89473684210527,0,0,2022,2022
L Berthe,International T20,11,10,11,1.8333333333333333,37.93103448275862,0,0,2022,2026
A Bishnoi,International T20,12,9,11,2.75,52.38095238095239,0,0,2021,2023
E Bosch,International T20,4,3,11,11,122.22222222222223,0,0,2026,2026
J Buchanan,International T20,8,3,11,5.5,68.75,0,0,2023,2026
A Bulow,International T20,2,1,11,11,84.61538461538461,0,0,2019,2019
JD Campbell,International T20,2,2,11,5.5,68.75,0,0,2019,2019
S Chophel,International T20,5,4,11,3.6666666666666665,61.111111111111114,0,0,2019,2023
A Daxini,International T20,4,3,11,3.6666666666666665,50,0,0,2023,2023
TJ Draca,International T20,11,3,11,5.5,78.57142857142857,0,0,2024,2026
FH Edwards,International T20,26,6,11,5.5,78.57142857142857,0,0,2007,2021
Faridullah Shams,International T20,6,3,11,5.5,157.14285714285714,0,0,2026,2026
Fayyaz Ahmed,International T20,1,1,11,11,91.66666666666666,0,0,2015,2015
AM Fernando,International T20,7,3,11,Inf,220.00000000000003,0,0,2022,2024
GI Gokoel,International T20,5,3,11,11,40.74074074074074,0,0,2024,2024
S Goustis,International T20,3,1,11,11,57.89473684210527,0,0,2019,2019
AJ Hall,International T20,2,1,11,11,110.00000000000001,0,0,2006,2006
Inzamam-ul-Haq,International T20,1,1,11,Inf,73.33333333333333,0,0,2006,2006
Khurram Manzoor,International T20,3,3,11,3.6666666666666665,40.74074074074074,0,0,2016,2016
IGTR Kumara,International T20,3,3,11,3.6666666666666665,29.72972972972973,0,0,2020,2020
KS Lokuarachchi,International T20,2,2,11,5.5,84.61538461538461,0,0,2012,2012
Mabsar Abdulla,International T20,2,1,11,11,52.38095238095239,0,0,2024,2024
WK McCallan,International T20,9,3,11,11,73.33333333333333,0,0,2008,2009
AK Mandal,International T20,2,2,11,5.5,44,0,0,2015,2015
Mazhar Khan,International T20,5,4,11,3.6666666666666665,39.285714285714285,0,0,2022,2024
CM Mbebe,International T20,9,2,11,Inf,122.22222222222223,0,0,2025,2026
Mertcan Filiz,International T20,7,6,11,3.6666666666666665,44,0,0,2026,2026
AA Mulla,International T20,4,4,11,2.75,57.89473684210527,0,0,2008,2008
FC Muniz,International T20,6,5,11,5.5,33.33333333333333,0,0,2025,2025
Mustafa Atmaca,International T20,5,3,11,5.5,68.75,0,0,2025,2026
K Namchaikul,International T20,18,8,11,2.75,42.30769230769231,0,0,2022,2024
Nikhil Deshmukh,International T20,3,3,11,3.6666666666666665,42.30769230769231,0,0,2026,2026
A Nimaga,International T20,3,3,11,5.5,84.61538461538461,0,0,2024,2024
Noor ul Rahman,International T20,1,1,11,11,73.33333333333333,0,0,2026,2026
JJ Nyambo,International T20,13,6,11,2.75,37.93103448275862,0,0,2022,2024
CG Osborne,International T20,2,2,11,11,44,0,0,2023,2023
Owais Ahmed,International T20,18,4,11,11,91.66666666666666,0,0,2024,2026
RJG Palmer,International T20,10,3,11,Inf,47.82608695652174,0,0,2019,2023
S Pillay,International T20,1,1,11,11,110.00000000000001,0,0,2026,2026
Moshiur Rahman,International T20,4,3,11,11,44,0,0,2021,2022
AK Roger,International T20,7,7,11,1.8333333333333333,22.448979591836736,0,0,2024,2026
RT Rubbi,International T20,2,2,11,5.5,39.285714285714285,0,0,2024,2024
Sohel Ebrahim Desai,International T20,7,5,11,2.75,61.111111111111114,0,0,2024,2026
KK Sharma,International T20,4,3,11,11,55.00000000000001,0,0,2024,2025
V Shetty,International T20,2,2,11,11,84.61538461538461,0,0,2014,2014
C Stephenson,International T20,5,4,11,2.75,45.83333333333333,0,0,2024,2024
Syed Amanullah,International T20,4,2,11,11,78.57142857142857,0,0,2021,2021
Syed Tameem,International T20,1,1,11,11,50,0,0,2022,2022
SW Tait,International T20,21,6,11,2.75,73.33333333333333,0,0,2007,2016
RA Tappin,International T20,4,4,11,2.75,23.404255319148938,0,0,2025,2025
BM Tickner,International T20,18,4,11,5.5,47.82608695652174,0,0,2019,2023
A Tripathi,International T20,10,6,11,2.75,34.375,0,0,2019,2025
M Tuilaepa,International T20,2,2,11,11,137.5,0,0,2023,2023
W Uisuk,International T20,4,4,11,2.75,27.500000000000004,0,0,2020,2020
TCW Veillard,International T20,4,2,11,11,64.70588235294117,0,0,2019,2019
RM West,International T20,5,4,11,3.6666666666666665,100,0,0,2009,2009
Yasir Shah,International T20,2,1,11,Inf,157.14285714285714,0,0,2011,2011
Zahoor Khan,International T20,57,9,11,2.75,47.82608695652174,0,0,2017,2023
Zakir Hasan,International T20,4,4,11,2.75,57.89473684210527,0,0,2018,2023
NP Kenjige,International T20,24,8,10,2,47.61904761904761,0,0,2024,2026
Acrey Hugo,International T20,4,2,10,Inf,83.33333333333334,0,0,2025,2025
Ali Hasan,International T20,11,4,10,3.3333333333333335,66.66666666666666,0,0,2022,2026
Ashar Abbas,International T20,3,3,10,5,62.5,0,0,2026,2026
AAP Atkinson,International T20,4,2,10,10,43.47826086956522,0,0,2023,2025
K Babu,International T20,8,7,10,5,43.47826086956522,0,0,2025,2025
L Basson,International T20,1,1,10,Inf,66.66666666666666,0,0,2026,2026
CS Baugh,International T20,3,3,10,3.3333333333333335,83.33333333333334,0,0,2008,2012
H Beresford-Peirse,International T20,3,2,10,5,76.92307692307693,0,0,2025,2025
JT Brassell,International T20,30,6,10,3.3333333333333335,62.5,0,0,2024,2026
N Burger,International T20,8,3,10,5,47.61904761904761,0,0,2023,2025
R Cunningham,International T20,7,3,10,Inf,76.92307692307693,0,0,2021,2022
AC Evans,International T20,35,10,10,1.25,58.82352941176471,0,0,2015,2022
Fareed Shius,International T20,2,1,10,10,47.61904761904761,0,0,2023,2023
Faris Al Balushi,International T20,2,1,10,Inf,90.9090909090909,0,0,2026,2026
N Pradeep,International T20,16,6,10,10,66.66666666666666,0,0,2016,2021
S Gantulga,International T20,6,6,10,1.6666666666666667,19.230769230769234,0,0,2024,2024
S Hallett,International T20,4,4,10,2.5,62.5,0,0,2019,2019
J Hansrod,International T20,4,3,10,3.3333333333333335,40,0,0,2021,2021
S Jyoti,International T20,2,2,10,10,50,0,0,2008,2008
G Kaltongga,International T20,3,2,10,5,83.33333333333334,0,0,2019,2019
A Karvelas,International T20,1,1,10,10,50,0,0,2022,2022
RWT Key,International T20,1,1,10,Inf,125,0,0,2009,2009
VJ Kingma,International T20,26,6,10,2.5,47.61904761904761,0,0,2016,2025
CBRLS Kumara,International T20,26,6,10,3.3333333333333335,90.9090909090909,0,0,2019,2023
M Leporoporo,International T20,11,6,10,2.5,43.47826086956522,0,0,2021,2026
Mohammed Nadeem,International T20,43,10,10,3.3333333333333335,58.82352941176471,0,0,2019,2024
F Mutagana,International T20,2,2,10,5,83.33333333333334,0,0,2026,2026
Mutte Ikram,International T20,1,1,10,10,40,0,0,2025,2025
N Ndouteng,International T20,5,4,10,5,47.61904761904761,0,0,2021,2023
S Nerandzic,International T20,3,2,10,5,30.303030303030305,0,0,2019,2022
YM Nkanya,International T20,55,13,10,1.6666666666666667,30.303030303030305,0,0,2022,2026
M Ntini,International T20,10,4,10,5,90.9090909090909,0,0,2005,2011
PP Ojha,International T20,6,1,10,Inf,166.66666666666669,0,0,2009,2010
J Pakeman,International T20,5,3,10,3.3333333333333335,40,0,0,2024,2024
BA Parchment,International T20,1,1,10,10,166.66666666666669,0,0,2007,2007
SL Perera,International T20,2,2,10,5,43.47826086956522,0,0,2019,2019
JE Pitcher,International T20,9,3,10,Inf,52.63157894736842,0,0,2019,2023
P Raho,International T20,2,2,10,Inf,166.66666666666669,0,0,2016,2016
Rajkumar Rajendran,International T20,3,2,10,5,58.82352941176471,0,0,2024,2024
TJ Ramphoma,International T20,4,4,10,3.3333333333333335,66.66666666666666,0,0,2024,2024
SHA Rance,International T20,8,3,10,3.3333333333333335,47.61904761904761,0,0,2017,2019
GA Reynold,International T20,3,2,10,10,100,0,0,2019,2019
ACL Richards,International T20,1,1,10,10,66.66666666666666,0,0,2007,2007
DL Richards,International T20,5,4,10,3.3333333333333335,76.92307692307693,0,0,2022,2022
Salman Nazar,International T20,8,1,10,10,111.11111111111111,0,0,2021,2022
G Sanjeewa,International T20,5,2,10,5,90.9090909090909,0,0,2026,2026
A Sathyan,International T20,2,2,10,10,66.66666666666666,0,0,2024,2024
T Shamsi,International T20,70,14,10,2,37.03703703703704,0,0,2017,2024
LK Sharma,International T20,1,1,10,10,71.42857142857143,0,0,2024,2024
KN Singh,International T20,5,1,10,Inf,100,0,0,2026,2026
S Srikanth,International T20,1,1,10,10,166.66666666666669,0,0,2022,2022
ZE Surkari,International T20,4,3,10,3.3333333333333335,30.303030303030305,0,0,2008,2008
SR Tendulkar,International T20,1,1,10,10,83.33333333333334,0,0,2006,2006
T Yotharat,International T20,6,3,10,Inf,41.66666666666667,0,0,2022,2025
D Traore,International T20,7,5,10,3.3333333333333335,37.03703703703704,0,0,2022,2023
T Tumursukh,International T20,10,10,10,1.6666666666666667,25,0,0,2023,2024
Uzair Amir,International T20,2,2,10,5,71.42857142857143,0,0,2023,2023
T Wuatai,International T20,6,4,10,5,34.48275862068966,0,0,2024,2025
BAA Zammitt,International T20,3,3,10,3.3333333333333335,40,0,0,2023,2023
Abdul Makda,International T20,6,1,9,9,81.81818181818183,0,0,2025,2026
Aminullah Tanha,International T20,5,5,9,1.8,30,0,0,2022,2025
T Amresh,International T20,2,2,9,4.5,100,0,0,2026,2026
Anam Mollik,International T20,2,1,9,9,90,0,0,2019,2019
Ashraful Shuvo,International T20,8,4,9,4.5,64.28571428571429,0,0,2021,2026
S Banamali,International T20,5,2,9,9,60,0,0,2024,2024
HH Banner,International T20,3,2,9,9,90,0,0,2019,2019
JJ Celestine,International T20,3,3,9,3,52.94117647058824,0,0,2008,2008
FRJ Coleman,International T20,1,1,9,9,69.23076923076923,0,0,2013,2013
S Daniel,International T20,1,1,9,9,150,0,0,2023,2023
A Dhingra,International T20,18,7,9,3,81.81818181818183,0,0,2021,2023
QF Djakaridja,International T20,11,10,9,1,17.307692307692307,0,0,2024,2026
Ehsan Nawaz,International T20,6,2,9,9,150,0,0,2014,2024
Elias Sunny,International T20,7,4,9,4.5,100,0,0,2012,2012
RS Fernando,International T20,1,1,9,9,90,0,0,2023,2023
D Hardware (),International T20,2,2,9,9,37.5,0,0,2025,2025
RW Hartley,International T20,4,3,9,9,42.857142857142854,0,0,2024,2025
AN Hyobeom,International T20,6,3,9,3,52.94117647058824,0,0,2022,2024
Iftikhar Kankhel,International T20,11,4,9,4.5,69.23076923076923,0,0,2025,2025
Itibarshah Deedar,International T20,12,4,9,9,75,0,0,2022,2026
NA Janes,International T20,2,2,9,4.5,81.81818181818183,0,0,2019,2019
MW Jones,International T20,3,1,9,9,150,0,0,2025,2026
RR Joshi,International T20,7,2,9,4.5,112.5,0,0,2021,2024
A Kapoor,International T20,2,1,9,Inf,225,0,0,2022,2022
E Karimi,International T20,16,6,9,3,39.130434782608695,0,0,2023,2026
V Khanduri,International T20,4,3,9,4.5,45,0,0,2024,2024
M Khauta,International T20,5,2,9,9,150,0,0,2026,2026
W Landman,International T20,3,3,9,3,69.23076923076923,0,0,2023,2023
R McLaren,International T20,12,4,9,9,69.23076923076923,0,0,2009,2014
Y Mitari,International T20,19,8,9,2.25,47.368421052631575,0,0,2021,2022
JQK Moala,International T20,6,4,9,2.25,42.857142857142854,0,0,2024,2024
Mohammad Abrar,International T20,4,2,9,9,56.25,0,0,2025,2025
Mohammad Asif,International T20,11,3,9,Inf,300,0,0,2006,2010
Mohammad Mohsin,International T20,4,3,9,4.5,81.81818181818183,0,0,2026,2026
JS Patel,International T20,11,4,9,3,64.28571428571429,0,0,2005,2008
WKD Perkins,International T20,1,1,9,9,81.81818181818183,0,0,2008,2008
VRCF Poubel,International T20,5,5,9,3,50,0,0,2019,2024
A Poulose,International T20,3,3,9,3,64.28571428571429,0,0,2017,2017
Prashant Shukla,International T20,6,2,9,Inf,128.57142857142858,0,0,2023,2024
GY Prastama,International T20,4,3,9,9,69.23076923076923,0,0,2023,2023
DK Raman,International T20,1,1,9,9,90,0,0,2026,2026
M Ramlogan,International T20,5,2,9,Inf,75,0,0,2026,2026
IH Romaine,International T20,2,2,9,4.5,45,0,0,2008,2008
S Rukmal,International T20,16,7,9,3,42.857142857142854,0,0,2022,2026
Safvan Patel,International T20,2,1,9,9,75,0,0,2025,2025
Sakib Hasan,International T20,2,2,9,4.5,128.57142857142858,0,0,2019,2019
TNM Soleh,International T20,1,1,9,9,42.857142857142854,0,0,2025,2025
Salman Mirza,International T20,17,5,9,4.5,112.5,0,0,2025,2026
Sanjay Kumar,International T20,2,2,9,9,128.57142857142858,0,0,2021,2021
Saqib Anwar,International T20,11,6,9,1.5,31.03448275862069,0,0,2026,2026
Shagharai Sefat,International T20,11,5,9,2.25,50,0,0,2021,2026
R Smith,International T20,8,6,9,2.25,24.324324324324326,0,0,2024,2025
RAJ Smith,International T20,2,1,9,Inf,128.57142857142858,0,0,2019,2019
Soochan Park,International T20,2,1,9,9,52.94117647058824,0,0,2022,2022
U Srivastava,International T20,2,1,9,9,112.5,0,0,2024,2024
B Stanlake,International T20,19,2,9,9,75,0,0,2017,2019
Sumit Singh,International T20,2,2,9,4.5,75,0,0,2023,2023
O Thomas,International T20,21,7,9,2.25,60,0,0,2018,2023
T Wangchuk jnr,International T20,2,2,9,4.5,52.94117647058824,0,0,2019,2019
Yadwinder Singh,International T20,1,1,9,Inf,69.23076923076923,0,0,2023,2023
K Yamamoto-Lake,International T20,6,1,9,9,112.5,0,0,2024,2026
Zuhair Muhammad,International T20,3,3,9,3,34.61538461538461,0,0,2024,2024
Abbas Saad,International T20,2,2,8,4,100,0,0,2019,2019
Abdul Salam Khan,International T20,2,2,8,8,72.72727272727273,0,0,2025,2025
Adil Butt,International T20,3,2,8,8,80,0,0,2020,2020
M Altankhuyag,International T20,2,2,8,4,32,0,0,2023,2023
S Appu,International T20,4,4,8,2.6666666666666665,57.14285714285714,0,0,2019,2019
V Ateak,International T20,15,4,8,8,44.44444444444444,0,0,2019,2026
Azim Patel,International T20,3,3,8,2.6666666666666665,61.53846153846154,0,0,2026,2026
B Banerjee,International T20,6,4,8,4,42.10526315789473,0,0,2019,2019
Baz Aybui,International T20,10,3,8,8,33.33333333333333,0,0,2021,2022
E Bhonkar,International T20,6,4,8,2,42.10526315789473,0,0,2024,2026
AM Blignaut,International T20,1,1,8,8,100,0,0,2010,2010
GH Bodi,International T20,1,1,8,8,32,0,0,2007,2007
AS Broomfield,International T20,6,3,8,8,30.76923076923077,0,0,2026,2026
P Buccimazza,International T20,7,3,8,4,50,0,0,2019,2021
N Casson,International T20,5,5,8,2.6666666666666665,25.806451612903224,0,0,2025,2025
Charanjeet Singh,International T20,3,2,8,Inf,88.88888888888889,0,0,2019,2019
A Chenthamara,International T20,11,3,8,Inf,53.333333333333336,0,0,2025,2026
AS Dean,International T20,2,2,8,4,80,0,0,2008,2013
JB Hakizimana,International T20,2,2,8,4,66.66666666666666,0,0,2022,2022
Hazrat Luqman,International T20,2,1,8,8,133.33333333333331,0,0,2024,2024
HMRKB Herath,International T20,17,6,8,2.6666666666666665,66.66666666666666,0,0,2011,2016
SJ Hughes-Pinan,International T20,10,3,8,Inf,66.66666666666666,0,0,2024,2026
E Isaneez,International T20,3,2,8,Inf,61.53846153846154,0,0,2019,2019
K Jack (),International T20,3,2,8,4,61.53846153846154,0,0,2025,2025
Kalpesh Ahir,International T20,4,2,8,8,100,0,0,2026,2026
S Randiv,International T20,7,2,8,4,133.33333333333331,0,0,2010,2011
SI Kamea,International T20,19,8,8,2,42.10526315789473,0,0,2022,2024
K Kekez,International T20,3,3,8,4,42.10526315789473,0,0,2024,2024
RK Kiseto,International T20,13,5,8,2,38.095238095238095,0,0,2021,2022
Kristan Tillett,International T20,4,3,8,4,42.10526315789473,0,0,2024,2024
Kuldeep Singh,International T20,4,3,8,2.6666666666666665,50,0,0,2019,2019
NCK Liyanage,International T20,6,3,8,4,100,0,0,2019,2019
I Mansaray,International T20,4,3,8,4,33.33333333333333,0,0,2021,2021
B Mejaro,International T20,12,8,8,1.6,23.52941176470588,0,0,2024,2026
BAW Mendis,International T20,39,8,8,2.6666666666666665,47.05882352941176,0,0,2008,2014
TS Mills,International T20,16,5,8,2.6666666666666665,66.66666666666666,0,0,2016,2023
DR Mousley,International T20,4,1,8,8,133.33333333333331,0,0,2024,2024
K Nagnama,International T20,6,6,8,1.6,30.76923076923077,0,0,2024,2026
LR Naylor,International T20,2,2,8,4,61.53846153846154,0,0,2025,2025
NZ Nhaduate,International T20,2,1,8,8,53.333333333333336,0,0,2023,2023
S Panguluri,International T20,1,1,8,8,44.44444444444444,0,0,2026,2026
KJ Patel,International T20,6,3,8,Inf,27.586206896551722,0,0,2021,2021
Prince Yadav,International T20,6,2,8,Inf,266.66666666666663,0,0,2026,2026
Rafiulah Alokozai,International T20,7,3,8,2.6666666666666665,72.72727272727273,0,0,2025,2025
LN Rajbanshi,International T20,40,7,8,2.6666666666666665,44.44444444444444,0,0,2018,2026
D Ramani,International T20,14,3,8,8,50,0,0,2025,2026
S Rengarajan,International T20,3,2,8,Inf,53.333333333333336,0,0,2020,2020
JB Richards,International T20,2,2,8,Inf,53.333333333333336,0,0,2025,2025
Ronitkumar Ahir,International T20,3,2,8,4,80,0,0,2025,2025
Sadat Said,International T20,7,3,8,4,160,0,0,2025,2026
Saqlain Mukhtar,International T20,7,3,8,Inf,133.33333333333331,0,0,2026,2026
Shahadat Hossain,International T20,6,5,8,4,66.66666666666666,0,0,2006,2013
I Sharma,International T20,14,3,8,8,88.88888888888889,0,0,2008,2013
S Simpson,International T20,2,1,8,Inf,88.88888888888889,0,0,2024,2024
Simranjit Singh,International T20,1,1,8,8,88.88888888888889,0,0,2019,2019
U Sofi,International T20,3,1,8,8,133.33333333333331,0,0,2022,2022
Sunil,International T20,1,1,8,Inf,88.88888888888889,0,0,2025,2025
Suryansh Shedge,International T20,3,2,8,4,72.72727272727273,0,0,2026,2026
Tayyeb Javed,International T20,1,1,8,8,160,0,0,2025,2025
CV Varun,International T20,49,11,8,1.6,36.36363636363637,0,0,2021,2026
S Vaz,International T20,6,2,8,8,72.72727272727273,0,0,2025,2026
BV Vitori,International T20,11,2,8,Inf,114.28571428571428,0,0,2012,2016
S Weleilakeba,International T20,3,1,8,8,266.66666666666663,0,0,2022,2022
Xie Kunkun,International T20,4,4,8,2,22.22222222222222,0,0,2023,2023
Yasar Idrees,International T20,1,1,8,8,200,0,0,2019,2019
Zaman Khan,International T20,10,2,8,Inf,88.88888888888889,0,0,2023,2024
Zulqarnain Haider,International T20,11,4,8,2.6666666666666665,66.66666666666666,0,0,2019,2022
Aftab Hussain,International T20,10,3,7,Inf,140,0,0,2020,2022
Ahmed Al Zadjali,International T20,2,1,7,7,140,0,0,2026,2026
K Akurugoda,International T20,2,2,7,3.5,70,0,0,2022,2022
Al-Amin Hossain,International T20,31,6,7,3.5,58.333333333333336,0,0,2013,2020
Aminul Islam,International T20,1,1,7,Inf,116.66666666666667,0,0,2025,2025
RP Arnold,International T20,1,1,7,7,100,0,0,2006,2006
Arshad Mazarzei,International T20,3,3,7,2.3333333333333335,17.5,0,0,2020,2020
JP Behrendorff,International T20,17,2,7,7,77.77777777777779,0,0,2017,2024
SVE Bharathi,International T20,37,6,7,1.75,43.75,0,0,2020,2023
NB Budayair,International T20,4,3,7,3.5,36.84210526315789,0,0,2014,2014
MA Carberry,International T20,1,1,7,7,100,0,0,2014,2014
PKD Chase,International T20,12,5,7,7,53.84615384615385,0,0,2018,2019
DK Dahani,International T20,3,3,7,2.3333333333333335,87.5,0,0,2020,2020
JJ Davidson,International T20,6,2,7,Inf,70,0,0,2024,2026
DC Delany,International T20,8,2,7,3.5,116.66666666666667,0,0,2019,2019
MR Dorgan,International T20,3,2,7,7,46.666666666666664,0,0,2021,2021
S Elayaperumal,International T20,5,5,7,1.4,29.166666666666668,0,0,2024,2024
Fazil Rahman,International T20,6,5,7,2.3333333333333335,43.75,0,0,2023,2023
MD Garratt,International T20,8,4,7,3.5,33.33333333333333,0,0,2019,2021
AM Ghazanfar,International T20,5,3,7,2.3333333333333335,77.77777777777779,0,0,2025,2025
V Hristov,International T20,4,2,7,3.5,63.63636363636363,0,0,2021,2023
M Ibrahim,International T20,9,8,7,1.1666666666666667,12.280701754385964,0,0,2024,2026
JNT Seales,International T20,9,3,7,7,116.66666666666667,0,0,2024,2026
R Jones,International T20,3,1,7,7,77.77777777777779,0,0,2024,2024
P Karoho,International T20,1,1,7,7,70,0,0,2025,2025
MP Kuhnemann,International T20,8,3,7,2.3333333333333335,53.84615384615385,0,0,2025,2026
P Kumar,International T20,10,3,7,2.3333333333333335,43.75,0,0,2008,2012
G Kuthalingham (),International T20,3,2,7,7,58.333333333333336,0,0,2025,2025
RAS Lakmal,International T20,11,6,7,2.3333333333333335,63.63636363636363,0,0,2011,2019
Lee Hyosin,International T20,4,2,7,7,50,0,0,2025,2025
ND McKenzie,International T20,2,1,7,Inf,87.5,0,0,2006,2009
DV Macome,International T20,18,5,7,2.3333333333333335,50,0,0,2022,2024
B Masauko,International T20,11,5,7,2.3333333333333335,50,0,0,2022,2023
Muhammad Salman,International T20,18,4,7,3.5,58.333333333333336,0,0,2024,2026
E Ndubudem,International T20,7,4,7,3.5,63.63636363636363,0,0,2025,2025
J Nyumbu,International T20,2,2,7,Inf,63.63636363636363,0,0,2018,2018
AY Patel,International T20,7,2,7,3.5,50,0,0,2018,2021
RB Patel,International T20,10,3,7,Inf,50,0,0,2020,2021
Pratis GC,International T20,10,5,7,3.5,63.63636363636363,0,0,2023,2024
Qadeer Ahmed,International T20,10,4,7,7,58.333333333333336,0,0,2015,2019
Qasim Anwar,International T20,4,2,7,3.5,140,0,0,2021,2021
GA Rogers,International T20,2,2,7,Inf,87.5,0,0,2008,2009
S Savkovic,International T20,2,2,7,3.5,63.63636363636363,0,0,2025,2025
Saqib Naveed,International T20,4,2,7,7,33.33333333333333,0,0,2021,2022
E Schiferli,International T20,7,3,7,3.5,43.75,0,0,2008,2010
DA Senthil,International T20,1,1,7,7,46.666666666666664,0,0,2026,2026
Shakkir Kassim,International T20,1,1,7,7,87.5,0,0,2025,2025
S Singh,International T20,9,1,7,Inf,140,0,0,2019,2026
D Siva Kumar,International T20,1,1,7,7,53.84615384615385,0,0,2022,2022
JN Snape,International T20,1,1,7,7,63.63636363636363,0,0,2007,2007
TJ Stephenson,International T20,4,1,7,Inf,140,0,0,2019,2021
Suhail Sadiq,International T20,2,1,7,Inf,140,0,0,2019,2019
Sumair Khan,International T20,1,1,7,7,116.66666666666667,0,0,2019,2019
SN Swamy,International T20,12,4,7,3.5,53.84615384615385,0,0,2025,2026
R Swart,International T20,4,3,7,3.5,140,0,0,2023,2023
Syed Rasel,International T20,8,3,7,3.5,77.77777777777779,0,0,2007,2008
Tanveer Ahmed,International T20,5,2,7,7,63.63636363636363,0,0,2016,2017
Usama Mir,International T20,5,4,7,2.3333333333333335,100,0,0,2024,2024
E Van Reenen,International T20,3,2,7,3.5,38.88888888888889,0,0,2024,2024
S Waqabaca,International T20,5,4,7,Inf,31.818181818181817,0,0,2026,2026
M Yambayamba,International T20,9,4,7,7,53.84615384615385,0,0,2025,2026
Zahoor Ahmad,International T20,4,2,7,3.5,35,0,0,2025,2025
L Mcfadzean,International T20,1,1,6,Inf,300,0,0,2026,2026
Abdullahi Ismail,International T20,9,4,6,3,75,0,0,2025,2026
Absar Khan,International T20,2,2,6,6,66.66666666666666,0,0,2021,2021
BP Adapaka,International T20,17,7,6,2,33.33333333333333,0,0,2022,2023
Adnan Mufti,International T20,1,1,6,Inf,85.71428571428571,0,0,2017,2017
JD Alembe,International T20,4,4,6,2,46.15384615384615,0,0,2026,2026
SRMJJ Arachchilage,International T20,4,3,6,6,50,0,0,2022,2022
Aritra Bhakat,International T20,2,2,6,6,150,0,0,2025,2025
Baljinder Singh,International T20,1,1,6,6,85.71428571428571,0,0,2023,2023
JW Bartlett,International T20,2,2,6,3,37.5,0,0,2023,2023
Basiru Jaye,International T20,2,1,6,6,150,0,0,2024,2024
E Batkhuyag,International T20,4,4,6,2,46.15384615384615,0,0,2024,2024
A Brownlee,International T20,3,3,6,6,18.181818181818183,0,0,2025,2025
DG Brownlie,International T20,5,5,6,1.2,33.33333333333333,0,0,2010,2014
YS Chahal,International T20,80,6,6,3,46.15384615384615,0,0,2016,2023
T Cross,International T20,2,2,6,3,50,0,0,2021,2021
A Curavic,International T20,6,4,6,1.5,27.27272727272727,0,0,2025,2026
Dane Leo,International T20,5,3,6,2,33.33333333333333,0,0,2024,2026
David Demba,International T20,2,2,6,6,60,0,0,2023,2023
S de Livera,International T20,2,2,6,3,85.71428571428571,0,0,2026,2026
R Dhakal,International T20,8,2,6,6,100,0,0,2024,2025
S Draunivudi,International T20,3,1,6,Inf,150,0,0,2022,2022
RMS Eranga,International T20,3,1,6,6,85.71428571428571,0,0,2012,2013
L Evile,International T20,4,1,6,6,85.71428571428571,0,0,2019,2019
Faizan Mumtaz,International T20,3,3,6,2,40,0,0,2021,2021
K Fletcher,International T20,21,4,6,3,35.294117647058826,0,0,2022,2025
E Frimpong,International T20,4,2,6,6,150,0,0,2024,2024
BD Glover,International T20,25,7,6,2,50,0,0,2019,2024
A Gulati,International T20,12,2,6,6,150,0,0,2025,2026
A Gupta,International T20,5,3,6,6,75,0,0,2025,2026
NM Hauritz,International T20,3,2,6,3,60,0,0,2009,2009
KK Hermann,International T20,4,3,6,3,33.33333333333333,0,0,2026,2026
PJ Hughes,International T20,1,1,6,6,75,0,0,2014,2014
Ihsanullah,International T20,4,1,6,Inf,75,0,0,2023,2023
Javed Ahmadi,International T20,3,2,6,3,85.71428571428571,0,0,2012,2017
K Juma,International T20,19,5,6,1.5,66.66666666666666,0,0,2024,2026
T Kahamker,International T20,6,3,6,6,150,0,0,2022,2024
TA Khetsi,International T20,4,3,6,2,60,0,0,2026,2026
W Kokaua,International T20,5,2,6,6,54.54545454545454,0,0,2022,2022
M Kristensen,International T20,2,1,6,6,60,0,0,2023,2023
AS Kumaran,International T20,2,2,6,3,100,0,0,2026,2026
A Lazic,International T20,11,5,6,3,85.71428571428571,0,0,2025,2026
IY Levy,International T20,4,2,6,Inf,50,0,0,2026,2026
Luo Shilin,International T20,13,8,6,1.2,14.634146341463413,0,0,2023,2026
Maiwand Momand,International T20,5,4,6,3,40,0,0,2026,2026
R Mangal,International T20,18,7,6,1.2,40,0,0,2022,2025
SK Mani,International T20,3,1,6,Inf,85.71428571428571,0,0,2026,2026
Z McLaughlin,International T20,3,2,6,Inf,37.5,0,0,2019,2019
Md Shuayeb,International T20,6,3,6,3,19.35483870967742,0,0,2025,2025
KO Meth,International T20,2,1,6,Inf,100,0,0,2012,2012
A Mishra,International T20,4,2,6,3,46.15384615384615,0,0,2026,2026
Mohammed Shami,International T20,25,5,6,3,60,0,0,2014,2025
Mohsin Shabbir,International T20,3,3,6,2,33.33333333333333,0,0,2023,2023
Muhammad Jabir,International T20,28,9,6,1.5,26.08695652173913,0,0,2023,2025
Muhammed Basil,International T20,5,3,6,2,46.15384615384615,0,0,2024,2025
JK Mukhiya,International T20,10,3,6,6,50,0,0,2014,2022
J Mulder,International T20,8,4,6,3,54.54545454545454,0,0,2016,2017
W Ngowhuad,International T20,13,8,6,1.5,33.33333333333333,0,0,2024,2026
Noorullah Sidiqi,International T20,1,1,6,Inf,600,0,0,2023,2023
S Norman,International T20,3,2,6,3,60,0,0,2025,2025
A Orfila,International T20,5,3,6,3,46.15384615384615,0,0,2019,2021
T Ramautar,International T20,5,4,6,2,26.08695652173913,0,0,2024,2024
CV Ranasinghe,International T20,8,3,6,3,46.15384615384615,0,0,2026,2026
JA Rudolph,International T20,1,1,6,Inf,85.71428571428571,0,0,2006,2006
W Sahan,International T20,2,2,6,6,54.54545454545454,0,0,2026,2026
BC Sahin,International T20,3,2,6,3,31.57894736842105,0,0,2023,2023
Sai Hla Htwe,International T20,6,2,6,Inf,60,0,0,2025,2025
A Sethunathan,International T20,3,1,6,Inf,85.71428571428571,0,0,2025,2025
SM Sharma,International T20,5,2,6,6,85.71428571428571,0,0,2021,2025
SS Shukla,International T20,7,2,6,6,54.54545454545454,0,0,2025,2025
D Simpson,International T20,3,2,6,3,75,0,0,2022,2022
M Stoman,International T20,3,1,6,Inf,600,0,0,2021,2021
R Strydom,International T20,4,2,6,6,85.71428571428571,0,0,2008,2008
S Tarawally,International T20,6,2,6,6,54.54545454545454,0,0,2021,2021
Tauqeer Hussain,International T20,6,2,6,6,60,0,0,2019,2020
O Touray,International T20,3,2,6,3,66.66666666666666,0,0,2022,2022
Q Utmanzai,International T20,1,1,6,6,66.66666666666666,0,0,2025,2025
N Vimukthi,International T20,1,1,6,6,50,0,0,2023,2023
Vinay Iyer,International T20,2,1,6,6,60,0,0,2022,2022
TC Vine,International T20,11,1,6,Inf,85.71428571428571,0,0,2019,2022
Zhao Tianle,International T20,7,6,6,1,21.428571428571427,0,0,2023,2024
ME Sanuth,International T20,1,1,5,5,71.42857142857143,0,0,2020,2020
P Abhijit,International T20,3,2,5,2.5,55.55555555555556,0,0,2022,2022
Adnan Anwar,International T20,1,1,5,Inf,250,0,0,2026,2026
Ajhar Alam,International T20,5,3,5,2.5,45.45454545454545,0,0,2025,2026
Ankit Dubey,International T20,2,1,5,Inf,166.66666666666669,0,0,2022,2022
M Ansari,International T20,11,4,5,Inf,50,0,0,2015,2016
VRB Arachchige,International T20,4,2,5,Inf,166.66666666666669,0,0,2024,2024
Arif Ullah,International T20,8,1,5,Inf,83.33333333333334,0,0,2025,2026
Asif Javed,International T20,7,2,5,2.5,83.33333333333334,0,0,2025,2025
MS Atapattu,International T20,2,1,5,5,62.5,0,0,2006,2006
Bashir Ahmad,International T20,1,1,5,5,125,0,0,2024,2024
HS Bedi,International T20,2,1,5,5,83.33333333333334,0,0,2025,2025
U Bhagwan,International T20,4,2,5,5,125,0,0,2024,2024
A Bhagwat,International T20,4,4,5,1.25,31.25,0,0,2019,2019
P Bhart,International T20,10,4,5,2.5,20,0,0,2019,2021
Bipin Kumar,International T20,12,4,5,2.5,41.66666666666667,0,0,2023,2025
J Blades,International T20,6,3,5,Inf,38.46153846153847,0,0,2025,2025
IG Butler,International T20,19,6,5,5,50,0,0,2009,2013
JP Cabrera,International T20,7,1,5,Inf,100,0,0,2025,2026
T Caruana,International T20,2,1,5,5,38.46153846153847,0,0,2019,2019
RD Chahar,International T20,6,1,5,5,100,0,0,2019,2021
Dhananjay Rao,International T20,8,3,5,1.6666666666666667,62.5,0,0,2024,2024
J Drysdale,International T20,11,3,5,5,100,0,0,2024,2025
J Edwards,International T20,1,1,5,5,83.33333333333334,0,0,2026,2026
MTM Faatea,International T20,3,3,5,1.6666666666666667,29.411764705882355,0,0,2023,2023
S Franklin,International T20,2,1,5,5,83.33333333333334,0,0,2021,2021
SK Gedara,International T20,3,1,5,Inf,100,0,0,2025,2025
MK Gnanasekaram,International T20,8,2,5,5,71.42857142857143,0,0,2023,2026
Greg Scott,International T20,2,1,5,5,35.714285714285715,0,0,2026,2026
Hasheem Shahzad,International T20,2,2,5,2.5,55.55555555555556,0,0,2019,2019
T Hinds,International T20,2,1,5,Inf,166.66666666666669,0,0,2024,2024
O Howell,International T20,4,2,5,Inf,62.5,0,0,2026,2026
Husnain Kabeer,International T20,1,1,5,5,83.33333333333334,0,0,2021,2021
Ikbal Hossain,International T20,3,1,5,Inf,166.66666666666669,0,0,2024,2024
Imran Ali,International T20,4,2,5,5,83.33333333333334,0,0,2019,2019
Imran Mir,International T20,1,1,5,5,55.55555555555556,0,0,2025,2025
G Irvin,International T20,7,3,5,2.5,27.77777777777778,0,0,2021,2026
O Isiyaku,International T20,8,2,5,Inf,35.714285714285715,0,0,2025,2025
Ismail Sardar,International T20,2,2,5,2.5,31.25,0,0,2020,2020
Jaison Jerome,International T20,9,4,5,1.6666666666666667,29.411764705882355,0,0,2022,2023
G Johnson,International T20,7,2,5,5,38.46153846153847,0,0,2022,2022
R Johnson (),International T20,2,2,5,2.5,50,0,0,2025,2025
Joshua Asia,International T20,25,6,5,1.25,29.411764705882355,0,0,2022,2025
Kalyan Manne,International T20,1,1,5,5,166.66666666666669,0,0,2024,2024
Kamal Raiz,International T20,3,1,5,5,50,0,0,2024,2025
LP Kasturiarachchige,International T20,5,1,5,Inf,166.66666666666669,0,0,2021,2021
D Kegasitswe,International T20,4,2,5,Inf,45.45454545454545,0,0,2019,2019
Khawar Zafar,International T20,2,1,5,5,166.66666666666669,0,0,2020,2020
TCR Kimber,International T20,3,3,5,1.6666666666666667,38.46153846153847,0,0,2019,2019
D Lambasa,International T20,3,1,5,5,71.42857142857143,0,0,2025,2025
C Liebenberg,International T20,10,3,5,1.6666666666666667,62.5,0,0,2020,2026
GD McGrath,International T20,2,1,5,5,41.66666666666667,0,0,2005,2005
Mahmudul Hasan Joy,International T20,3,2,5,2.5,50,0,0,2023,2023
T Makaya,International T20,10,4,5,2.5,41.66666666666667,0,0,2025,2026
Mansoor Shah,International T20,8,3,5,2.5,71.42857142857143,0,0,2025,2026
CS Martin,International T20,6,1,5,Inf,83.33333333333334,0,0,2007,2008
R Mbaiwa,International T20,3,2,5,2.5,35.714285714285715,0,0,2022,2023
Miguel Silva,International T20,3,2,5,5,100,0,0,2026,2026
G Miller,International T20,2,2,5,Inf,50,0,0,2022,2022
B Mngoma,International T20,4,3,5,5,31.25,0,0,2024,2026
Mohammad Salman,International T20,1,1,5,5,83.33333333333334,0,0,2011,2011
Mohsin Zaki,International T20,5,2,5,Inf,55.55555555555556,0,0,2023,2023
Mokbul Ahammed,International T20,2,1,5,5,31.25,0,0,2025,2025
Muhammad Ansar,International T20,4,1,5,5,100,0,0,2020,2020
Muhammad Farooq,International T20,1,1,5,5,125,0,0,2022,2022
Muhammad Saqlain,International T20,24,8,5,1,29.411764705882355,0,0,2025,2026
Mukesh Kumar,International T20,17,4,5,5,100,0,0,2023,2024
GRD Munasinghe,International T20,8,4,5,1.6666666666666667,38.46153846153847,0,0,2019,2019
T Mupariwa,International T20,4,2,5,Inf,166.66666666666669,0,0,2007,2008
Musa Khan Ahmadzai,International T20,9,4,5,5,41.66666666666667,0,0,2026,2026
N M'shangwe,International T20,5,2,5,5,125,0,0,2013,2014
M Mwamadi,International T20,12,3,5,Inf,50,0,0,2019,2022
Norman Sankar,International T20,2,2,5,2.5,41.66666666666667,0,0,2026,2026
MH Oman,International T20,4,3,5,2.5,23.809523809523807,0,0,2022,2022
MW Parkinson,International T20,6,4,5,1.25,45.45454545454545,0,0,2019,2022
Parvez Rasool,International T20,1,1,5,5,83.33333333333334,0,0,2017,2017
D Paterson,International T20,8,2,5,5,250,0,0,2017,2018
JL Pattinson,International T20,4,2,5,Inf,166.66666666666669,0,0,2011,2012
EDS Pimheiro,International T20,8,6,5,1.25,16.129032258064516,0,0,2025,2025
LW Potthoff,International T20,2,1,5,Inf,55.55555555555556,0,0,2024,2024
AG Prince,International T20,1,1,5,5,83.33333333333334,0,0,2005,2005
J Proctor,International T20,13,4,5,2.5,27.77777777777778,0,0,2024,2026
Raja Adeel,International T20,30,6,5,1.25,38.46153846153847,0,0,2019,2026
RJ Ranpura,International T20,3,2,5,Inf,62.5,0,0,2015,2016
G Riley,International T20,3,3,5,1.6666666666666667,22.727272727272727,0,0,2022,2024
Sagor Hossain,International T20,2,2,5,2.5,41.66666666666667,0,0,2025,2025
C Sakariya,International T20,2,1,5,Inf,55.55555555555556,0,0,2021,2021
Saurabh Kumar,International T20,4,4,5,1.25,19.230769230769234,0,0,2025,2025
AZ Shah,International T20,2,2,5,5,29.411764705882355,0,0,2024,2024
B Siddharth,International T20,3,3,5,1.6666666666666667,50,0,0,2024,2025
RJ Sidebottom,International T20,18,1,5,Inf,125,0,0,2007,2010
M Sidibe,International T20,3,3,5,1.6666666666666667,23.809523809523807,0,0,2022,2022
Simranjeet Singh,International T20,17,3,5,2.5,38.46153846153847,0,0,2024,2026
Sivakumar,International T20,6,2,5,Inf,50,0,0,2023,2023
M Spry,International T20,4,2,5,5,45.45454545454545,0,0,2019,2019
D Svilicic,International T20,5,4,5,2.5,33.33333333333333,0,0,2025,2025
R Telemachus,International T20,3,1,5,Inf,166.66666666666669,0,0,2006,2007
DR Tuffey,International T20,3,2,5,5,100,0,0,2005,2010
T Ulutuna,International T20,6,4,5,1.25,45.45454545454545,0,0,2019,2022
Umran Malik,International T20,8,2,5,Inf,250,0,0,2022,2023
B Vakatini,International T20,6,4,5,1.6666666666666667,55.55555555555556,0,0,2022,2025
AC Valthapa,International T20,1,1,5,5,41.66666666666667,0,0,2024,2024
C Vorster,International T20,1,1,5,5,62.5,0,0,2019,2019
Abrar Ahmed,International T20,40,9,4,1.3333333333333333,33.33333333333333,0,0,2024,2026
G Aburto,International T20,2,2,4,2,40,0,0,2023,2023
Adnan Tahir,International T20,2,1,4,4,80,0,0,2025,2025
N Advani,International T20,10,4,4,1.3333333333333333,30.76923076923077,0,0,2019,2025
AK Ahir,International T20,3,1,4,4,80,0,0,2026,2026
Altaf Gill,International T20,3,2,4,2,22.22222222222222,0,0,2024,2024
Al Islam,International T20,1,1,4,4,50,0,0,2026,2026
Arif Hosen,International T20,7,7,4,0.6666666666666666,13.793103448275861,0,0,2025,2025
TD Astle,International T20,5,2,4,2,40,0,0,2016,2021
Aue Oru,International T20,6,1,4,4,36.36363636363637,0,0,2026,2026
JF Bangura,International T20,1,1,4,4,40,0,0,2025,2025
GJ Batty,International T20,1,1,4,4,57.14285714285714,0,0,2009,2009
P Bharat Patel,International T20,2,1,4,Inf,57.14285714285714,0,0,2019,2019
JAR Blain,International T20,6,3,4,2,80,0,0,2007,2008
CJ Boyce,International T20,7,2,4,4,57.14285714285714,0,0,2014,2016
PR Brown,International T20,4,1,4,Inf,44.44444444444444,0,0,2019,2019
IW Budiarta,International T20,5,3,4,2,80,0,0,2022,2024
NM Carter,International T20,7,2,4,2,33.33333333333333,0,0,2013,2013
RD Cespedes,International T20,3,1,4,4,57.14285714285714,0,0,2026,2026
Cihan Altun,International T20,3,1,4,4,200,0,0,2023,2023
PC Connell,International T20,9,3,4,4,57.14285714285714,0,0,2008,2010
A Dawson,International T20,3,3,4,2,28.57142857142857,0,0,2025,2025
PA Desai,International T20,1,1,4,Inf,57.14285714285714,0,0,2012,2012
DT Doram,International T20,14,3,4,Inf,66.66666666666666,0,0,2024,2025
AB Dursak,International T20,4,4,4,1,16.666666666666664,0,0,2019,2019
Du Jianyao,International T20,2,2,4,2,33.33333333333333,0,0,2026,2026
C Emmott,International T20,2,2,4,2,36.36363636363637,0,0,2019,2019
LKW Ezechiel,International T20,4,4,4,1.3333333333333333,16,0,0,2024,2024
D Faletar,International T20,4,3,4,2,26.666666666666668,0,0,2023,2023
Farhan Ahmed,International T20,3,1,4,4,50,0,0,2016,2016
M Fumba,International T20,1,1,4,4,40,0,0,2026,2026
Gaba Frank,International T20,2,1,4,4,50,0,0,2026,2026
Gagandeep Singh,International T20,2,2,4,Inf,66.66666666666666,0,0,2022,2022
JOA Gordon,International T20,17,3,4,4,50,0,0,2013,2024
KDACK Gunarathne,International T20,3,3,4,2,22.22222222222222,0,0,2024,2024
Hardeep Singh,International T20,4,1,4,Inf,400,0,0,2025,2025
Harry Johnson,International T20,14,3,4,4,100,0,0,2024,2025
Lee Hwanhee,International T20,2,2,4,2,44.44444444444444,0,0,2022,2022
Imran Haider,International T20,11,2,4,Inf,50,0,0,2016,2019
Imran Yousaf,International T20,11,3,4,4,50,0,0,2020,2024
A Karn,International T20,2,1,4,4,57.14285714285714,0,0,2015,2015
N Katechis,International T20,4,2,4,4,23.52941176470588,0,0,2024,2024
Kaung Htet Kyaw,International T20,8,2,4,2,40,0,0,2025,2025
Kaung Ko Ko,International T20,2,2,4,4,66.66666666666666,0,0,2025,2025
J Kemp,International T20,5,2,4,2,57.14285714285714,0,0,2024,2024
J Khadka,International T20,17,5,4,4,40,0,0,2025,2026
Khalander Mustafa,International T20,6,1,4,Inf,400,0,0,2023,2023
MF Koc,International T20,3,3,4,2,23.52941176470588,0,0,2019,2019
Komang Putra,International T20,4,1,4,Inf,66.66666666666666,0,0,2025,2025
J Kunnanchirakkal,International T20,4,4,4,2,66.66666666666666,0,0,2025,2025
CK Langeveldt,International T20,9,3,4,4,50,0,0,2005,2010
Lemar Momand,International T20,7,3,4,4,40,0,0,2021,2022
B Leo,International T20,6,3,4,4,33.33333333333333,0,0,2024,2026
I Lisboa,International T20,2,2,4,2,44.44444444444444,0,0,2019,2023
Lovedeep Singh,International T20,11,4,4,1.3333333333333333,44.44444444444444,0,0,2025,2026
NM Lyon,International T20,2,1,4,Inf,100,0,0,2016,2018
RT Lyons,International T20,2,2,4,2,23.52941176470588,0,0,2010,2010
D Malinga,International T20,3,3,4,1.3333333333333333,40,0,0,2022,2022
M Manivannan,International T20,1,1,4,Inf,57.14285714285714,0,0,2023,2023
GE Mathurin,International T20,3,2,4,Inf,80,0,0,2011,2012
Mohammad Irfan,International T20,22,4,4,Inf,50,0,0,2012,2019
Mohammad Tauqir,International T20,3,2,4,4,66.66666666666666,0,0,2015,2015
K Moses,International T20,3,2,4,4,66.66666666666666,0,0,2026,2026
Mrittunjoy Chowdhury,International T20,1,1,4,4,36.36363636363637,0,0,2023,2023
Muhammad Khurram,International T20,5,3,4,1.3333333333333333,20,0,0,2019,2019
Muhammad Rafique,International T20,2,1,4,4,80,0,0,2019,2019
Muhammad Rohid,International T20,17,3,4,4,133.33333333333331,0,0,2025,2026
JM Muirhead,International T20,5,2,4,4,50,0,0,2014,2014
Munthir Al Balushi,International T20,1,1,4,4,44.44444444444444,0,0,2026,2026
Musa Twala,International T20,5,3,4,2,30.76923076923077,0,0,2022,2022
V Nagpaul,International T20,6,2,4,4,66.66666666666666,0,0,2025,2025
Nazmus Sadat,International T20,1,1,4,4,133.33333333333331,0,0,2006,2006
Neeraj Mishra,International T20,7,3,4,2,44.44444444444444,0,0,2025,2026
JO Ngoche,International T20,7,3,4,2,23.52941176470588,0,0,2012,2013
Nijat Masood,International T20,3,1,4,Inf,80,0,0,2022,2022
L Nyarko,International T20,9,3,4,2,66.66666666666666,0,0,2024,2026
R Parkin,International T20,4,2,4,2,100,0,0,2024,2024
ARH Patel,International T20,8,4,4,1,25,0,0,2025,2025
AEV Puentes,International T20,2,1,4,Inf,28.57142857142857,0,0,2023,2023
Qasim Zia,International T20,3,1,4,Inf,400,0,0,2019,2019
RJ Ramjiawan,International T20,2,1,4,4,50,0,0,2024,2024
NJ Reardon,International T20,2,1,4,4,50,0,0,2014,2014
JE Scott,International T20,4,2,4,2,57.14285714285714,0,0,2023,2023
Shan Siddiqui,International T20,2,1,4,4,133.33333333333331,0,0,2024,2024
Simba Mbaki,International T20,1,1,4,4,57.14285714285714,0,0,2025,2025
NJA Smith,International T20,3,2,4,2,44.44444444444444,0,0,2023,2023
ADL Stokoe,International T20,4,1,4,4,44.44444444444444,0,0,2021,2021
Suhrid Roy,International T20,2,2,4,Inf,57.14285714285714,0,0,2019,2021
Syed Ali Gillani,International T20,3,3,4,Inf,100,0,0,2025,2025
C Tchale,International T20,11,4,4,1,44.44444444444444,0,0,2025,2025
SP Terry,International T20,1,1,4,4,66.66666666666666,0,0,2016,2016
K Thuchila,International T20,27,8,4,0.8,28.57142857142857,0,0,2024,2026
T Thushara,International T20,6,2,4,2,50,0,0,2008,2010
S Udawaththa,International T20,1,1,4,4,40,0,0,2023,2023
FAS Villalobos,International T20,4,4,4,1,25,0,0,2025,2025
FN Walsh,International T20,3,2,4,4,57.14285714285714,0,0,2023,2025
Waqar Ali,International T20,18,3,4,4,66.66666666666666,0,0,2021,2026
L Wood,International T20,17,2,4,4,80,0,0,2022,2026
Yousuf Ali,International T20,4,1,4,4,133.33333333333331,0,0,2022,2023
Zikria Islam,International T20,6,4,4,2,26.666666666666668,0,0,2025,2025
Abu Jayed,International T20,3,2,3,1.5,42.857142857142854,0,0,2018,2018
Adnan Shnwarei,International T20,4,2,3,1.5,42.857142857142854,0,0,2025,2025
GJ Agius,International T20,2,2,3,1.5,20,0,0,2019,2019
Ahmad Ullah,International T20,6,2,3,Inf,42.857142857142854,0,0,2026,2026
Amir Hayat,International T20,4,2,3,1.5,50,0,0,2018,2019
B Angeltti,International T20,9,3,3,1,33.33333333333333,0,0,2019,2024
A Aspiotis,International T20,3,1,3,Inf,75,0,0,2019,2019
D Ateak,International T20,3,2,3,3,37.5,0,0,2026,2026
MC Bascombe,International T20,1,1,3,3,42.857142857142854,0,0,2011,2011
Basharat Hussain,International T20,5,3,3,3,20,0,0,2025,2025
Bashir Shah,International T20,9,4,3,3,42.857142857142854,0,0,2019,2021
D Bourne (),International T20,2,1,3,3,50,0,0,2025,2025
R Brar,International T20,5,3,3,1.5,42.857142857142854,0,0,2021,2024
R Broaster,International T20,3,1,3,3,42.857142857142854,0,0,2026,2026
S Byrne,International T20,2,2,3,1.5,33.33333333333333,0,0,2019,2019
CL Cairns,International T20,2,2,3,1.5,23.076923076923077,0,0,2005,2006
Y Cariah,International T20,2,2,3,Inf,75,0,0,2022,2022
C Cassell,International T20,2,2,3,3,50,0,0,2024,2025
AT Chuvale,International T20,1,1,3,Inf,37.5,0,0,2022,2022
JAC Cubas,International T20,3,2,3,1.5,33.33333333333333,0,0,2026,2026
D Dawa,International T20,5,2,3,Inf,42.857142857142854,0,0,2024,2024
D de la Puente,International T20,2,2,3,3,42.857142857142854,0,0,2019,2019
ST de Silva,International T20,3,2,3,1.5,42.857142857142854,0,0,2017,2017
N Dhamba,International T20,1,1,3,3,50,0,0,2022,2022
KK Dobell,International T20,3,2,3,3,50,0,0,2022,2022
O Duff,International T20,11,4,3,0.75,20,0,0,2024,2026
Fahad Ali,International T20,3,3,3,1,21.428571428571427,0,0,2019,2019
M Faheem,International T20,7,3,3,1,42.857142857142854,0,0,2019,2020
Fawad Ahmed,International T20,2,1,3,Inf,60,0,0,2013,2013
Fida Hussain,International T20,2,1,3,Inf,75,0,0,2019,2019
AD Fofana,International T20,3,3,3,1,16.666666666666664,0,0,2024,2024
K Fubler,International T20,19,3,3,3,60,0,0,2024,2026
WT Gavera,International T20,6,2,3,1.5,50,0,0,2015,2017
AM Guruge,International T20,5,3,3,3,37.5,0,0,2014,2015
H Hajnic,International T20,4,3,3,1.5,7.142857142857142,0,0,2023,2023
Hamza Tahir,International T20,17,2,3,3,42.857142857142854,0,0,2018,2024
Hassan Eisakhil,International T20,2,2,3,1.5,25,0,0,2026,2026
Hassan Nasir,International T20,3,1,3,Inf,100,0,0,2025,2026
Hussain Saadhin,International T20,2,1,3,3,33.33333333333333,0,0,2023,2023
KAB Hynam-Nyberg,International T20,7,2,3,3,75,0,0,2025,2025
Ibrahim Karim,International T20,3,3,3,1.5,50,0,0,2025,2025
Ismat Alam,International T20,1,1,3,3,100,0,0,2026,2026
M Janicijevic,International T20,8,5,3,1,37.5,0,0,2026,2026
P Jirapatananukul,International T20,3,2,3,1.5,27.27272727272727,0,0,2026,2026
Joshep Zulu,International T20,3,2,3,Inf,42.857142857142854,0,0,2026,2026
Junaid Khan,International T20,9,2,3,Inf,75,0,0,2011,2014
MS Kasprowicz,International T20,2,1,3,Inf,60,0,0,2005,2005
GJP Kruger,International T20,1,1,3,3,60,0,0,2006,2006
K Kubota,International T20,19,5,3,3,50,0,0,2022,2026
BLCS Kumara,International T20,2,2,3,1.5,42.857142857142854,0,0,2021,2021
SK Lahiri,International T20,5,2,3,3,42.857142857142854,0,0,2025,2026
TK Lal,International T20,8,3,3,3,30,0,0,2022,2022
B Lewis,International T20,6,3,3,3,37.5,0,0,2024,2024
Lwin Maw,International T20,2,1,3,3,60,0,0,2024,2024
P Madhukar,International T20,4,2,3,3,37.5,0,0,2026,2026
Mahmad Data,International T20,4,2,3,1.5,50,0,0,2019,2023
Mohit Sharma,International T20,3,2,3,1.5,50,0,0,2026,2026
J Moondra,International T20,2,2,3,Inf,100,0,0,2026,2026
Z Motara,International T20,1,1,3,3,75,0,0,2025,2025
Muhammad Tahir,International T20,2,1,3,3,30,0,0,2024,2024
L Mutale,International T20,3,2,3,3,60,0,0,2025,2025
Nazmul Hossain,International T20,4,2,3,Inf,20,0,0,2009,2012
R Olipa,International T20,2,1,3,3,75,0,0,2019,2019
B Passoni,International T20,6,1,3,Inf,27.27272727272727,0,0,2025,2026
M Patel,International T20,2,1,3,Inf,50,0,0,2019,2019
H Pile,International T20,4,2,3,3,37.5,0,0,2024,2026
Rahim Khan,International T20,7,1,3,Inf,60,0,0,2025,2026
Rahmat Shah,International T20,1,1,3,3,50,0,0,2024,2024
Rajab Hussain,International T20,2,2,3,3,50,0,0,2024,2024
Rashid Khan,International T20,2,1,3,3,60,0,0,2019,2024
Raunaq Kapur,International T20,1,1,3,3,60,0,0,2024,2024
KAJ Roach,International T20,11,1,3,Inf,150,0,0,2008,2012
Salman Sharjeel,International T20,5,2,3,3,75,0,0,2026,2026
Samiallah Khalil,International T20,2,2,3,1.5,50,0,0,2022,2022
E Samson,International T20,3,2,3,3,100,0,0,2022,2022
Shahab Alam,International T20,4,2,3,1.5,60,0,0,2026,2026
MM Sharma,International T20,8,2,3,Inf,42.857142857142854,0,0,2014,2015
P Sibiya,International T20,1,1,3,Inf,50,0,0,2022,2022
K Sinclair,International T20,6,2,3,3,33.33333333333333,0,0,2021,2021
Sineth Jayawardena,International T20,2,2,3,1.5,27.27272727272727,0,0,2026,2026
RP Singh,International T20,10,2,3,Inf,100,0,0,2007,2009
Q Stephens,International T20,6,5,3,0.75,23.076923076923077,0,0,2026,2026
MJ Tugaga,International T20,4,2,3,3,100,0,0,2025,2026
NL Ujawe,International T20,4,3,3,3,75,0,0,2022,2022
R Ulutuna,International T20,4,4,3,0.75,18.75,0,0,2019,2019
Umair Safi,International T20,2,1,3,Inf,150,0,0,2026,2026
SA van Breda,International T20,2,1,3,3,37.5,0,0,2025,2025
E Walker,International T20,5,4,3,Inf,15.789473684210526,0,0,2023,2023
Wang Qi,International T20,4,4,3,1,18.75,0,0,2023,2023
Waseeq Ahmed,International T20,16,3,3,Inf,75,0,0,2021,2022
IGTP Wiguna,International T20,7,1,3,Inf,33.33333333333333,0,0,2025,2026
Yash Singh,International T20,6,1,3,3,25,0,0,2023,2023
Zahid Hussain,International T20,3,2,3,Inf,37.5,0,0,2012,2012
Zwe Htet Paing,International T20,3,2,3,3,50,0,0,2025,2025
Aakash Chand,International T20,3,2,2,2,33.33333333333333,0,0,2024,2024
Abu Zar,International T20,2,2,2,1,40,0,0,2023,2023
Adel Kolasangiani,International T20,1,1,2,Inf,50,0,0,2020,2020
Aftab Alam,International T20,12,5,2,1,22.22222222222222,0,0,2012,2018
Ahmad Raza,International T20,5,2,2,Inf,50,0,0,2024,2024
Ajaz Patel,International T20,2,2,2,1,18.181818181818183,0,0,2026,2026
Akash Babu,International T20,7,3,2,0.6666666666666666,33.33333333333333,0,0,2022,2022
Anmoldeep Singh,International T20,4,1,2,2,28.57142857142857,0,0,2022,2022
Anskumar Ahir,International T20,2,1,2,Inf,33.33333333333333,0,0,2025,2025
B Arends,International T20,6,5,2,1,18.181818181818183,0,0,2025,2025
Arshad Hayat,International T20,7,2,2,1,28.57142857142857,0,0,2019,2019
Aslam Bera,International T20,9,4,2,0.5,22.22222222222222,0,0,2025,2025
Aviel Warsulkar,International T20,2,2,2,Inf,66.66666666666666,0,0,2024,2024
KMC Bandara,International T20,1,1,2,Inf,50,0,0,2016,2016
I Bardis,International T20,2,2,2,2,33.33333333333333,0,0,2022,2022
Bashir Ahmad,International T20,1,1,2,Inf,40,0,0,2025,2025
A Bhattarai,International T20,1,1,2,2,66.66666666666666,0,0,2014,2014
AAH Bhikari,International T20,6,2,2,1,18.181818181818183,0,0,2024,2026
Bilal Aftab,International T20,3,2,2,2,66.66666666666666,0,0,2021,2021
M Brasier,International T20,3,3,2,1,22.22222222222222,0,0,2022,2023
JP Bray,International T20,2,2,2,1,11.76470588235294,0,0,2009,2009
GB Brent,International T20,3,1,2,2,40,0,0,2006,2007
T Buri,International T20,1,1,2,2,33.33333333333333,0,0,2022,2022
G Campbell (),International T20,1,1,2,2,25,0,0,2025,2025
Choudhry Md Imran,International T20,4,2,2,1,66.66666666666666,0,0,2024,2024
H Dajc,International T20,2,2,2,2,66.66666666666666,0,0,2019,2019
Dawlat Ahmadzai,International T20,2,1,2,Inf,66.66666666666666,0,0,2010,2010
JI de Villiers,International T20,8,3,2,1,40,0,0,2024,2025
A Dhar,International T20,3,1,2,2,33.33333333333333,0,0,2025,2025
S di Bartolomeo,International T20,7,1,2,Inf,100,0,0,2023,2024
PK Dimitri,International T20,5,5,2,1,20,0,0,2024,2024
Ronald Ebanks,International T20,6,3,2,0.6666666666666666,33.33333333333333,0,0,2024,2024
H Elder,International T20,2,2,2,2,66.66666666666666,0,0,2025,2025
Emanuel,International T20,4,3,2,0.6666666666666666,11.76470588235294,0,0,2026,2026
Emran Shahbakhsh,International T20,3,3,2,1,25,0,0,2020,2020
EF Faalupega,International T20,2,2,2,1,33.33333333333333,0,0,2025,2025
Faizal Salehji,International T20,4,1,2,2,100,0,0,2025,2025
MVT Fernando,International T20,1,1,2,2,100,0,0,2017,2017
S Fowler,International T20,5,2,2,1,22.22222222222222,0,0,2025,2026
Franz Bur,International T20,4,1,2,Inf,28.57142857142857,0,0,2024,2026
C Fry,International T20,3,1,2,2,33.33333333333333,0,0,2019,2019
GHS Garton,International T20,1,1,2,2,50,0,0,2022,2022
M Gherasim,International T20,12,3,2,1,33.33333333333333,0,0,2020,2022
RJ Gleeson,International T20,6,2,2,1,50,0,0,2022,2022
CJ Green,International T20,1,1,2,Inf,66.66666666666666,0,0,2023,2023
JJ Griffin,International T20,6,2,2,2,25,0,0,2023,2026
D Halloway,International T20,3,2,2,1,22.22222222222222,0,0,2026,2026
Jandu Hamoud,International T20,6,1,2,2,50,0,0,2019,2019
RJ Harris,International T20,3,1,2,Inf,200,0,0,2010,2010
CV Harrison,International T20,7,2,2,2,50,0,0,2021,2021
BW Hilfenhaus,International T20,7,3,2,1,20,0,0,2007,2012
A Ifill,International T20,2,1,2,2,50,0,0,2026,2026
AJ Ireland,International T20,1,1,2,Inf,66.66666666666666,0,0,2006,2006
S Kansoy,International T20,4,4,2,0.5,28.57142857142857,0,0,2019,2019
T Kirk,International T20,1,1,2,2,40,0,0,2023,2023
RJ Kirtley,International T20,1,1,2,Inf,50,0,0,2007,2007
H Klazinge,International T20,7,4,2,2,40,0,0,2023,2025
M Labuschagne,International T20,1,1,2,2,50,0,0,2022,2022
R Lekai,International T20,1,1,2,2,100,0,0,2026,2026
J Long,International T20,2,1,2,Inf,33.33333333333333,0,0,2019,2019
D Madushanka,International T20,22,7,2,0.3333333333333333,14.285714285714285,0,0,2022,2026
Z Marosy,International T20,2,2,2,2,66.66666666666666,0,0,2025,2026
M Martin,International T20,1,1,2,2,33.33333333333333,0,0,2021,2021
MJ Mason,International T20,3,1,2,2,100,0,0,2006,2008
Masood Jayezeh,International T20,3,3,2,0.6666666666666666,15.384615384615385,0,0,2020,2020
Matthew Walker,International T20,4,2,2,2,40,0,0,2026,2026
AR Menon,International T20,1,1,2,2,40,0,0,2023,2023
Mihir Patel,International T20,1,1,2,2,100,0,0,2025,2025
RP Mitchell,International T20,5,4,2,2,33.33333333333333,0,0,2021,2021
Mobashar Ashraf,International T20,2,1,2,2,50,0,0,2021,2021
D Mogan,International T20,3,1,2,2,25,0,0,2020,2021
Mohomed Saddam,International T20,3,2,2,1,18.181818181818183,0,0,2026,2026
Mohammad Atif,International T20,13,2,2,1,50,0,0,2022,2026
Mongdara Sok,International T20,9,5,2,1,22.22222222222222,0,0,2025,2025
RDS Morein,International T20,8,4,2,2,18.181818181818183,0,0,2025,2025
T Moses,International T20,2,1,2,Inf,40,0,0,2026,2026
Muzammil Shahzad,International T20,3,3,2,0.6666666666666666,12.5,0,0,2022,2022
Najeeb Amar,International T20,1,1,2,2,22.22222222222222,0,0,2014,2014
K Nima,International T20,1,1,2,Inf,66.66666666666666,0,0,2019,2019
F Nkhoma,International T20,6,1,2,2,25,0,0,2019,2024
Noman Kamawi,International T20,1,1,2,2,28.57142857142857,0,0,2019,2019
L Nou,International T20,3,1,2,Inf,66.66666666666666,0,0,2015,2015
S Nsubuga,International T20,15,3,2,1,33.33333333333333,0,0,2023,2023
MAP Ovalle,International T20,2,1,2,2,25,0,0,2023,2023
AJ Parmar,International T20,23,7,2,2,25,0,0,2024,2026
AP Patel,International T20,9,2,2,Inf,33.33333333333333,0,0,2024,2026
SJ Patel,International T20,10,4,2,0.6666666666666666,18.181818181818183,0,0,2021,2022
S Pitabeddara,International T20,10,4,2,0.5,25,0,0,2024,2026
SA Pradhan,International T20,2,1,2,Inf,33.33333333333333,0,0,2025,2025
Pramod Madushan,International T20,9,3,2,1,50,0,0,2022,2026
M Prasidh Krishna,International T20,8,2,2,Inf,66.66666666666666,0,0,2023,2026
Qi Shuai,International T20,1,1,2,2,100,0,0,2026,2026
Ross Hardie,International T20,3,2,2,Inf,22.22222222222222,0,0,2026,2026
S Saeed,International T20,5,1,2,2,50,0,0,2019,2019
Saif Ullah Malik,International T20,1,1,2,2,66.66666666666666,0,0,2024,2024
BS Sandhu,International T20,1,1,2,2,40,0,0,2022,2022
T Sangha,International T20,7,1,2,Inf,50,0,0,2023,2023
Sareer Shah,International T20,7,4,2,1,33.33333333333333,0,0,2025,2026
Shahrukh Quddus,International T20,11,3,2,Inf,40,0,0,2022,2024
HB Shipley,International T20,5,2,2,Inf,100,0,0,2023,2023
Shoaib Gazi Hossain,International T20,4,1,2,2,40,0,0,2019,2019
IC Simao,International T20,9,6,2,0.6666666666666666,18.181818181818183,0,0,2024,2024
NG Smith,International T20,2,1,2,Inf,50,0,0,2026,2026
GJ Snyman,International T20,1,1,2,2,33.33333333333333,0,0,2021,2021
U Sorovakatini,International T20,1,1,2,Inf,200,0,0,2023,2023
S Stanikzay,International T20,9,3,2,0.6666666666666666,40,0,0,2024,2024
L Stubbs,International T20,4,3,2,0.6666666666666666,8.333333333333332,0,0,2023,2023
Sufyan Yousaf,International T20,1,1,2,2,50,0,0,2025,2025
Syed Jawad Haider,International T20,1,1,2,2,40,0,0,2026,2026
K Hiratsuka,International T20,1,1,2,2,66.66666666666666,0,0,2025,2025
R Tanna,International T20,1,1,2,Inf,66.66666666666666,0,0,2022,2022
Tasaduq Hussain,International T20,3,2,2,1,33.33333333333333,0,0,2022,2022
TO Thilappan,International T20,3,3,2,0.6666666666666666,22.22222222222222,0,0,2023,2023
LL Tsotsobe,International T20,23,3,2,2,20,0,0,2009,2014
T Turan,International T20,7,7,2,0.3333333333333333,8.333333333333332,0,0,2019,2024
Usman Shinwari,International T20,16,3,2,Inf,66.66666666666666,0,0,2013,2019
K Venkatraman,International T20,6,1,2,2,50,0,0,2026,2026
S Vijayakumar,International T20,9,2,2,1,40,0,0,2019,2019
R Vinay Kumar,International T20,9,1,2,Inf,50,0,0,2010,2013
Waqar Khan,International T20,4,2,2,2,66.66666666666666,0,0,2019,2019
Waqas Raja,International T20,1,1,2,Inf,100,0,0,2019,2019
DKD Warnakulasuriya,International T20,9,2,2,2,15.384615384615385,0,0,2021,2024
UWMBCA Welegedara,International T20,2,1,2,Inf,66.66666666666666,0,0,2010,2010
Yin Chenhao,International T20,3,2,2,1,15.384615384615385,0,0,2023,2023
Zaheer Maqsood,International T20,3,1,2,2,40,0,0,2015,2016
Aarnav Patel,International T20,2,1,1,Inf,20,0,0,2024,2024
Abdul Rahman,International T20,1,1,1,Inf,50,0,0,2022,2022
NJV Aburto,International T20,1,1,1,1,12.5,0,0,2023,2023
KK Ahmed,International T20,18,2,1,Inf,50,0,0,2018,2024
Ahsan ul Haq,International T20,3,2,1,0.5,16.666666666666664,0,0,2023,2023
J Allen,International T20,2,2,1,1,25,0,0,2019,2019
HS Alta,International T20,4,4,1,0.3333333333333333,10,0,0,2019,2019
JM Anderson,International T20,19,4,1,1,50,0,0,2007,2009
TM Anker,International T20,1,1,1,Inf,14.285714285714285,0,0,2024,2024
Aqif Farooq,International T20,4,1,1,1,25,0,0,2025,2026
Asad Rasheed,International T20,3,2,1,Inf,33.33333333333333,0,0,2026,2026
Aslam Doria,International T20,3,1,1,1,16.666666666666664,0,0,2021,2021
SYS Assegon,International T20,3,2,1,0.5,5.555555555555555,0,0,2024,2024
Babar Ali,International T20,3,1,1,Inf,100,0,0,2019,2019
T Batjargal,International T20,2,2,1,1,33.33333333333333,0,0,2024,2024
HK Bennett,International T20,11,2,1,Inf,50,0,0,2020,2021
DE Bernard,International T20,1,1,1,Inf,100,0,0,2009,2009
IIR Bhana,International T20,1,1,1,1,33.33333333333333,0,0,2023,2023
S Bhari,International T20,9,5,1,0.5,14.285714285714285,0,0,2019,2021
Bilal Shah,International T20,1,1,1,Inf,100,0,0,2025,2025
L Bloomfield,International T20,5,2,1,1,14.285714285714285,0,0,2025,2026
DE Bollinger,International T20,9,2,1,Inf,100,0,0,2011,2014
DR Brown,International T20,2,1,1,1,20,0,0,2007,2007
N Buckle,International T20,3,1,1,Inf,100,0,0,2019,2019
K Cawte,International T20,14,5,1,0.5,11.11111111111111,0,0,2022,2024
R Chatterton,International T20,3,2,1,0.5,12.5,0,0,2026,2026
SL Clephane,International T20,2,2,1,1,16.666666666666664,0,0,2022,2022
BRF Constanzo,International T20,1,1,1,1,20,0,0,2023,2023
R Dhawan,International T20,1,1,1,Inf,50,0,0,2016,2016
Dhiman Ghosh,International T20,1,1,1,1,50,0,0,2008,2008
HH Dippenaar,International T20,1,1,1,1,20,0,0,2006,2006
P Donkaew,International T20,2,1,1,1,33.33333333333333,0,0,2026,2026
S Duggan,International T20,7,1,1,Inf,33.33333333333333,0,0,2023,2024
Ehsan Adil,International T20,1,1,1,Inf,50,0,0,2026,2026
GDR Eranga,International T20,9,1,1,1,100,0,0,2019,2019
AC Frame,International T20,1,1,1,1,33.33333333333333,0,0,2026,2026
A Gall,International T20,1,1,1,Inf,50,0,0,2025,2025
A Gavde,International T20,1,1,1,1,16.666666666666664,0,0,2019,2019
N Gnanapragasam,International T20,2,2,1,0.5,20,0,0,2024,2026
O Goker,International T20,1,1,1,Inf,100,0,0,2019,2019
A Govorko,International T20,4,1,1,Inf,100,0,0,2024,2024
Haris Karim,International T20,3,1,1,Inf,33.33333333333333,0,0,2024,2025
Harprit Singh,International T20,2,1,1,Inf,100,0,0,2023,2024
Hassan Akbani,International T20,1,1,1,1,20,0,0,2026,2026
Hasnain Ul Wahab,International T20,1,1,1,1,33.33333333333333,0,0,2025,2025
Hassnain Shah,International T20,5,3,1,0.3333333333333333,16.666666666666664,0,0,2025,2025
E Henry (),International T20,1,1,1,1,25,0,0,2025,2025
V Hettiarachchi,International T20,1,1,1,1,50,0,0,2025,2025
Het Patel,International T20,5,2,1,1,11.11111111111111,0,0,2024,2026
P Hingorani,International T20,9,3,1,1,16.666666666666664,0,0,2023,2026
AA Hussein,International T20,2,2,1,Inf,100,0,0,2022,2022
RF Hutton,International T20,1,1,1,Inf,100,0,0,2023,2023
GM Hyde,International T20,3,1,1,1,16.666666666666664,0,0,2019,2019
Imtiaz Khan,International T20,5,3,1,Inf,100,0,0,2025,2025
Jabran Khan,International T20,2,1,1,1,25,0,0,2026,2026
W Jackson,International T20,4,1,1,1,14.285714285714285,0,0,2021,2023
JS Jesani,International T20,1,1,1,1,20,0,0,2007,2007
Jitesh Patel,International T20,4,1,1,1,16.666666666666664,0,0,2022,2022
Jojo Thomas,International T20,1,1,1,1,33.33333333333333,0,0,2021,2021
MBS Jonkman,International T20,3,1,1,1,12.5,0,0,2010,2010
GE Kidd,International T20,1,1,1,Inf,100,0,0,2010,2010
DS Kulkarni,International T20,2,1,1,Inf,100,0,0,2016,2016
A Lagos,International T20,1,1,1,Inf,25,0,0,2019,2019
J Lewis,International T20,2,2,1,1,25,0,0,2005,2007
BG Lister,International T20,13,3,1,0.5,16.666666666666664,0,0,2023,2026
J Louw,International T20,2,1,1,Inf,100,0,0,2008,2009
JR Lucky,International T20,4,2,1,1,12.5,0,0,2025,2025
R Mahajan,International T20,3,1,1,Inf,100,0,0,2019,2019
SI Mahmood,International T20,4,2,1,Inf,50,0,0,2006,2009
L Makgale,International T20,10,3,1,0.5,25,0,0,2023,2026
Mohammad Ali,International T20,3,2,1,Inf,100,0,0,2025,2025
J Mathew,International T20,2,1,1,Inf,100,0,0,2026,2026
Matiullah Khan,International T20,5,2,1,Inf,20,0,0,2025,2025
RD McCann,International T20,3,1,1,1,50,0,0,2012,2012
KD Mehta,International T20,3,1,1,1,50,0,0,2021,2021
NSK Mehta,International T20,9,2,1,0.5,33.33333333333333,0,0,2020,2021
S Mills,International T20,1,1,1,Inf,33.33333333333333,0,0,2020,2020
Mirza Ahmed,International T20,6,2,1,Inf,50,0,0,2023,2024
T Misi,International T20,2,1,1,1,100,0,0,2024,2024
NR Mittal,International T20,1,1,1,1,20,0,0,2026,2026
Mohamad Junaid Khushi,International T20,1,1,1,Inf,100,0,0,2026,2026
Mohammad Asaduzzaman,International T20,9,2,1,1,50,0,0,2022,2022
MR Montfort,International T20,1,1,1,Inf,100,0,0,2019,2019
Muhammed Shanil,International T20,1,1,1,Inf,33.33333333333333,0,0,2016,2016
Muhammed Imran,International T20,2,2,1,1,50,0,0,2025,2025
E Munkhbat,International T20,2,2,1,0.5,12.5,0,0,2023,2023
M Muralidaran,International T20,12,2,1,0.5,20,0,0,2006,2010
Murat Ipek,International T20,4,2,1,0.5,50,0,0,2023,2023
R Murugan,International T20,3,3,1,0.5,14.285714285714285,0,0,2025,2025
Musawar Shah,International T20,14,3,1,Inf,100,0,0,2019,2024
J Mustafoev,International T20,4,1,1,1,12.5,0,0,2026,2026
Mustakim Aslam,International T20,4,1,1,1,20,0,0,2026,2026
AR Nair,International T20,3,2,1,0.5,50,0,0,2024,2025
RV Nascimento,International T20,13,2,1,1,33.33333333333333,0,0,2025,2026
M Nasim Baras,International T20,3,1,1,1,50,0,0,2015,2015
E Ndzeute,International T20,11,1,1,Inf,50,0,0,2025,2026
R Neale,International T20,3,2,1,0.5,16.666666666666664,0,0,2019,2019
EM Nino,International T20,2,1,1,Inf,100,0,0,2021,2021
ML Nkala,International T20,1,1,1,1,33.33333333333333,0,0,2006,2006
M Noble,International T20,5,2,1,1,33.33333333333333,0,0,2026,2026
VM Nyauchi,International T20,2,1,1,Inf,33.33333333333333,0,0,2022,2022
C Nzabarinda,International T20,2,1,1,1,50,0,0,2026,2026
Obed Yosef,International T20,8,1,1,Inf,33.33333333333333,0,0,2022,2023
S Ogundipe,International T20,4,1,1,Inf,33.33333333333333,0,0,2021,2021
MS Panesar,International T20,1,1,1,1,50,0,0,2007,2007
SD Parry,International T20,5,1,1,1,100,0,0,2014,2015
MDK Perera,International T20,3,2,1,0.5,16.666666666666664,0,0,2011,2011
J Pook,International T20,3,2,1,0.5,20,0,0,2024,2024
DBL Powell,International T20,5,1,1,Inf,100,0,0,2007,2007
O Qudratov,International T20,2,2,1,1,33.33333333333333,0,0,2026,2026
EC Rainsford,International T20,2,1,1,Inf,50,0,0,2010,2010
Ravinder Gill,International T20,2,1,1,Inf,100,0,0,2025,2025
Riyaz Kajalwala,International T20,2,2,1,1,11.11111111111111,0,0,2022,2022
WJR Robertson,International T20,6,2,1,Inf,50,0,0,2019,2019
L Ruane,International T20,1,1,1,1,20,0,0,2025,2025
P Sadev,International T20,4,1,1,1,25,0,0,2022,2022
Sajid Safi,International T20,2,1,1,1,33.33333333333333,0,0,2025,2025
SMLD Samarakoon,International T20,1,1,1,1,33.33333333333333,0,0,2023,2023
Sandeep Sharma,International T20,2,1,1,Inf,100,0,0,2015,2015
Santosh Yadav,International T20,1,1,1,1,25,0,0,2026,2026
Sayed Shirzad,International T20,4,1,1,1,50,0,0,2015,2019
Seif Athumani,International T20,1,1,1,Inf,16.666666666666664,0,0,2024,2024
M Separovic,International T20,4,2,1,0.5,33.33333333333333,0,0,2026,2026
ZK Shem,International T20,5,2,1,Inf,25,0,0,2019,2019
B Shikongo,International T20,41,4,1,0.3333333333333333,14.285714285714285,0,0,2019,2026
SPS Shikongo,International T20,4,1,1,Inf,100,0,0,2024,2024
PM Siddle,International T20,2,1,1,Inf,100,0,0,2009,2010
KM Silva,International T20,3,2,1,0.5,16.666666666666664,0,0,2019,2019
RR Simmonds,International T20,4,1,1,1,50,0,0,2025,2026
C Smith,International T20,11,3,1,1,20,0,0,2024,2026
Snir Massil,International T20,1,1,1,1,33.33333333333333,0,0,2026,2026
Sohail Khan,International T20,5,1,1,Inf,100,0,0,2008,2017
Sohrawordi Shuvo,International T20,1,1,1,Inf,33.33333333333333,0,0,2010,2010
Sukhjinder Singh,International T20,6,1,1,Inf,25,0,0,2025,2025
Sukhkaran Sahi,International T20,5,1,1,1,50,0,0,2022,2023
Syed Rehmatullah,International T20,7,2,1,Inf,33.33333333333333,0,0,2022,2022
B Terbish,International T20,4,4,1,0.3333333333333333,6.25,0,0,2023,2024
EP Thompson,International T20,1,1,1,Inf,100,0,0,2008,2008
Toqeer Ahmad,International T20,6,2,1,0.5,25,0,0,2024,2024
TE Tucker,International T20,1,1,1,1,20,0,0,2008,2008
I Uboh,International T20,10,2,1,Inf,25,0,0,2024,2024
Ugyen Dorji,International T20,4,2,1,0.5,10,0,0,2025,2026
R van der Merwe,International T20,5,2,1,Inf,100,0,0,2019,2019
N Venables,International T20,6,2,1,0.5,16.666666666666664,0,0,2026,2026
H Virdee,International T20,1,1,1,Inf,100,0,0,2023,2023
Waheed Al Balushi,International T20,1,1,1,1,50,0,0,2026,2026
I Wardlaw,International T20,4,1,1,1,33.33333333333333,0,0,2013,2013
B Wentzel,International T20,1,1,1,1,50,0,0,2022,2022
SV Wiig,International T20,2,1,1,Inf,100,0,0,2025,2025
G Wijekoon,International T20,3,2,1,1,20,0,0,2007,2007
JD Wildermuth,International T20,2,1,1,Inf,100,0,0,2018,2018
MB Williams,International T20,3,2,1,Inf,33.33333333333333,0,0,2023,2023
MP Yadav,International T20,6,1,1,Inf,100,0,0,2024,2026
ST Yalimaiwai,International T20,3,2,1,1,50,0,0,2024,2024
Yamin Ahmadzai,International T20,2,1,1,Inf,100,0,0,2015,2015
Zeeshan Abbas,International T20,4,1,1,1,25,0,0,2019,2022
Zuber Sunasara,International T20,1,1,1,1,14.285714285714285,0,0,2024,2024
RGD Mitchell,International T20,1,1,0,0,0,0,0,2023,2023
Abdulla Popalzae,International T20,1,1,0,0,0,0,0,2022,2022
Abdul Rauf,International T20,1,1,0,0,0,0,0,2026,2026
AS Abioye,International T20,5,1,0,0,NA,0,0,2019,2019
R Aggarwal,International T20,1,1,0,0,0,0,0,2026,2026
Ahmadi Ravat,International T20,2,1,0,0,0,0,0,2023,2023
Ahmed Baladraf,International T20,9,1,0,0,0,0,0,2023,2023
Aizaz Cheema,International T20,5,1,0,0,0,0,0,2011,2012
Akramullah Malikzada,International T20,5,2,0,0,0,0,0,2022,2022
C Akyuz,International T20,1,1,0,0,0,0,0,2019,2019
S Alavala,International T20,2,1,0,0,0,0,0,2026,2026
Ali Naqi,International T20,4,1,0,0,NA,0,0,2019,2019
KO Altamirano,International T20,4,3,0,0,0,0,0,2024,2025
A Amburose,International T20,3,2,0,0,0,0,0,2026,2026
Ammar Zuhdi Hazalan,International T20,3,1,0,0,0,0,0,2022,2022
Andrey Lilov,International T20,4,1,0,0,0,0,0,2021,2021
MA Aponso,International T20,3,1,0,0,0,0,0,2018,2018
S Arachchige,International T20,4,1,0,0,0,0,0,2019,2019
Arif Nasir Uddin,International T20,3,1,0,0,0,0,0,2025,2025
Arnav Manoj,International T20,3,3,0,0,0,0,0,2025,2025
Arshad Iqbal,International T20,3,2,0,0,0,0,0,2021,2023
Aswad Khan,International T20,3,1,0,0,NA,0,0,2021,2021
MS Aulakh,International T20,3,1,0,0,0,0,0,2012,2013
SMHH Aung,International T20,1,1,0,0,0,0,0,2024,2024
G Axtell,International T20,2,1,0,0,0,0,0,2022,2022
P Ayoleyine,International T20,6,2,0,0,0,0,0,2022,2023
Ayush Ummat,International T20,1,1,0,0,0,0,0,2021,2021
CT Bancroft,International T20,1,1,0,0,NA,0,0,2016,2016
R Bangera,International T20,3,2,0,0,0,0,0,2026,2026
Benson Chama,International T20,2,1,0,0,0,0,0,2025,2025
D Berthe,International T20,2,2,0,0,0,0,0,2024,2024
PD Blignaut,International T20,4,1,0,0,0,0,0,2024,2024
Borna Pejic,International T20,1,1,0,0,0,0,0,2026,2026
IDR Bradshaw,International T20,1,1,0,0,NA,0,0,2006,2006
DR Briggs,International T20,7,1,0,0,NA,0,0,2012,2014
AF Buurman,International T20,4,2,0,0,0,0,0,2010,2010
MD Byrne,International T20,2,1,0,0,0,0,0,2025,2025
P Byron,International T20,1,1,0,0,0,0,0,2021,2021
G Cambell,International T20,2,2,0,0,0,0,0,2025,2025
PP Chawla,International T20,7,1,0,0,0,0,0,2010,2012
JF Chester,International T20,4,3,0,0,0,0,0,2021,2021
Chetan Kumar Ahir,International T20,1,1,0,0,0,0,0,2026,2026
T Chopel,International T20,2,1,0,0,0,0,0,2024,2026
F Choudary,International T20,2,1,0,0,0,0,0,2022,2022
DO Christian,International T20,2,1,0,0,0,0,0,2011,2011
I Civric,International T20,1,1,0,0,0,0,0,2019,2019
KDC Clarke,International T20,1,1,0,0,0,0,0,2026,2026
S Clarke,International T20,1,1,0,0,0,0,0,2024,2024
S Dalton,International T20,2,1,0,0,0,0,0,2019,2019
Damion Wint,International T20,3,2,0,0,0,0,0,2026,2026
S Dhakal,International T20,6,3,0,0,0,0,0,2022,2024
N Dipakkumar Patel,International T20,3,1,0,0,NA,0,0,2019,2019
TW Dlamini,International T20,6,1,0,0,0,0,0,2024,2024
K Dorji,International T20,4,2,0,0,0,0,0,2019,2026
A Faletar,International T20,4,2,0,0,0,0,0,2023,2023
IM Farrell,International T20,1,1,0,0,0,0,0,2022,2022
P Fernando,International T20,2,1,0,0,0,0,0,2022,2022
Fiaz Ahmad,International T20,3,1,0,0,NA,0,0,2019,2019
I Ganness (),International T20,2,1,0,0,NA,0,0,2025,2025
JWW Gardner,International T20,6,2,0,0,0,0,0,2023,2024
Gershon Yusuf,International T20,1,1,0,0,0,0,0,2019,2019
L Gherasim,International T20,8,1,0,0,0,0,0,2019,2023
M Goonetilleke,International T20,3,2,0,0,0,0,0,2019,2021
P Gopalkrishnan,International T20,1,1,0,0,0,0,0,2024,2024
SU Halarnkar,International T20,2,2,0,0,0,0,0,2024,2024
Hamza Riaz,International T20,1,1,0,0,0,0,0,2026,2026
SM Harwood,International T20,3,1,0,0,NA,0,0,2007,2009
Hasan Cakir,International T20,2,2,0,0,0,0,0,2022,2022
SAR Hashimi,International T20,1,1,0,0,0,0,0,2025,2025
Hein Zin Aung,International T20,4,2,0,0,0,0,0,2024,2024
N Henderson,International T20,5,1,0,0,NA,0,0,2021,2022
T Henderson,International T20,1,1,0,0,0,0,0,2006,2006
M Heingo,International T20,14,2,0,0,0,0,0,2025,2026
T Hewa,International T20,3,2,0,0,0,0,0,2023,2023
KC Hodsoll,International T20,4,1,0,0,0,0,0,2008,2021
AS Hundal,International T20,1,1,0,0,0,0,0,2025,2025
J Hurley,International T20,7,1,0,0,0,0,0,2019,2021
Ibrahim Altinoluk,International T20,2,1,0,0,0,0,0,2025,2025
Imran Khan (1),International T20,3,1,0,0,0,0,0,2015,2015
O Isesele,International T20,6,1,0,0,NA,0,0,2021,2026
Ivan Genchev,International T20,1,1,0,0,0,0,0,2026,2026
Ivan Splicevic,International T20,2,2,0,0,0,0,0,2023,2023
JP Izeta,International T20,1,1,0,0,0,0,0,2025,2025
KS James,International T20,3,1,0,0,0,0,0,2026,2026
P Jayawickrama,International T20,5,1,0,0,0,0,0,2021,2022
T Jikoibure,International T20,2,1,0,0,0,0,0,2026,2026
SH Johnson,International T20,11,1,0,0,0,0,0,2023,2026
B Kalki Kumar,International T20,2,1,0,0,NA,0,0,2021,2021
A Kanogullari,International T20,4,2,0,0,0,0,0,2026,2026
E Kasaija,International T20,5,1,0,0,0,0,0,2026,2026
P Kerai,International T20,6,1,0,0,0,0,0,2019,2019
S Keshvani,International T20,2,1,0,0,0,0,0,2010,2010
A Khasanov,International T20,4,1,0,0,0,0,0,2026,2026
S Kommula,International T20,1,1,0,0,0,0,0,2026,2026
S Kruger,International T20,1,1,0,0,0,0,0,2024,2024
YC Latouche,International T20,1,1,0,0,NA,0,0,2024,2024
T Letsitsa,International T20,1,1,0,0,0,0,0,2021,2021
RN Lewis,International T20,1,1,0,0,0,0,0,2008,2008
CA Liyanage,International T20,4,4,0,0,0,0,0,2019,2023
K Loday,International T20,1,1,0,0,0,0,0,2019,2019
AJ McKay,International T20,2,1,0,0,0,0,0,2010,2010
HAG Madhushanka,International T20,2,1,0,0,0,0,0,2024,2024
GI Maiden,International T20,3,1,0,0,0,0,0,2008,2008
C Malaya,International T20,6,1,0,0,0,0,0,2024,2025
S Malla,International T20,4,1,0,0,0,0,0,2026,2026
Manisankar V,International T20,2,1,0,0,0,0,0,2026,2026
OM Marshall,International T20,3,1,0,0,0,0,0,2019,2019
ID Matic,International T20,2,2,0,0,0,0,0,2023,2023
M Meade,International T20,1,1,0,0,0,0,0,2019,2019
Mehran Dorri,International T20,1,1,0,0,0,0,0,2020,2020
Mehran Siasar,International T20,1,1,0,0,0,0,0,2020,2020
Michael Charlie,International T20,2,1,0,0,0,0,0,2023,2023
Michael Nazir,International T20,1,1,0,0,0,0,0,2019,2019
A Mishra,International T20,10,1,0,0,NA,0,0,2010,2017
Mohamed Fadiga,International T20,1,1,0,0,0,0,0,2024,2024
Mohamed Ishmath,International T20,8,2,0,0,0,0,0,2024,2024
Mohamed Miuvaan,International T20,4,2,0,0,0,0,0,2023,2024
Mohamed Sarfudeen,International T20,2,1,0,0,0,0,0,2026,2026
Mohammad Ayaz,International T20,1,1,0,0,0,0,0,2020,2020
Mohammad Kashif,International T20,3,1,0,0,NA,0,0,2010,2010
Mohammad Qazi,International T20,1,1,0,0,0,0,0,2008,2008
S Mohan,International T20,1,1,0,0,0,0,0,2022,2022
HJC Mol,International T20,4,1,0,0,0,0,0,2008,2008
R Mondol,International T20,5,2,0,0,0,0,0,2023,2026
AL Motshegetsi,International T20,2,1,0,0,0,0,0,2025,2025
N Mourikis,International T20,3,1,0,0,0,0,0,2021,2021
T Mpatane,International T20,8,1,0,0,0,0,0,2024,2026
Muhammad Afis,International T20,4,2,0,0,0,0,0,2022,2023
Sarkar Ameji,International T20,3,2,0,0,0,0,0,2026,2026
Muhammet Kursat,International T20,4,2,0,0,0,0,0,2023,2023
IS Munir,International T20,1,1,0,0,NA,0,0,2022,2022
Murtaza Yamin,International T20,1,1,0,0,NA,0,0,2021,2021
D Mutu,International T20,1,1,0,0,0,0,0,2022,2022
T Muzarabani,International T20,9,1,0,0,0,0,0,2015,2016
Nahid Rana,International T20,5,1,0,0,0,0,0,2025,2026
IBPT Nara,International T20,2,2,0,0,0,0,0,2026,2026
Naseer Naail Ismail,International T20,2,1,0,0,0,0,0,2023,2023
Naveed Fakhr,International T20,3,1,0,0,NA,0,0,2020,2021
Navid Abdollahpour,International T20,2,1,0,0,0,0,0,2020,2020
Nazir Patel,International T20,2,1,0,0,0,0,0,2025,2025
A Nel,International T20,2,1,0,0,0,0,0,2005,2007
AA Noffke,International T20,2,1,0,0,NA,0,0,2007,2008
Noor Momand,International T20,2,1,0,0,NA,0,0,2019,2019
Nurudeen Ibrahim,International T20,1,1,0,0,0,0,0,2023,2023
L Nussbaumer,International T20,1,1,0,0,0,0,0,2019,2019
W O'Rourke,International T20,7,1,0,0,NA,0,0,2024,2025
JM Obando,International T20,1,1,0,0,0,0,0,2024,2024
Omid Shafi Rahman,International T20,5,1,0,0,0,0,0,2024,2024
CL Outerbridge,International T20,4,1,0,0,0,0,0,2023,2023
MM Patel,International T20,3,1,0,0,0,0,0,2011,2011
Pel Vannak,International T20,8,2,0,0,0,0,0,2025,2025
PDRL Perera,International T20,2,2,0,0,NA,0,0,2006,2006
T Phaswana,International T20,1,1,0,0,0,0,0,2019,2019
Phon Bunthean,International T20,15,2,0,0,0,0,0,2023,2025
F Pieters,International T20,1,1,0,0,0,0,0,2024,2024
D Polpitiya,International T20,6,1,0,0,0,0,0,2022,2022
Ramiz Rao,International T20,2,2,0,0,0,0,0,2025,2025
Rashad Al Balushi,International T20,3,2,0,0,0,0,0,2026,2026
C Rathanak,International T20,4,1,0,0,0,0,0,2025,2025
PF Ravarua,International T20,2,1,0,0,0,0,0,2024,2025
DM Richards,International T20,1,1,0,0,0,0,0,2009,2009
G Richardson,International T20,4,1,0,0,NA,0,0,2024,2026
R Rivas,International T20,3,1,0,0,0,0,0,2019,2019
GBK Roland,International T20,5,2,0,0,0,0,0,2026,2026
Rumman Raees,International T20,8,1,0,0,NA,0,0,2016,2018
Sabir Ali,International T20,3,1,0,0,NA,0,0,2022,2022
Sagar Kumar Ahir,International T20,2,1,0,0,0,0,0,2026,2026
Sameer Othman,International T20,6,3,0,0,0,0,0,2026,2026
OT Sankoh,International T20,1,1,0,0,0,0,0,2021,2021
K Santokie,International T20,12,1,0,0,NA,0,0,2011,2014
P Sapesa,International T20,3,1,0,0,0,0,0,2025,2025
I Sawmy,International T20,2,2,0,0,0,0,0,2019,2019
Sedik Sahak,International T20,7,1,0,0,NA,0,0,2025,2026
Shafiq Jan,International T20,2,1,0,0,0,0,0,2025,2026
Shahab Alam,International T20,10,2,0,0,0,0,0,2021,2026
A Shahzad,International T20,3,1,0,0,0,0,0,2010,2011
Shakeel Ansar,International T20,2,1,0,0,0,0,0,2012,2012
Shakerullah Safi,International T20,4,2,0,0,0,0,0,2021,2021
S Shanmugam,International T20,3,2,0,0,0,0,0,2025,2025
PP Shaw,International T20,1,1,0,0,0,0,0,2021,2021
PK Shoufeer,International T20,6,1,0,0,NA,0,0,2023,2023
BA Simango,International T20,4,3,0,0,0,0,0,2019,2022
MS Sinclair,International T20,2,2,0,0,0,0,0,2005,2007
S Singh,International T20,1,1,0,0,0,0,0,2019,2019
S Siriotis,International T20,4,2,0,0,0,0,0,2021,2021
S Soosiyakumar,International T20,1,1,0,0,0,0,0,2019,2019
GO Sopinho,International T20,1,1,0,0,0,0,0,2021,2021
ES Soto,International T20,1,1,0,0,0,0,0,2019,2019
L Sreekumar,International T20,1,1,0,0,0,0,0,2017,2017
OP Stone,International T20,1,1,0,0,0,0,0,2022,2022
P Sua,International T20,2,1,0,0,0,0,0,2024,2024
P Subrayen,International T20,6,1,0,0,0,0,0,2026,2026
Taijul Islam,International T20,2,1,0,0,0,0,0,2019,2019
KK Tetik,International T20,2,1,0,0,NA,0,0,2026,2026
Te Senglong,International T20,3,1,0,0,0,0,0,2023,2025
Tholal Mohamed Raya,International T20,2,1,0,0,0,0,0,2023,2023
F Thorpe,International T20,2,2,0,0,0,0,0,2022,2022
D Triantafillithis,International T20,3,1,0,0,0,0,0,2026,2026
U Tuychiev,International T20,3,1,0,0,0,0,0,2026,2026
Sana Ullah,International T20,4,2,0,0,0,0,0,2022,2022
Usman Tariq,International T20,9,1,0,0,0,0,0,2025,2026
D Wabwire,International T20,7,2,0,0,0,0,0,2023,2023
Waleed Waqar,International T20,2,1,0,0,NA,0,0,2024,2024
Waqar Abbasi,International T20,3,1,0,0,0,0,0,2020,2021
A Wichakam,International T20,2,1,0,0,0,0,0,2026,2026
Xie Qiulai,International T20,1,1,0,0,0,0,0,2024,2024
Zahir Khan,International T20,4,1,0,0,0,0,0,2023,2023
Zain Ali,International T20,2,1,0,0,0,0,0,2024,2024
Zain Amir,International T20,1,1,0,0,0,0,0,2026,2026
Zhao Zhilong,International T20,1,1,0,0,0,0,0,2026,2026
Ziaurahman Shinwari,International T20,9,1,0,0,0,0,0,2025,2025
M Zondeki,International T20,1,1,0,0,0,0,0,2006,2006
A Ashish Reddy,IPL,23,23,280,18.67,145.08,0,0,2012,2016
A Badoni,IPL,56,56,1178,25.61,140.91,0,7,2022,2026
A Chandila,IPL,2,2,4,4,57.14,0,0,2012,2013
A Chopra,IPL,6,6,53,8.83,74.65,0,0,2008,2009
A Choudhary,IPL,3,3,25,25,125,0,0,2017,2017
A Dananjaya,IPL,1,1,4,4,80,0,0,2018,2018
A Flintoff,IPL,3,3,62,31,116.98,0,0,2009,2009
A Kamboj,IPL,10,10,74,24.67,142.31,0,0,2024,2026
A Kumble,IPL,15,15,35,11.67,74.47,0,0,2008,2010
A Manohar,IPL,20,20,292,15.37,124.26,0,0,2022,2025
A Mhatre,IPL,13,13,441,33.92,183.75,0,3,2025,2026
A Mishra,IPL,55,55,381,12.7,90.93,0,0,2008,2023
A Mithun,IPL,6,6,34,6.8,130.77,0,0,2010,2013
A Mukund,IPL,2,2,19,9.5,86.36,0,0,2008,2013
A Nehra,IPL,17,17,41,5.86,66.13,0,0,2008,2016
A Nortje,IPL,14,14,49,7,98,0,0,2020,2026
A Raghuvanshi,IPL,30,30,885,34.04,145.56,0,7,2024,2026
A Singh,IPL,5,5,2,0.5,20,0,0,2009,2012
A Symonds,IPL,36,36,974,36.07,129.87,1,5,2008,2011
A Tomar,IPL,1,1,4,4,50,0,0,2022,2022
A Uniyal,IPL,2,2,4,4,57.14,0,0,2010,2010
A Zampa,IPL,5,5,15,3,62.5,0,0,2016,2023
AA Bilakhia,IPL,7,7,69,13.8,81.18,0,0,2009,2010
AA Chavan,IPL,3,3,12,6,109.09,0,0,2011,2012
AA Jhunjhunwala,IPL,15,15,217,16.69,103.33,0,1,2010,2012
AA Kulkarni,IPL,4,4,26,6.5,78.79,0,0,2024,2026
AA Noffke,IPL,1,1,9,9,90,0,0,2008,2008
AB Agarkar,IPL,18,18,179,19.89,116.23,0,0,2008,2013
AB Barath,IPL,3,3,42,21,100,0,0,2010,2010
AB Dinda,IPL,16,16,26,2.6,54.17,0,0,2008,2017
AB McDonald,IPL,9,9,123,24.6,123,0,0,2009,2013
AB de Villiers,IPL,170,172,5181,39.85,151.89,3,41,2008,2021
AC Blizzard,IPL,7,7,120,17.14,133.33,0,1,2011,2012
AC Gilchrist,IPL,80,80,2069,27.22,138.39,2,11,2008,2013
AC Thomas,IPL,4,4,20,10,105.26,0,0,2011,2012
AC Voges,IPL,7,7,181,45.25,126.57,0,0,2010,2010
AD Hales,IPL,6,6,148,24.67,125.42,0,0,2018,2018
AD Mascarenhas,IPL,11,11,79,8.78,101.28,0,0,2008,2013
AD Mathews,IPL,41,41,724,24.13,125.91,0,1,2009,2017
AD Nath,IPL,10,10,90,9,91.84,0,0,2016,2019
AD Russell,IPL,114,115,2655,28.24,174.1,0,12,2012,2025
AF Milne,IPL,7,7,25,6.25,80.65,0,0,2017,2026
AG Murtaza,IPL,3,3,10,10,71.43,0,0,2011,2013
AG Paunikar,IPL,5,5,49,9.8,84.48,0,0,2010,2011
AJ Finch,IPL,90,91,2092,24.9,127.95,0,15,2010,2022
AJ Hosein,IPL,3,3,21,21,161.54,0,0,2023,2026
AJ Turner,IPL,6,6,24,4.8,85.71,0,0,2019,2024
AJ Tye,IPL,13,13,91,10.11,119.74,0,0,2017,2020
AK Markram,IPL,66,67,1671,30.38,135.41,0,10,2021,2026
AL Menaria,IPL,23,23,401,19.1,112.64,0,0,2011,2013
AM Ghazanfar,IPL,1,1,2,2,66.67,0,0,2026,2026
AM Nayar,IPL,50,50,672,17.68,116.46,0,0,2008,2014
AM Rahane,IPL,197,197,5367,30.15,125.6,2,35,2008,2026
AN Ahmed,IPL,6,6,36,36,138.46,0,0,2010,2015
AN Ghosh,IPL,2,2,7,3.5,87.5,0,0,2009,2009
AP Dole,IPL,2,2,34,17,154.55,0,0,2010,2010
AP Majumdar,IPL,4,4,87,21.75,114.47,0,0,2012,2012
AP Tare,IPL,27,27,339,14.12,124.18,0,1,2010,2017
AR Bawne,IPL,1,1,12,12,100,0,0,2017,2017
AR Patel,IPL,134,134,2089,21.54,133.74,0,4,2014,2026
AS Joseph,IPL,5,5,27,27,84.38,0,0,2019,2023
AS Rajpoot,IPL,7,7,26,5.2,63.41,0,0,2013,2020
AS Raut,IPL,16,16,194,21.56,116.17,0,0,2009,2011
AS Roy,IPL,14,14,78,9.75,121.88,0,0,2022,2026
AS Yadav,IPL,6,6,49,9.8,125.64,0,0,2008,2008
AT Carey,IPL,3,3,32,16,110.34,0,0,2020,2020
AT Rayudu,IPL,185,185,4348,28.42,127.54,1,22,2010,2023
AU Rashid,IPL,2,2,22,11,137.5,0,0,2023,2023
AUK Pathan,IPL,7,7,39,7.8,169.57,0,0,2011,2012
Abdul Basith,IPL,1,1,1,1,100,0,0,2023,2023
Abdul Samad,IPL,58,59,859,19.52,148.62,0,0,2020,2026
Abdur Razzak,IPL,1,1,0,0,0,0,0,2008,2008
Abhishek Sharma,IPL,89,89,2379,29.37,171.27,2,13,2018,2026
Abishek Porel,IPL,33,33,769,25.63,145.37,0,4,2023,2026
Akash Deep,IPL,5,5,25,8.33,178.57,0,0,2022,2025
Akash Madhwal,IPL,2,2,8,8,57.14,0,0,2024,2025
Akshat Raghuwanshi,IPL,2,2,29,14.5,116,0,0,2026,2026
Aman Hakim Khan,IPL,10,10,115,12.78,110.58,0,1,2022,2023
Aniket Verma,IPL,20,20,315,21,160.71,0,1,2025,2026
Anirudh Singh,IPL,4,4,63,15.75,95.45,0,0,2010,2010
Ankit Sharma,IPL,10,10,87,12.43,129.85,0,0,2012,2017
Ankit Soni,IPL,3,3,7,3.5,77.78,0,0,2017,2017
Anmolpreet Singh,IPL,9,9,139,15.44,120.87,0,0,2021,2024
Anuj Rawat,IPL,21,21,318,19.88,119.1,0,1,2021,2024
Anureet Singh,IPL,8,8,36,9,76.6,0,0,2015,2018
Arjun Tendulkar,IPL,2,2,18,18,128.57,0,0,2023,2026
Arshad Khan,IPL,12,12,142,23.67,149.47,0,1,2023,2026
Arshad Khan (2),IPL,1,1,5,5,125,0,0,2024,2024
Arshdeep Singh,IPL,14,14,32,5.33,68.09,0,0,2020,2026
Ashok Sharma,IPL,2,2,1,1,25,0,0,2026,2026
Ashutosh Sharma,IPL,26,26,564,29.68,168.86,0,2,2024,2026
Ashwani Kumar,IPL,1,1,1,1,16.67,0,0,2026,2026
Atharva Taide,IPL,10,10,260,26,146.89,0,2,2023,2025
Auqib Nabi,IPL,2,2,14,14,350,0,0,2026,2026
Avesh Khan,IPL,16,16,68,17,158.14,0,0,2019,2026
Azhar Mahmood,IPL,21,21,388,20.42,128.05,0,2,2012,2015
Azmatullah Omarzai,IPL,11,11,151,15.1,149.5,0,0,2024,2026
B Akhil,IPL,11,11,76,12.67,138.18,0,0,2008,2011
B Chipli,IPL,21,21,280,18.67,111.55,0,1,2008,2013
B Indrajith,IPL,3,3,21,7,70,0,0,2022,2022
B Kumar,IPL,75,75,354,9.32,93.9,0,0,2011,2026
B Laughlin,IPL,4,4,5,2.5,38.46,0,0,2013,2018
B Lee,IPL,19,19,124,12.4,127.84,0,0,2008,2013
B Sai Sudharsan,IPL,57,57,2515,48.37,149.17,3,20,2022,2026
B Stanlake,IPL,1,1,5,5,250,0,0,2018,2018
B Sumanth,IPL,4,4,35,35,94.59,0,0,2010,2010
BA Bhatt,IPL,2,2,6,6,85.71,0,0,2011,2012
BA Stokes,IPL,43,43,935,24.61,133.95,2,2,2017,2023
BAW Mendis,IPL,3,3,3,1.5,50,0,0,2009,2013
BB McCullum,IPL,109,111,2882,27.71,131.6,2,13,2008,2018
BB Samantray,IPL,8,8,125,25,110.62,0,1,2012,2013
BB Sran,IPL,7,7,10,10,71.43,0,0,2016,2019
BCJ Cutting,IPL,17,17,238,21.64,168.79,0,0,2014,2019
BE Hendricks,IPL,2,2,1,1,33.33,0,0,2014,2015
BJ Haddin,IPL,1,1,18,18,163.64,0,0,2011,2011
BJ Hodge,IPL,63,63,1400,33.33,125.22,0,6,2008,2014
BJ Rohrer,IPL,8,9,193,32.17,136.88,0,1,2013,2013
BKG Mendis,IPL,1,1,20,20,200,0,0,2025,2025
BMAJ Mendis,IPL,3,3,23,7.67,85.19,0,0,2013,2013
BR Dunk,IPL,3,3,40,13.33,114.29,0,0,2014,2014
BR Sharath,IPL,1,1,2,2,40,0,0,2024,2024
Basil Thampi,IPL,7,7,32,32,91.43,0,0,2017,2019
Bipul Sharma,IPL,17,17,187,23.38,152.03,0,0,2010,2017
Brijesh Sharma,IPL,2,2,2,2,50,0,0,2026,2026
C Bosch,IPL,6,6,97,32.33,153.97,0,0,2025,2026
C Connolly,IPL,13,13,491,44.64,163.12,1,2,2026,2026
C Green,IPL,42,42,1029,38.11,151.1,1,4,2023,2026
C Madan,IPL,1,1,15,15,78.95,0,0,2010,2010
C Munro,IPL,11,11,177,16.09,125.53,0,0,2016,2019
C Nanda,IPL,1,1,0,0,0,0,0,2009,2009
C Sakariya,IPL,7,7,20,3.33,64.52,0,0,2021,2023
C de Grandhomme,IPL,21,21,303,18.94,134.67,0,0,2017,2019
CA Ingram,IPL,15,15,205,17.08,113.89,0,0,2011,2019
CA Lynn,IPL,42,42,1329,34.08,140.63,0,10,2012,2021
CA Pujara,IPL,22,22,390,20.53,99.74,0,1,2010,2014
CH Gayle,IPL,141,145,4997,39.98,149.34,6,32,2009,2021
CH Morris,IPL,49,49,618,22.07,155.28,0,2,2013,2021
CJ Anderson,IPL,29,29,538,24.45,127.19,0,3,2014,2018
CJ Ferguson,IPL,8,8,98,16.33,83.76,0,0,2011,2012
CJ Jordan,IPL,12,12,81,8.1,105.19,0,0,2016,2023
CJ McKay,IPL,1,1,8,8,53.33,0,0,2012,2012
CK Kapugedera,IPL,3,3,16,5.33,69.57,0,0,2008,2008
CK Langeveldt,IPL,2,2,8,4,88.89,0,0,2010,2011
CL White,IPL,45,46,971,26.97,127.76,0,6,2008,2013
CM Gautam,IPL,13,13,169,16.9,112.67,0,0,2013,2015
CR Brathwaite,IPL,14,14,181,13.92,163.06,0,0,2016,2019
CR Woakes,IPL,12,12,78,13,101.3,0,0,2017,2021
CRD Fernando,IPL,2,2,4,4,133.33,0,0,2008,2010
CV Varun,IPL,13,13,31,5.17,58.49,0,0,2020,2026
D Brevis,IPL,24,24,606,25.25,146.02,0,2,2022,2026
D Ferreira,IPL,16,16,326,27.17,170.68,0,2,2024,2026
D Kalyankrishna,IPL,1,1,3,3,37.5,0,0,2008,2008
D Padikkal,IPL,89,89,2270,26.71,133.14,1,14,2020,2026
D Pretorius,IPL,5,5,44,11,157.14,0,0,2022,2022
D Salunkhe,IPL,3,3,33,16.5,137.5,0,0,2008,2008
D Wiese,IPL,11,11,148,29.6,146.53,0,0,2015,2023
D du Preez,IPL,1,1,10,10,76.92,0,0,2009,2009
DA Miller,IPL,143,144,3288,36.13,139.44,1,14,2012,2026
DA Payne,IPL,1,1,6,6,120,0,0,2026,2026
DA Warner,IPL,184,187,6567,40.29,139.66,4,62,2009,2024
DAJ Bracewell,IPL,1,1,12,12,133.33,0,0,2012,2012
DB Das,IPL,22,22,304,21.71,116.48,0,0,2008,2013
DB Ravi Teja,IPL,25,25,375,19.74,118.3,0,1,2008,2013
DE Bollinger,IPL,4,4,21,21,91.3,0,0,2010,2012
DG Nalkande,IPL,2,2,12,6,100,0,0,2023,2024
DH Yagnik,IPL,17,17,170,17,124.09,0,0,2011,2014
DJ Bravo,IPL,110,110,1560,22.61,129.57,0,5,2008,2022
DJ Harris,IPL,4,4,111,27.75,109.9,0,0,2012,2012
DJ Hooda,IPL,101,102,1497,17.61,127.62,0,8,2015,2025
DJ Hussey,IPL,61,61,1322,26.98,122.98,0,5,2008,2014
DJ Jacobs,IPL,7,7,92,13.14,93.88,0,0,2011,2012
DJ Malan,IPL,1,1,26,26,100,0,0,2021,2021
DJ Mitchell,IPL,15,15,351,27,131.46,0,2,2022,2024
DJ Muthuswami,IPL,1,1,1,1,33.33,0,0,2015,2015
DJ Thornely,IPL,4,4,39,13,73.58,0,0,2008,2008
DJ Willey,IPL,5,5,53,26.5,85.48,0,0,2022,2023
DJG Sammy,IPL,20,20,295,19.67,122.41,0,1,2013,2015
DJM Short,IPL,7,7,115,16.43,116.16,0,0,2018,2018
DL Chahar,IPL,20,20,142,14.2,137.86,0,0,2017,2026
DL Vettori,IPL,16,16,121,15.12,107.08,0,0,2009,2012
DM Bravo,IPL,1,1,6,6,120,0,0,2017,2017
DNT Zoysa,IPL,2,2,11,11,122.22,0,0,2008,2008
DP Conway,IPL,28,28,1080,43.2,139.72,0,11,2022,2025
DP Nannes,IPL,2,2,4,4,30.77,0,0,2010,2010
DP Vijaykumar,IPL,1,1,1,1,100,0,0,2008,2008
DPMD Jayawardene,IPL,78,79,1808,28.7,123.5,1,10,2008,2013
DR Martyn,IPL,1,1,19,19,79.17,0,0,2010,2010
DR Sams,IPL,13,13,44,4.89,100,0,0,2020,2022
DR Shorey,IPL,2,2,13,6.5,76.47,0,0,2018,2019
DR Smith,IPL,88,88,2385,28.39,135.2,0,17,2008,2017
DS Kulkarni,IPL,20,20,104,11.56,96.3,0,0,2008,2020
DS Lehmann,IPL,2,2,18,9,100,0,0,2008,2008
DS Rathi,IPL,3,3,3,3,37.5,0,0,2025,2026
DT Christian,IPL,41,41,460,14.84,115.58,0,0,2011,2021
DT Patil,IPL,2,2,13,6.5,100,0,0,2008,2008
DV Malewar,IPL,2,2,2,1,40,0,0,2026,2026
DW Steyn,IPL,33,33,167,7.59,104.38,0,0,2008,2020
Dhruv Jurel,IPL,51,51,1195,31.45,154.19,0,10,2023,2026
E Lewis,IPL,26,26,654,27.25,137.11,0,4,2018,2022
E Malinga,IPL,3,3,7,7,41.18,0,0,2026,2026
EJG Morgan,IPL,74,75,1406,23.05,122.47,0,5,2010,2021
ER Dwivedi,IPL,2,2,24,12,171.43,0,0,2016,2016
F Behardien,IPL,3,3,14,7,107.69,0,0,2016,2016
F du Plessis,IPL,147,147,4773,35.1,135.79,0,39,2012,2025
FA Allen,IPL,3,3,14,7,73.68,0,0,2021,2022
FH Allen,IPL,11,11,349,34.9,214.11,1,1,2026,2026
FH Edwards,IPL,2,2,4,4,80,0,0,2009,2009
FY Fazal,IPL,11,11,183,18.3,105.78,0,0,2010,2011
Fazalhaq Farooqi,IPL,3,3,5,5,33.33,0,0,2022,2025
G Coetzee,IPL,7,7,31,5.17,93.94,0,0,2024,2025
G Gambhir,IPL,151,151,4217,31.24,123.88,0,36,2008,2018
GB Hogg,IPL,4,4,22,7.33,100,0,0,2012,2015
GC Smith,IPL,29,29,739,28.42,110.63,0,4,2008,2011
GC Viljoen,IPL,3,3,3,1.5,42.86,0,0,2019,2019
GD McGrath,IPL,2,2,4,4,80,0,0,2008,2008
GD Phillips,IPL,13,13,132,12,121.1,0,0,2021,2026
GF Linde,IPL,3,3,31,10.33,147.62,0,0,2026,2026
GH Vihari,IPL,23,23,284,14.2,88.47,0,0,2013,2019
GHS Garton,IPL,2,2,2,2,50,0,0,2021,2021
GJ Bailey,IPL,36,36,663,24.56,121.88,0,2,2009,2016
GJ Maxwell,IPL,134,135,2820,23.9,155.12,0,18,2012,2025
GR Napier,IPL,1,1,15,15,93.75,0,0,2009,2009
Gulbadin Naib,IPL,1,1,19,19,126.67,0,0,2024,2024
Gurkeerat Singh,IPL,32,32,511,21.29,121.09,0,2,2012,2020
H Das,IPL,1,1,2,2,40,0,0,2008,2008
H Klaasen,IPL,60,60,2104,42.08,166.72,2,13,2018,2026
HC Brook,IPL,11,11,190,21.11,123.38,1,0,2023,2023
HE van der Dussen,IPL,3,3,22,11,91.67,0,0,2022,2022
HF Gurney,IPL,1,1,1,1,20,0,0,2019,2019
HH Gibbs,IPL,36,36,886,27.69,109.79,0,6,2008,2012
HH Pandya,IPL,150,153,2964,27.96,146.37,0,10,2015,2026
HM Amla,IPL,16,16,577,44.38,141.77,2,3,2016,2017
HR Shokeen,IPL,5,5,66,22,101.54,0,0,2022,2023
HV Patel,IPL,44,44,280,9.03,117.65,0,0,2012,2026
Harbhajan Singh,IPL,88,88,833,15.43,137.91,0,1,2008,2021
Harmeet Singh,IPL,4,4,18,6,150,0,0,2010,2013
Harpreet Brar,IPL,27,27,249,20.75,120.87,0,0,2019,2026
Harpreet Singh,IPL,8,8,123,17.57,103.36,0,0,2011,2024
Harsh Dubey,IPL,4,4,13,6.5,144.44,0,0,2026,2026
Harshit Rana,IPL,10,10,59,9.83,105.36,0,0,2022,2025
Himmat Singh,IPL,5,5,92,30.67,133.33,0,0,2026,2026
I Malhotra,IPL,1,1,7,7,175,0,0,2011,2011
I Sharma,IPL,21,21,57,9.5,82.61,0,0,2008,2024
I Udana,IPL,4,4,15,5,136.36,0,0,2020,2020
IC Pandey,IPL,1,1,0,0,0,0,0,2013,2013
IK Pathan,IPL,82,83,1150,21.7,121.05,0,1,2008,2017
IR Jaggi,IPL,7,7,76,15.2,78.35,0,0,2011,2017
IS Sodhi,IPL,2,2,7,3.5,41.18,0,0,2018,2019
Imran Tahir,IPL,8,8,33,8.25,89.19,0,0,2014,2020
Iqbal Abdulla,IPL,13,13,88,44,104.76,0,0,2008,2017
Ishan Kishan,IPL,127,127,3600,30.51,143.54,1,23,2016,2026
J Arunkumar,IPL,3,3,23,7.67,100,0,0,2008,2008
J Botha,IPL,28,28,409,20.45,113.93,0,1,2009,2015
J Fraser-McGurk,IPL,15,15,385,25.67,199.48,0,4,2024,2025
J Overton,IPL,8,8,151,30.2,162.37,0,0,2025,2026
J Suchith,IPL,9,9,70,17.5,114.75,0,0,2015,2022
J Syed Mohammad,IPL,5,5,29,14.5,111.54,0,0,2011,2013
J Theron,IPL,4,4,10,5,83.33,0,0,2010,2015
J Yadav,IPL,4,4,40,10,111.11,0,0,2016,2021
JA Morkel,IPL,67,68,975,24.38,141.92,0,3,2008,2016
JA Richardson,IPL,3,3,17,5.67,65.38,0,0,2021,2024
JC Archer,IPL,40,40,326,13.04,144.89,0,0,2018,2026
JC Buttler,IPL,136,137,4647,39.72,149.66,7,28,2016,2026
JD Ryder,IPL,29,29,604,21.57,131.88,0,4,2009,2012
JD Unadkat,IPL,28,28,201,12.56,118.93,0,0,2013,2026
JDP Oram,IPL,11,11,106,13.25,98.15,0,0,2008,2011
JDS Neesham,IPL,10,10,92,10.22,98.92,0,0,2014,2022
JE Root,IPL,1,1,10,10,66.67,0,0,2023,2023
JE Taylor,IPL,2,2,3,3,100,0,0,2011,2011
JEC Franklin,IPL,16,16,327,29.73,108.64,0,1,2011,2012
JG Bethell,IPL,9,9,163,18.11,140.52,0,1,2025,2026
JH Kallis,IPL,95,95,2427,28.89,109.23,0,17,2008,2014
JJ Bumrah,IPL,29,29,75,10.71,87.21,0,0,2014,2026
JJ Roy,IPL,21,21,614,32.32,138.6,0,4,2017,2023
JJ van der Wath,IPL,3,3,18,9,112.5,0,0,2011,2011
JL Denly,IPL,1,1,0,0,0,0,0,2019,2019
JL Pattinson,IPL,2,2,15,15,115.38,0,0,2020,2020
JM Bairstow,IPL,52,52,1674,34.88,146.07,2,9,2019,2025
JM Kemp,IPL,2,2,26,13,108.33,0,0,2010,2010
JM Sharma,IPL,59,59,1107,23.06,152.48,0,1,2022,2026
JO Holder,IPL,34,34,324,12.46,123.19,0,0,2014,2026
JP Behrendorff,IPL,2,2,6,6,66.67,0,0,2023,2023
JP Duminy,IPL,75,75,2029,39.78,124.02,0,14,2009,2018
JP Faulkner,IPL,45,46,527,21.08,135.13,0,0,2012,2017
JP Inglis,IPL,16,16,544,38.86,173.25,0,4,2025,2026
JPR Scantlebury-Searles,IPL,2,2,8,8,133.33,0,0,2018,2018
JR Hazlewood,IPL,8,8,19,19,63.33,0,0,2022,2026
JR Hopes,IPL,19,19,417,26.06,136.27,0,4,2008,2011
JR Philippe,IPL,5,5,78,19.5,101.3,0,0,2020,2020
Jaskaran Singh,IPL,4,4,8,8,72.73,0,0,2010,2010
Joginder Sharma,IPL,5,5,36,9,120,0,0,2008,2011
K Goel,IPL,16,16,218,15.57,94.37,0,0,2008,2010
K Gowtham,IPL,27,27,247,13.72,166.89,0,0,2018,2023
K Kartikeya,IPL,4,4,12,3,70.59,0,0,2022,2025
K Rabada,IPL,34,34,262,13.79,109.62,0,0,2017,2026
K Upadhyay,IPL,2,2,12,12,133.33,0,0,2012,2013
K Yadav,IPL,1,1,0,0,0,0,0,2021,2021
KA Jamieson,IPL,10,10,77,15.4,105.48,0,0,2021,2026
KA Maharaj,IPL,1,1,1,1,50,0,0,2024,2024
KA Pollard,IPL,168,172,3437,28.64,147.57,0,16,2010,2022
KAJ Roach,IPL,1,1,10,10,111.11,0,0,2010,2010
KB Arun Karthik,IPL,8,8,51,10.2,100,0,0,2010,2013
KC Cariappa,IPL,5,5,24,8,114.29,0,0,2016,2019
KC Sangakkara,IPL,68,68,1687,25.95,121.19,0,10,2008,2013
KD Karthik,IPL,233,235,4843,26.32,135.28,0,22,2008,2024
KH Pandya,IPL,123,123,1982,22.78,133.83,0,3,2016,2026
KJ Abbott,IPL,3,3,13,13,162.5,0,0,2016,2016
KK Ahmed,IPL,6,6,2,0.4,22.22,0,0,2019,2025
KK Cooper,IPL,12,12,116,12.89,170.59,0,0,2012,2014
KK Nair,IPL,78,78,1712,23.45,131.29,0,11,2013,2026
KL Nagarkoti,IPL,7,7,22,5.5,66.67,0,0,2020,2021
KL Rahul,IPL,149,152,5828,46.62,139.16,6,45,2013,2026
KM Asif,IPL,1,1,0,0,0,0,0,2023,2023
KM Jadhav,IPL,81,81,1208,22.37,123.14,0,4,2010,2023
KMA Paul,IPL,5,5,18,4.5,75,0,0,2019,2019
KMDN Kulasekara,IPL,1,1,5,5,166.67,0,0,2012,2012
KP Appanna,IPL,3,3,2,2,50,0,0,2009,2010
KP Pietersen,IPL,36,36,1001,35.75,134.72,1,4,2009,2016
KR Mayers,IPL,13,13,379,29.15,144.11,0,4,2023,2023
KR Sen,IPL,1,1,0,0,0,0,0,2022,2022
KS Bharat,IPL,8,8,199,28.43,122.09,0,1,2021,2022
KS Rathore,IPL,1,1,0,0,0,0,0,2025,2025
KS Sharma,IPL,3,3,16,5.33,64,0,0,2022,2023
KS Williamson,IPL,76,77,2132,36.14,125.63,0,18,2015,2024
KT Maphaka,IPL,1,1,8,8,400,0,0,2025,2025
KV Sharma,IPL,40,40,352,13.54,119.32,0,0,2009,2025
KW Richardson,IPL,4,4,36,12,92.31,0,0,2013,2016
Kamran Akmal,IPL,6,6,128,25.6,164.1,0,1,2008,2008
Kamran Khan,IPL,1,1,3,3,60,0,0,2009,2009
Karanveer Singh,IPL,4,4,12,12,70.59,0,0,2014,2015
Kartik Sharma,IPL,11,11,295,32.78,136.57,0,2,2026,2026
Kartik Tyagi,IPL,9,9,24,3.43,92.31,0,0,2020,2026
Krish Bhagat,IPL,2,2,10,10,47.62,0,0,2026,2026
Kuldeep Yadav,IPL,41,41,210,12.35,83,0,0,2017,2026
Kumar Kushagra,IPL,4,4,21,5.25,100,0,0,2024,2026
L Ablish,IPL,1,1,0,0,0,0,0,2011,2011
L Balaji,IPL,13,13,36,5.14,73.47,0,0,2008,2014
L Ngidi,IPL,4,4,4,2,44.44,0,0,2025,2026
L Ronchi,IPL,5,5,34,6.8,100,0,0,2008,2009
L Wood,IPL,1,1,9,9,300,0,0,2024,2024
LA Carseldine,IPL,5,5,81,20.25,119.12,0,0,2009,2009
LA Pomersbach,IPL,16,16,302,27.45,122.76,0,1,2008,2013
LB Williams,IPL,1,1,1,1,50,0,0,2024,2024
LE Plunkett,IPL,2,2,1,1,33.33,0,0,2018,2018
LG Pretorius,IPL,2,2,7,3.5,87.5,0,0,2026,2026
LH Ferguson,IPL,8,8,72,24,153.19,0,0,2017,2025
LJ Wright,IPL,5,5,106,21.2,176.67,0,0,2013,2013
LMP Simmons,IPL,29,29,1079,39.96,126.64,1,11,2014,2017
LPC Silva,IPL,3,3,40,20,153.85,0,0,2008,2008
LR Shukla,IPL,33,33,405,15,115.71,0,0,2008,2014
LRPL Taylor,IPL,54,54,1017,25.42,123.72,0,3,2008,2014
LS Livingstone,IPL,49,49,1066,25.38,155.17,0,7,2019,2026
Lalit Yadav,IPL,21,21,305,19.06,105.17,0,0,2021,2024
Liton Das,IPL,1,1,4,4,100,0,0,2023,2023
M Ashwin,IPL,12,12,35,3.89,70,0,0,2016,2022
M Jansen,IPL,25,25,192,12.8,110.34,0,0,2021,2026
M Kaif,IPL,22,22,259,14.39,103.6,0,0,2008,2012
M Kartik,IPL,14,14,113,16.14,104.63,0,0,2008,2013
M Klinger,IPL,4,4,73,18.25,94.81,0,0,2011,2011
M Manhas,IPL,38,38,514,22.35,109.36,0,0,2009,2014
M Markande,IPL,10,10,48,16,114.29,0,0,2018,2023
M Morkel,IPL,20,20,126,12.6,140,0,0,2009,2016
M Muralitharan,IPL,9,9,20,3.33,66.67,0,0,2008,2012
M Ntini,IPL,2,2,11,11,61.11,0,0,2008,2008
M Prasidh Krishna,IPL,8,8,15,5,48.39,0,0,2018,2026
M Rawat,IPL,11,11,55,11,79.71,0,0,2008,2013
M Shahrukh Khan,IPL,53,53,775,20.39,147.9,0,2,2021,2026
M Theekshana,IPL,6,6,17,5.67,50,0,0,2022,2025
M Tiwari,IPL,2,2,21,21,175,0,0,2025,2026
M Vijay,IPL,105,105,2619,26.19,121.87,2,13,2009,2020
M Vohra,IPL,51,51,1083,22.1,130.64,0,3,2013,2023
M de Lange,IPL,1,1,1,1,50,0,0,2014,2014
MA Agarwal,IPL,125,126,2764,23.03,133.79,1,13,2011,2025
MA Khote,IPL,3,3,24,12,109.09,0,0,2008,2008
MA Starc,IPL,22,22,111,9.25,91.74,0,0,2014,2026
MA Wood,IPL,3,3,12,6,150,0,0,2018,2023
MC Henriques,IPL,54,54,1000,27.78,126.9,0,5,2009,2021
MC Juneja,IPL,7,7,125,17.86,97.66,0,0,2013,2013
MD Choudhary,IPL,10,10,170,28.33,141.67,0,1,2026,2026
MD Mishra,IPL,17,17,237,14.81,113.94,0,0,2010,2012
MD Shanaka,IPL,8,8,89,12.71,123.61,0,0,2023,2026
MDKJ Perera,IPL,2,2,14,7,107.69,0,0,2013,2013
MEK Hussey,IPL,58,58,1977,38.76,122.64,1,15,2008,2015
MF Maharoof,IPL,14,14,177,17.7,143.9,0,0,2008,2010
MG Bracewell,IPL,4,4,58,29,123.4,0,0,2023,2023
MG Johnson,IPL,28,28,167,12.85,101.83,0,0,2013,2018
MJ Clarke,IPL,6,6,98,16.33,104.26,0,0,2012,2012
MJ Guptill,IPL,13,14,271,22.58,137.56,0,1,2016,2019
MJ Henry,IPL,2,2,7,3.5,70,0,0,2026,2026
MJ Lumb,IPL,12,12,278,23.17,143.3,0,1,2010,2011
MJ McClenaghan,IPL,20,20,85,7.08,121.43,0,0,2015,2019
MJ Owen,IPL,1,1,0,0,0,0,0,2025,2025
MJ Santner,IPL,21,21,136,17,110.57,0,0,2019,2026
MJ Suthar,IPL,1,1,1,1,50,0,0,2024,2024
MK Lomror,IPL,35,35,527,18.17,141.29,0,1,2018,2024
MK Pandey,IPL,163,165,4021,29.35,121.96,1,22,2008,2026
MK Tiwary,IPL,83,83,1695,28.73,116.98,0,7,2008,2018
ML Hayden,IPL,32,33,1107,36.9,137.34,0,8,2008,2010
MM Ali,IPL,59,59,1167,22.02,139.76,0,6,2018,2025
MM Patel,IPL,12,12,39,6.5,95.12,0,0,2008,2017
MM Sharma,IPL,30,30,125,7.35,91.91,0,0,2013,2025
MN Samuels,IPL,14,14,161,12.38,93.6,0,0,2012,2017
MN van Wyk,IPL,5,5,167,55.67,126.52,0,1,2009,2009
MP Breetzke,IPL,1,1,14,14,116.67,0,0,2025,2025
MP Stoinis,IPL,108,108,2242,28.74,147.5,1,10,2016,2026
MP Yadav,IPL,1,1,5,5,100,0,0,2026,2026
MR Marsh,IPL,62,62,1855,30.92,148.52,2,12,2010,2026
MS Bhandage,IPL,1,1,1,1,25,0,0,2025,2025
MS Bisla,IPL,39,39,798,21,113.68,0,4,2010,2015
MS Dhoni,IPL,241,241,5439,38.3,137.45,0,24,2008,2025
MS Gony,IPL,15,15,99,11,139.44,0,0,2008,2013
MS Wade,IPL,14,14,183,13.07,103.39,0,0,2011,2024
MV Boucher,IPL,23,23,394,28.14,127.51,0,1,2008,2011
MW Short,IPL,9,9,177,19.67,123.78,0,0,2023,2026
Mandeep Singh,IPL,97,97,1706,21.06,122.91,0,6,2010,2023
Mashrafe Mortaza,IPL,1,1,2,2,100,0,0,2009,2009
Mayank Dagar,IPL,1,1,0,0,0,0,0,2024,2024
Misbah-ul-Haq,IPL,8,8,117,16.71,144.44,0,0,2008,2008
Mohammad Ashraful,IPL,1,1,2,2,20,0,0,2009,2009
Mohammad Asif,IPL,2,2,3,1.5,50,0,0,2008,2008
Mohammad Hafeez,IPL,8,8,64,9.14,77.11,0,0,2008,2008
Mohammad Nabi,IPL,19,20,221,13.81,145.39,0,0,2017,2024
Mohammed Shami,IPL,34,34,115,6.05,103.6,0,0,2013,2026
Mohammed Siraj,IPL,23,23,117,10.64,84.17,0,0,2018,2026
Mohit Rathee,IPL,1,1,1,1,50,0,0,2023,2023
Mohsin Khan,IPL,7,7,25,5,89.29,0,0,2022,2026
Mujeeb Ur Rahman,IPL,6,6,12,4,80,0,0,2018,2021
Mukesh Choudhary,IPL,3,3,8,8,100,0,0,2022,2026
Mukesh Kumar,IPL,5,5,10,10,55.56,0,0,2023,2024
Musheer Khan,IPL,1,1,0,0,0,0,0,2025,2025
Mustafizur Rahman,IPL,7,7,13,6.5,54.17,0,0,2018,2025
N Burger,IPL,3,3,14,14,155.56,0,0,2026,2026
N Jagadeesan,IPL,10,10,162,18,110.2,0,0,2020,2023
N Pooran,IPL,100,103,2527,31.99,163.77,0,15,2019,2026
N Rana,IPL,121,121,3078,27.48,137.72,0,22,2016,2026
N Saini,IPL,10,10,140,14,99.29,0,1,2012,2012
N Sindhu,IPL,5,5,63,12.6,126,0,0,2026,2026
N Wadhera,IPL,37,37,784,23.76,140,0,4,2023,2026
NA Saini,IPL,6,6,31,10.33,88.57,0,0,2019,2021
ND Doshi,IPL,1,1,0,0,0,0,0,2011,2011
NJ Maddinson,IPL,3,3,20,6.67,95.24,0,0,2014,2015
NJ Rimmington,IPL,1,1,1,1,100,0,0,2011,2011
NL McCullum,IPL,2,2,26,26,118.18,0,0,2011,2011
NLTC Perera,IPL,30,31,424,19.27,137.22,0,0,2011,2016
NM Coulter-Nile,IPL,16,16,82,7.45,113.89,0,0,2013,2022
NS Naik,IPL,4,4,31,7.75,62,0,0,2016,2020
NT Ellis,IPL,5,5,19,4.75,76,0,0,2021,2023
NV Ojha,IPL,94,94,1554,20.72,118.35,0,6,2009,2018
Naman Dhir,IPL,33,33,710,27.31,163.97,0,3,2024,2026
Navdeep Saini,IPL,1,1,2,2,100,0,0,2022,2022
Naveen-ul-Haq,IPL,4,4,18,18,72,0,0,2023,2024
Niraj Patel,IPL,6,6,121,30.25,101.68,0,1,2008,2009
Nithish Kumar Reddy,IPL,35,35,787,29.15,145.47,0,3,2024,2026
Noor Ahmad,IPL,15,15,31,2.82,53.45,0,0,2023,2026
OA Shah,IPL,22,22,506,33.73,130.08,0,4,2010,2013
OC McCoy,IPL,1,1,8,8,160,0,0,2022,2022
OF Smith,IPL,6,6,51,17,115.91,0,0,2022,2022
P Awana,IPL,5,5,5,2.5,35.71,0,0,2012,2013
P Chopra,IPL,1,1,8,8,133.33,0,0,2018,2018
P Dogra,IPL,12,12,127,11.55,92.03,0,0,2010,2013
P Dubey,IPL,2,2,23,23,69.7,0,0,2020,2023
P Kumar,IPL,57,57,340,8.95,108.28,0,0,2008,2017
P Negi,IPL,35,35,365,14.04,126.3,0,0,2012,2019
P Nissanka,IPL,10,10,278,27.8,158.86,0,2,2026,2026
P Parameswaran,IPL,2,2,1,1,50,0,0,2011,2012
P Ray Barman,IPL,1,1,19,19,79.17,0,0,2019,2019
P Sahu,IPL,2,2,19,19,146.15,0,0,2016,2016
P Simran Singh,IPL,65,65,1865,29.6,156.85,1,14,2019,2026
PA Patel,IPL,136,136,2848,22.6,120.78,0,13,2008,2019
PA Reddy,IPL,10,10,164,16.4,102.5,0,0,2012,2013
PBB Rajapaksa,IPL,13,13,277,21.31,145.03,0,1,2022,2023
PC Valthaty,IPL,23,23,505,22.95,120.81,1,2,2009,2013
PD Collingwood,IPL,7,7,203,40.6,130.13,0,3,2010,2010
PD Salt,IPL,40,40,1258,34,174.48,0,12,2023,2026
PHKD Mendis,IPL,5,5,92,23,133.33,0,0,2025,2025
PJ Cummins,IPL,51,51,642,19.45,152.49,0,3,2015,2026
PJ Sangwan,IPL,14,14,26,3.25,59.09,0,0,2008,2022
PK Garg,IPL,19,19,273,15.17,113.28,0,1,2020,2023
PM Sarvesh Kumar,IPL,1,1,1,1,50,0,0,2008,2008
PN Mankad,IPL,5,5,97,32.33,132.88,0,1,2022,2023
PP Chawla,IPL,86,86,624,11.56,110.83,0,0,2008,2024
PP Hinge,IPL,2,2,3,3,33.33,0,0,2026,2026
PP Ojha,IPL,19,19,16,1.45,35.56,0,0,2008,2014
PP Shaw,IPL,79,79,1892,23.95,147.47,0,14,2018,2024
PR Shah,IPL,9,9,92,11.5,101.1,0,0,2008,2011
PR Veer,IPL,5,5,90,45,134.33,0,0,2026,2026
PSP Handscomb,IPL,1,1,6,6,50,0,0,2016,2016
PV Tambe,IPL,6,6,18,9,46.15,0,0,2013,2016
PVD Chameera,IPL,11,11,53,13.25,117.78,0,0,2022,2026
PVSN Raju,IPL,1,1,1,1,100,0,0,2025,2025
PWA Mulder,IPL,1,1,9,9,81.82,0,0,2025,2025
PWH de Silva,IPL,19,19,81,5.4,92.05,0,0,2021,2025
Pankaj Singh,IPL,5,5,7,3.5,58.33,0,0,2008,2010
Parvez Rasool,IPL,4,4,17,8.5,85,0,0,2013,2016
Prince Yadav,IPL,3,3,5,5,45.45,0,0,2025,2026
Priyansh Arya,IPL,31,31,909,29.32,192.99,1,6,2025,2026
Q de Kock,IPL,118,119,3444,31.31,134.9,3,24,2013,2026
R Ashwin,IPL,93,93,833,13.22,118.16,0,1,2009,2025
R Bhatia,IPL,47,47,342,11.4,120.42,0,0,2008,2017
R Bishnoi,IPL,3,3,19,6.33,111.76,0,0,2009,2009
R Dhawan,IPL,22,22,210,19.09,112.3,0,0,2013,2023
R Dravid,IPL,82,82,2174,28.23,115.52,0,11,2008,2013
R McLaren,IPL,13,13,159,19.88,92.98,0,1,2010,2013
R Minz,IPL,4,4,12,4,63.16,0,0,2025,2026
R Ninan,IPL,1,1,3,3,50,0,0,2011,2011
R Parag,IPL,86,87,1879,25.74,144.32,0,9,2019,2026
R Powell,IPL,30,30,555,22.2,142.31,0,1,2022,2026
R Rampaul,IPL,7,7,51,10.2,102,0,0,2013,2014
R Ravindra,IPL,18,18,413,24.29,143.9,0,2,2024,2025
R Sai Kishore,IPL,4,4,18,4.5,112.5,0,0,2024,2025
R Sanjay Yadav,IPL,1,1,0,0,0,0,0,2022,2022
R Sathish,IPL,24,24,270,15.88,116.88,0,0,2010,2016
R Sharma,IPL,19,19,66,5.08,88,0,0,2010,2013
R Shepherd,IPL,19,19,268,24.36,175.16,0,1,2022,2026
R Shukla,IPL,4,4,19,19,82.61,0,0,2013,2014
R Smaran,IPL,4,4,19,6.33,76,0,0,2026,2026
R Tewatia,IPL,91,91,1302,24.11,138.07,0,2,2014,2026
R Vinay Kumar,IPL,42,42,310,11.48,113.14,0,0,2008,2018
RA Bawa,IPL,4,4,35,11.67,109.38,0,0,2022,2026
RA Jadeja,IPL,205,205,3526,29.14,130.64,0,5,2008,2026
RA Tripathi,IPL,98,98,2291,26.03,137.85,0,12,2017,2025
RD Chahar,IPL,22,22,129,8.6,104.03,0,0,2017,2024
RD Gaikwad,IPL,84,84,2839,38.36,135.64,2,22,2020,2026
RD Rickelton,IPL,26,26,836,34.83,168.21,1,5,2025,2026
RE Levi,IPL,6,6,83,13.83,113.7,0,1,2012,2012
RE van der Merwe,IPL,15,15,159,14.45,112.77,0,0,2009,2013
RG More,IPL,1,1,2,2,100,0,0,2015,2015
RG Sharma,IPL,275,276,7331,29.92,132.88,2,49,2008,2026
RJ Gleeson,IPL,1,1,2,2,100,0,0,2024,2024
RJ Harris,IPL,21,21,117,9.75,104.46,0,0,2009,2013
RJ Peterson,IPL,5,5,32,10.67,106.67,0,0,2012,2012
RJ Quiney,IPL,7,7,103,14.71,100.98,0,1,2009,2009
RJW Topley,IPL,1,1,3,3,50,0,0,2024,2024
RK Bhui,IPL,4,4,10,2.5,38.46,0,0,2018,2024
RK Singh,IPL,62,63,1398,34.1,146.23,0,6,2018,2026
RM Patidar,IPL,52,52,1612,33.58,164.49,1,14,2021,2026
RN ten Doeschate,IPL,21,21,326,23.29,138.72,0,1,2011,2015
RP Meredith,IPL,2,2,0,0,0,0,0,2022,2023
RP Singh,IPL,28,28,52,3.71,68.42,0,0,2008,2012
RR Bhatkal,IPL,1,1,0,0,0,0,0,2012,2012
RR Pant,IPL,136,140,3879,33.73,146.71,2,20,2016,2026
RR Powar,IPL,9,9,67,22.33,104.69,0,0,2008,2011
RR Raje,IPL,5,5,20,20,111.11,0,0,2008,2009
RR Rossouw,IPL,22,22,473,23.65,153.57,0,2,2014,2024
RR Sarwan,IPL,4,4,73,18.25,97.33,0,0,2008,2008
RS Bopara,IPL,22,22,531,29.5,117.22,0,3,2009,2015
RS Gavaskar,IPL,1,1,2,2,25,0,0,2010,2010
RS Sodhi,IPL,1,1,4,4,200,0,0,2010,2010
RT Ponting,IPL,9,9,91,10.11,71.09,0,0,2008,2013
RV Gomez,IPL,9,9,50,10,98.04,0,0,2011,2013
RV Patel,IPL,7,7,80,16,109.59,0,0,2021,2023
RV Uthappa,IPL,197,198,4954,27.52,130.33,0,27,2008,2022
Rahmanullah Gurbaz,IPL,18,18,363,21.35,134.94,0,2,2023,2025
Ramandeep Singh,IPL,26,26,299,18.69,145.85,0,0,2022,2026
Rashid Khan,IPL,72,72,635,13.8,156.4,0,1,2017,2026
Rasikh Salam,IPL,7,7,43,8.6,102.38,0,0,2019,2026
Ravi Bishnoi,IPL,18,18,45,3.75,65.22,0,0,2020,2026
Ravi Singh,IPL,1,1,4,4,200,0,0,2026,2026
S Anirudha,IPL,12,12,136,17,120.35,0,1,2008,2014
S Aravind,IPL,10,10,59,19.67,103.51,0,0,2011,2017
S Arora,IPL,10,10,121,20.17,157.14,0,0,2026,2026
S Badree,IPL,5,5,13,2.6,56.52,0,0,2017,2017
S Badrinath,IPL,65,65,1441,30.66,118.89,0,11,2008,2013
S Chanderpaul,IPL,3,3,25,8.33,80.65,0,0,2008,2008
S Dhawan,IPL,221,222,6769,35.07,127.09,2,51,2008,2024
S Dube,IPL,87,87,2129,31.31,145.42,0,10,2019,2026
S Gopal,IPL,22,22,180,12.86,106.51,0,0,2014,2022
S Kaul,IPL,9,9,20,5,55.56,0,0,2013,2021
S Kaushik,IPL,1,1,0,0,0,0,0,2016,2016
S Ladda,IPL,2,2,0,0,0,0,0,2010,2010
S Lamichhane,IPL,1,1,0,0,0,0,0,2019,2019
S Nadeem,IPL,20,20,39,2.79,44.83,0,0,2011,2021
S Narwal,IPL,4,4,37,12.33,137.04,0,0,2010,2013
S Rana,IPL,8,8,91,22.75,112.35,0,0,2011,2014
S Randiv,IPL,1,1,2,2,50,0,0,2011,2011
S Sohal,IPL,20,20,368,18.4,126.03,0,2,2008,2011
S Sreesanth,IPL,12,12,34,8.5,61.82,0,0,2008,2013
S Sriram,IPL,2,2,31,15.5,86.11,0,0,2010,2011
S Tyagi,IPL,1,1,3,3,75,0,0,2010,2010
S Vidyut,IPL,8,8,145,18.12,133.03,0,1,2008,2008
SA Abbott,IPL,3,3,22,7.33,122.22,0,0,2015,2022
SA Asnodkar,IPL,19,19,423,22.26,124.78,0,2,2008,2011
SA Yadav,IPL,164,165,4581,33.68,148.54,2,31,2012,2026
SB Bangar,IPL,7,7,49,8.17,84.48,0,0,2008,2009
SB Dubey,IPL,17,17,220,22,153.85,0,0,2024,2026
SB Jakati,IPL,5,5,28,28,96.55,0,0,2009,2016
SB Joshi,IPL,2,2,6,3,42.86,0,0,2008,2008
SB Styris,IPL,10,10,131,18.71,98.5,0,0,2008,2011
SB Wagh,IPL,2,2,2,1,66.67,0,0,2011,2011
SC Ganguly,IPL,56,56,1349,25.45,106.81,0,7,2008,2012
SD Chitnis,IPL,8,8,99,14.14,111.24,0,0,2008,2012
SD Hope,IPL,9,9,183,22.88,150,0,0,2024,2024
SD Lad,IPL,1,1,15,15,115.38,0,0,2019,2019
SE Bond,IPL,1,1,1,1,50,0,0,2010,2010
SE Marsh,IPL,69,70,2489,40.15,133.03,1,20,2008,2017
SE Rutherford,IPL,27,27,520,24.76,142.86,0,1,2019,2026
SH Johnson,IPL,6,6,8,8,66.67,0,0,2024,2026
SJ Srivastava,IPL,4,4,5,5,100,0,0,2010,2011
SK Raina,IPL,200,201,5536,32.56,136.83,1,39,2008,2021
SK Rasheed,IPL,5,5,71,14.2,112.7,0,0,2025,2025
SK Trivedi,IPL,14,14,42,6,71.19,0,0,2008,2013
SK Warne,IPL,27,27,198,11,92.52,0,0,2008,2011
SL Malinga,IPL,20,20,88,6.29,88.89,0,0,2009,2017
SM Curran,IPL,53,53,997,24.92,136.39,0,6,2019,2025
SM Harwood,IPL,2,2,9,9,64.29,0,0,2009,2009
SM Katich,IPL,11,11,241,24.1,129.57,0,2,2008,2009
SM Pollock,IPL,8,8,147,18.38,132.43,0,0,2008,2008
SMSM Senanayake,IPL,4,4,10,10,58.82,0,0,2013,2013
SN Khan,IPL,43,43,746,22.61,137.38,0,2,2015,2026
SN Thakur,IPL,43,43,349,12.03,132.7,0,1,2015,2026
SO Hetmyer,IPL,85,86,1566,27.47,149.29,0,5,2019,2026
SP Fleming,IPL,10,10,196,21.78,118.79,0,0,2008,2008
SP Goswami,IPL,21,21,293,14.65,99.32,0,1,2008,2020
SP Jackson,IPL,8,8,61,10.17,107.02,0,0,2017,2022
SP Narine,IPL,122,122,1820,17.84,165.3,1,7,2012,2026
SPD Smith,IPL,93,95,2495,34.65,128.28,1,11,2012,2021
SR Dubey,IPL,1,1,4,4,200,0,0,2026,2026
SR Tendulkar,IPL,78,78,2334,33.83,119.82,1,13,2008,2013
SR Watson,IPL,141,143,3880,31.04,137.93,4,21,2008,2020
SS Cottrell,IPL,1,1,0,0,0,0,0,2020,2020
SS Iyer,IPL,144,145,4233,35.87,136.77,1,32,2015,2026
SS Mishra,IPL,1,1,1,1,33.33,0,0,2026,2026
SS Prabhudessai,IPL,10,10,126,12.6,118.87,0,0,2022,2024
SS Shaikh,IPL,1,1,6,6,85.71,0,0,2009,2009
SS Tiwary,IPL,73,73,1494,28.73,120.1,0,8,2008,2021
ST Jayasuriya,IPL,30,30,768,27.43,144.36,1,4,2008,2010
STR Binny,IPL,66,66,880,19.13,128.84,0,0,2010,2019
SU Parakh,IPL,4,4,46,11.5,139.39,0,0,2026,2026
SV Samson,IPL,185,185,5181,31.79,141.13,5,27,2013,2026
SW Billings,IPL,27,27,503,19.35,129.64,0,3,2016,2022
SW Tait,IPL,5,5,23,7.67,88.46,0,0,2010,2013
SZ Mulani,IPL,1,1,1,1,100,0,0,2024,2024
Sachin Baby,IPL,11,11,144,16,122.03,0,0,2013,2021
Sakib Hussain,IPL,1,1,5,5,71.43,0,0,2026,2026
Salil Arora,IPL,1,1,35,35,166.67,0,0,2026,2026
Salman Butt,IPL,7,7,193,27.57,119.88,0,1,2008,2008
Sameer Rizvi,IPL,18,18,424,30.29,144.71,0,3,2024,2026
Sandeep Sharma,IPL,26,26,60,10,80,0,0,2013,2025
Sanvir Singh,IPL,5,5,25,12.5,119.05,0,0,2023,2024
Saurav Chauhan,IPL,3,3,18,6,120,0,0,2024,2024
Sediqullah Atal,IPL,1,1,22,22,137.5,0,0,2025,2025
Shahbaz Ahmed,IPL,40,40,603,20.79,123.31,0,1,2020,2026
Shahid Afridi,IPL,9,9,81,10.12,176.09,0,0,2008,2008
Shakib Al Hasan,IPL,52,53,795,19.39,124.41,0,2,2011,2021
Shashank Singh,IPL,42,42,905,36.2,161.61,0,6,2022,2026
Shivam Mavi,IPL,11,11,51,5.67,91.07,0,0,2018,2022
Shivam Sharma,IPL,2,2,5,5,166.67,0,0,2014,2014
Shivam Singh,IPL,1,1,2,2,66.67,0,0,2024,2024
Shivang Kumar,IPL,6,6,53,8.83,115.22,0,0,2026,2026
Shoaib Ahmed,IPL,3,3,1,0.5,16.67,0,0,2009,2009
Shoaib Akhtar,IPL,1,1,2,2,28.57,0,0,2008,2008
Shoaib Malik,IPL,5,5,52,13,110.64,0,0,2008,2008
Shubman Gill,IPL,130,130,4598,40.33,142.09,5,32,2018,2026
Sikandar Raza,IPL,9,9,182,26,133.82,0,1,2023,2024
Simarjeet Singh,IPL,6,6,10,3.33,66.67,0,0,2022,2025
Sohail Tanvir,IPL,5,5,36,12,124.14,0,0,2008,2008
Sumit Kumar,IPL,3,3,18,9,75,0,0,2024,2024
Sunny Gupta,IPL,1,1,0,0,0,0,0,2012,2012
Sunny Singh,IPL,5,5,43,10.75,138.71,0,0,2011,2011
Suryansh Shedge,IPL,10,10,165,23.57,163.37,0,1,2025,2026
Swapnil Singh,IPL,9,9,51,10.2,113.33,0,0,2016,2024
T Banton,IPL,2,2,18,9,90,0,0,2020,2020
T Dahiya,IPL,2,2,12,6,80,0,0,2026,2026
T Henderson,IPL,2,2,11,5.5,68.75,0,0,2009,2009
T Kohler-Cadmore,IPL,3,3,48,16,88.89,0,0,2024,2024
T Kohli,IPL,3,3,11,3.67,57.89,0,0,2008,2009
T Natarajan,IPL,3,3,4,4,57.14,0,0,2020,2026
T Shamsi,IPL,1,1,2,2,50,0,0,2021,2021
T Stubbs,IPL,43,44,986,39.44,151.93,0,5,2022,2026
T Taibu,IPL,3,3,31,10.33,119.23,0,0,2008,2008
T Thushara,IPL,4,4,12,6,66.67,0,0,2009,2010
TA Boult,IPL,26,26,93,9.3,109.41,0,0,2017,2026
TD Paine,IPL,2,2,10,5,38.46,0,0,2011,2011
TG Southee,IPL,19,19,120,9.23,112.15,0,0,2014,2022
TH David,IPL,59,59,1151,32.89,177.08,0,2,2021,2026
TK Curran,IPL,10,10,127,25.4,118.69,0,1,2018,2021
TL Seifert,IPL,6,6,45,7.5,109.76,0,0,2021,2026
TL Suman,IPL,39,39,676,21.12,117.57,0,2,2009,2013
TM Dilshan,IPL,50,50,1153,26.81,114.5,0,9,2008,2013
TM Head,IPL,52,52,1556,32.42,170.05,1,10,2016,2026
TM Srivastava,IPL,3,3,8,8,72.73,0,0,2008,2009
TR Birt,IPL,5,5,75,15,129.31,0,0,2011,2011
TS Mills,IPL,5,5,8,2,57.14,0,0,2017,2022
TU Deshpande,IPL,10,10,54,13.5,150,0,0,2020,2026
Tanush Kotian,IPL,1,1,24,24,77.42,0,0,2024,2024
Tilak Varma,IPL,65,65,1858,35.73,144.7,1,10,2022,2026
U Kaul,IPL,1,1,0,0,0,0,0,2008,2008
UA Birla,IPL,1,1,7,7,50,0,0,2013,2013
UBT Chand,IPL,20,20,300,15,100,0,1,2011,2016
UT Khawaja,IPL,6,6,127,21.17,127,0,0,2016,2016
UT Yadav,IPL,48,48,208,9.9,103.48,0,0,2010,2024
Umar Gul,IPL,4,4,39,13,205.26,0,0,2008,2008
Umran Malik,IPL,5,5,23,23,143.75,0,0,2022,2023
Urvil Patel,IPL,10,10,197,19.7,205.21,0,1,2025,2026
V Kohli,IPL,275,277,9346,40.46,134.86,9,69,2008,2026
V Nigam,IPL,10,10,157,19.62,176.4,0,0,2025,2026
V Pratap Singh,IPL,1,1,0,0,0,0,0,2012,2012
V Sehwag,IPL,104,104,2728,27.56,155.44,2,16,2008,2015
V Shankar,IPL,63,63,1233,26.23,129.79,0,7,2017,2025
V Suryavanshi,IPL,23,23,1028,44.7,228.95,2,6,2025,2026
V Viyaskanth,IPL,1,1,7,7,140,0,0,2024,2024
VG Arora,IPL,11,11,10,2.5,37.04,0,0,2022,2026
VH Zol,IPL,2,2,29,14.5,111.54,0,0,2014,2014
VR Aaron,IPL,12,12,50,10,69.44,0,0,2011,2020
VR Iyer,IPL,62,62,1677,31.64,142,1,13,2021,2026
VRV Singh,IPL,2,2,4,2,133.33,0,0,2008,2008
VS Malik,IPL,2,2,7,7,100,0,0,2010,2014
VS Yeligati,IPL,1,1,2,2,100,0,0,2008,2008
VVS Laxman,IPL,20,20,282,14.84,105.62,0,1,2008,2011
VY Mahesh,IPL,5,5,15,7.5,55.56,0,0,2008,2008
Vijaykumar Vyshak,IPL,6,6,16,8,100,0,0,2023,2026
Virat Singh,IPL,2,2,15,7.5,57.69,0,0,2021,2021
Vishnu Vinod,IPL,7,7,71,11.83,109.23,0,0,2017,2026
Vivrant Sharma,IPL,1,1,69,69,146.81,0,1,2023,2023
W Jaffer,IPL,8,8,130,16.25,107.44,0,1,2008,2009
WA Mota,IPL,8,8,56,9.33,74.67,0,0,2008,2009
WD Parnell,IPL,13,13,65,6.5,81.25,0,0,2011,2023
WG Jacks,IPL,26,26,602,27.36,158.84,1,2,2024,2026
WP Saha,IPL,143,143,2934,24.25,127.57,1,13,2008,2024
WPUJC Vaas,IPL,11,11,81,10.12,110.96,0,0,2008,2010
Washington Sundar,IPL,59,59,888,20.65,135.37,0,3,2017,2026
X Thalaivan Sargunam,IPL,1,1,10,10,58.82,0,0,2013,2013
XC Bartlett,IPL,4,4,40,20,142.86,0,0,2025,2026
Y Gnaneswara Rao,IPL,1,1,19,19,111.76,0,0,2011,2011
Y Nagar,IPL,20,20,285,20.36,110.04,0,0,2009,2012
Y Prithvi Raj,IPL,1,1,0,0,0,0,0,2019,2019
Y Venugopal Rao,IPL,52,52,985,22.39,117.82,0,3,2008,2014
YA Abdulla,IPL,1,1,0,0,0,0,0,2010,2010
YBK Jaiswal,IPL,82,82,2593,33.68,152.8,2,18,2020,2026
YK Pathan,IPL,153,154,3222,29.29,143.52,1,14,2008,2019
YS Chahal,IPL,17,17,37,5.29,43.02,0,0,2014,2022
YV Dhull,IPL,3,3,16,5.33,69.57,0,0,2023,2023
YV Takawale,IPL,10,10,192,24,107.87,0,0,2008,2014
Yash Dayal,IPL,4,4,4,1.33,44.44,0,0,2022,2025
Yashpal Singh,IPL,4,4,47,11.75,71.21,0,0,2009,2009
Younis Khan,IPL,1,1,3,3,42.86,0,0,2008,2008
Yudhvir Singh,IPL,4,4,22,5.5,137.5,0,0,2023,2024
Yuvraj Singh,IPL,126,127,2754,24.81,129.78,0,13,2008,2019
Z Khan,IPL,27,27,117,8.36,82.98,0,0,2008,2017
