Player,Format,Matches,Innings,Runs,Ave,SR,X100,X50,Start_Year,End_Year
JA Brittin,Tests,27,44,1935,49.61538461538461,NA,5,11,1979,1998
CM Edwards,Tests,23,43,1676,44.10526315789474,NA,4,9,1996,2015
R Heyhoe-Flint,Tests,22,38,1594,45.542857142857144,NA,3,10,1960,1979
DA Hockley,Tests,19,29,1301,52.04,NA,4,7,1979,1996
CA Hodges,Tests,18,31,1164,40.13793103448276,NA,2,6,1984,1992
S Agarwal,Tests,13,23,1110,50.45454545454545,NA,4,4,1984,1995
E Bakewell,Tests,12,22,1078,59.888888888888886,NA,4,7,1968,1979
SC Taylor,Tests,15,27,1030,41.2,NA,4,2,1999,2009
ME Maclagan,Tests,14,25,1007,41.958333333333336,NA,2,6,1934,1951
EA Perry,Tests,15,24,1006,59.1764705882353,NA,2,5,2008,2026
KL Rolton,Tests,14,22,1002,55.666666666666664,NA,2,5,1995,2009
HC Knight,Tests,15,27,989,39.56,NA,2,5,2011,2026
Nat Sciver-Brunt,Tests,13,22,938,44.666666666666664,NA,2,5,2014,2026
BJ Clark,Tests,15,25,919,45.95,NA,2,6,1991,2005
ME Hide,Tests,15,27,872,36.333333333333336,NA,2,5,1934,1954
ER Wilson,Tests,11,16,862,57.46666666666667,NA,3,3,1948,1958
MC Robinson,Tests,14,27,829,33.16,NA,2,2,1949,1963
DA Annetts,Tests,10,13,819,81.9,NA,2,6,1987,1992
S Mandhana,Tests,9,16,788,52.53333333333333,NA,2,5,2014,2026
JD Doull,Tests,11,22,779,43.27777777777778,NA,1,5,1966,1975
P Verco,Tests,13,20,765,40.26315789473684,NA,1,4,1977,1985
BJ Haggett,Tests,10,15,762,58.61538461538461,NA,2,4,1987,1992
S Rangaswamy,Tests,16,26,750,32.608695652173914,NA,1,6,1976,1991
A Sutherland,Tests,7,10,715,89.375,NA,4,0,2021,2026
J Kennare,Tests,12,19,702,36.94736842105263,NA,3,2,1979,1985
S Kulkarni,Tests,19,32,700,23.333333333333332,NA,1,2,1976,1991
PF McKelvey,Tests,15,26,699,29.125,NA,2,1,1966,1979
M Raj,Tests,12,19,699,43.6875,NA,1,4,2002,2021
MB Duggan,Tests,17,31,652,24.14814814814815,NA,2,1,1949,1963
Shafali Verma,Tests,7,14,640,49.23076923076923,NA,1,3,2021,2026
G Banerji,Tests,12,22,614,27.90909090909091,NA,0,6,1984,1991
TT Beaumont,Tests,12,20,614,30.7,NA,1,2,2013,2026
EA Snowball,Tests,10,18,613,40.86666666666667,NA,1,4,1934,1949
DL Thomas,Tests,10,18,610,40.666666666666664,NA,0,5,1966,1976
S Shah,Tests,21,38,601,18.78125,NA,0,1,1976,1991
BL Mooney,Tests,9,14,578,41.285714285714285,NA,1,4,2017,2026
JM Court,Tests,17,30,577,20.607142857142858,NA,0,1,1976,1987
J Smit,Tests,21,30,554,24.08695652173913,NA,0,2,1992,2006
A Brindle,Tests,11,20,551,30.61111111111111,NA,1,3,2001,2014
A Chopra,Tests,12,20,548,30.444444444444443,NA,0,4,1995,2006
LA Reeler,Tests,10,15,510,39.23076923076923,NA,1,3,1984,1987
H Kala,Tests,7,10,503,50.3,NA,2,3,1999,2006
CJ Connor,Tests,16,26,502,20.08,NA,0,1,1995,2005
AJ Healy,Tests,11,17,502,29.529411764705884,NA,0,3,2011,2026
L Hill,Tests,7,10,499,62.375,NA,1,2,1975,1977
J Southgate,Tests,13,22,490,23.333333333333332,NA,0,3,1976,1985
J Clark,Tests,11,18,482,26.77777777777778,NA,0,2,1984,1992
RE Westbrook,Tests,11,20,476,31.733333333333334,NA,0,3,1957,1963
KE Flavell,Tests,6,7,473,67.57142857142857,NA,1,2,1995,1996
P Whittaker,Tests,11,18,472,27.764705882352942,NA,0,4,1976,1979
UL Paisley,Tests,12,17,471,27.705882352941178,NA,2,0,1948,1961
A McKenna,Tests,7,14,465,35.76923076923077,NA,0,3,1969,1985
D Emerson,Tests,7,11,454,41.27272727272727,NA,1,3,1984,1987
S Gupta,Tests,13,22,452,28.25,NA,0,0,1984,1991
A Hudson,Tests,9,16,451,34.69230769230769,NA,0,3,1935,1951
LK Newton,Tests,13,22,448,21.333333333333332,NA,1,2,1999,2006
AJ Blackwell,Tests,12,22,444,22.2,NA,0,4,2003,2017
K Smithies,Tests,15,21,443,22.15,NA,0,3,1987,1999
BA Daniels,Tests,9,15,441,31.5,NA,1,0,1995,1998
A Jain,Tests,8,12,441,36.75,NA,1,3,1995,2003
J Broadbent,Tests,10,8,437,109.25,NA,1,2,1990,1998
KM Leng,Tests,12,19,436,24.22222222222222,NA,1,0,1995,2003
J Wilkinson,Tests,13,24,436,19.818181818181817,NA,0,3,1949,1958
EC Drumm,Tests,5,6,433,144.33333333333334,NA,2,2,1992,1996
JE Stead,Tests,9,18,433,27.0625,NA,0,3,1966,1972
E Barker,Tests,15,21,426,25.058823529411764,NA,1,3,1957,1969
LC Sthalekar,Tests,8,15,416,32,NA,1,2,2003,2011
SJ Rattray,Tests,9,17,412,27.466666666666665,NA,0,4,1975,1985
LA Larsen,Tests,15,14,410,41,NA,0,3,1984,1992
DF Edulji,Tests,20,30,404,16.16,NA,0,1,1976,1991
DB Sharma,Tests,7,12,402,44.666666666666664,NA,0,5,2021,2026
BL Bevege,Tests,5,10,400,44.44444444444444,NA,1,2,1975,1979
CJ Watmough,Tests,13,24,397,18.045454545454547,NA,0,1,1968,1985
M Kapp,Tests,4,8,395,56.42857142857143,NA,1,2,2014,2024
AD Disbury,Tests,10,17,391,24.4375,NA,0,0,1957,1969
JL Gunn,Tests,11,19,391,23,NA,0,1,2004,2014
RL Haynes,Tests,6,11,383,34.81818181818182,NA,0,3,2009,2022
LM Keightley,Tests,9,14,378,27,NA,0,3,1995,2005
OM Marshall,Tests,13,21,378,22.235294117647058,NA,0,3,1954,1966
P Blackler,Tests,12,21,371,17.666666666666668,NA,0,1,1948,1966
TM McGrath,Tests,8,11,371,33.72727272727273,NA,0,4,2017,2026
SJ Metcalfe,Tests,13,17,365,24.333333333333332,NA,0,2,1984,1996
LS Greenway,Tests,14,24,362,15.73913043478261,NA,0,2,2003,2015
Kiran Baluch,Tests,3,6,360,60,NA,1,1,1998,2004
S Potter,Tests,7,12,360,32.72727272727273,NA,1,1,1984,1987
CMG Atkins,Tests,9,17,357,21,NA,0,3,2001,2011
WJ Hills,Tests,9,12,351,31.90909090909091,NA,0,1,1976,1979
L Denholm,Tests,8,14,349,29.083333333333332,NA,0,1,1963,1977
M Allitt,Tests,11,20,348,17.4,NA,0,1,1951,1963
LP Browne,Tests,9,14,348,29,NA,0,2,1976,1979
F Khalili,Tests,8,15,347,26.692307692307693,NA,0,3,1976,1977
SA Tredrea,Tests,10,14,346,31.454545454545453,NA,0,1,1975,1984
MM Lanning,Tests,6,12,345,31.363636363636363,NA,0,2,2013,2022
JK Lumsden,Tests,6,8,345,43.125,NA,1,1,1976,1977
J Stephenson,Tests,12,18,345,26.53846153846154,NA,0,3,1966,1976
MJ Jennings,Tests,8,12,341,28.416666666666668,NA,1,2,1972,1977
HD Pritchard,Tests,6,12,340,28.333333333333332,NA,0,3,1934,1937
JI Rodrigues,Tests,5,9,339,42.375,NA,0,4,2023,2026
KM Smith,Tests,6,12,335,27.916666666666668,NA,0,2,1934,1937
JM Fields,Tests,4,7,331,66.2,NA,1,1,2006,2014
A Gardner,Tests,8,12,326,29.636363636363637,NA,0,3,2019,2026
BM Browne,Tests,11,17,324,19.058823529411764,NA,0,2,1976,1979
SD Cowles,Tests,7,14,324,23.142857142857142,NA,0,0,1969,1977
JR Dunning,Tests,6,12,320,32,NA,0,2,1984,1985
M Knee,Tests,8,14,319,26.583333333333332,NA,0,3,1961,1972
C Kaul,Tests,5,9,318,35.333333333333336,NA,0,3,1995,1999
HM Sanders,Tests,12,22,318,15.142857142857142,NA,0,2,1949,1958
H Kaur,Tests,8,13,304,25.333333333333332,NA,0,2,2014,2026
CE Marett,Tests,7,13,304,33.77777777777778,NA,0,0,1972,1979
BA Brentnall,Tests,10,16,301,21.5,NA,0,1,1966,1972
SJ Taylor,Tests,10,17,300,18.75,NA,0,0,2006,2019
S Luus,Tests,4,8,299,37.375,NA,1,2,2022,2024
HM Sharpe,Tests,5,9,296,37,NA,1,1,1957,1961
RU McKenzie,Tests,7,13,295,22.692307692307693,NA,0,2,1954,1961
S Nitschke,Tests,6,11,295,32.77777777777778,NA,0,2,2005,2011
AE Jones,Tests,9,15,294,19.6,NA,0,3,2019,2026
LG Williams,Tests,11,15,293,20.928571428571427,NA,0,2,1976,1979
J Goswami,Tests,12,15,291,24.25,NA,0,2,2002,2021
JL Jonassen,Tests,6,11,291,29.1,NA,0,2,2015,2023
L Cooke,Tests,3,6,290,48.333333333333336,NA,1,2,1986,1986
WA Watson,Tests,7,11,289,28.9,NA,0,3,1987,1992
B Murrey,Tests,6,11,288,32,NA,0,2,1951,1954
BD Birch,Tests,8,15,286,23.833333333333332,NA,0,2,1951,1958
MA Lear,Tests,9,15,286,19.066666666666666,NA,0,0,1976,1985
LA Fullston,Tests,12,14,285,31.666666666666668,NA,0,0,1984,1987
JE Edney,Tests,8,13,284,28.4,NA,0,2,1984,1985
J Powell,Tests,6,11,281,35.125,NA,1,0,1984,1987
Y Geddes-Hall,Tests,10,15,280,23.333333333333332,NA,0,0,1976,1979
ZJ Goss,Tests,12,16,280,23.333333333333332,NA,0,0,1987,1996
K Price,Tests,8,12,278,25.272727272727273,NA,1,1,1975,1985
G Gill,Tests,10,16,273,17.0625,NA,0,1,1976,1979
V Batty,Tests,7,12,272,24.727272727272727,NA,0,2,1951,1961
IJ Powell,Tests,7,13,272,24.727272727272727,NA,0,1,1954,1961
ICP Jagersma,Tests,9,13,271,33.875,NA,0,1,1984,1990
JC Tedstone,Tests,12,18,266,22.166666666666668,NA,0,1,1984,1992
S Dabir,Tests,4,7,264,52.8,NA,0,3,1995,1995
PG Raut,Tests,4,7,264,44,NA,1,0,2014,2021
EJ Bray,Tests,5,8,261,37.285714285714285,NA,0,2,1968,1977
J Lord,Tests,15,22,258,13.578947368421053,NA,0,0,1966,1979
R Venugopal,Tests,6,10,258,25.8,NA,0,3,1985,1995
S Ecclestone,Tests,10,16,257,19.76923076923077,NA,0,1,2017,2026
JA Gove,Tests,7,14,256,25.6,NA,0,1,1960,1972
J Christ,Tests,8,10,255,25.5,NA,0,2,1949,1961
L Wolvaardt,Tests,4,8,255,31.875,NA,1,1,2022,2024
LJ Murdoch,Tests,6,10,253,25.3,NA,0,1,1979,1990
MAM Lewis,Tests,9,12,252,21,NA,0,2,1992,2004
M Jones,Tests,5,8,251,35.857142857142854,NA,1,1,1998,2003
S Pandit,Tests,8,14,247,17.642857142857142,NA,0,1,1976,1977
BL Morgan,Tests,7,12,244,24.4,NA,0,1,2005,2009
HC Plimmer,Tests,9,14,243,18.692307692307693,NA,0,0,1992,1996
E Hurly,Tests,4,8,240,34.285714285714285,NA,0,1,1960,1961
AL Hodgkinson,Tests,3,6,239,39.833333333333336,NA,0,2,2002,2003
SJ Elliott,Tests,3,6,238,47.6,NA,1,1,2011,2014
MDT Kamini,Tests,2,3,237,79,NA,1,0,2014,2014
R Dhar,Tests,4,8,236,29.5,NA,0,1,2005,2006
S Driscoll,Tests,7,12,235,21.363636363636363,NA,0,1,1957,1963
SIR Dunkley,Tests,6,10,228,25.333333333333332,NA,0,1,2021,2025
AB Ratcliffe,Tests,4,7,226,45.2,NA,0,1,1960,1961
CE Taylor,Tests,16,21,226,16.142857142857142,NA,0,0,1995,2003
RM Ghosh,Tests,4,7,225,37.5,NA,0,3,2023,2026
YH Bhatia,Tests,4,7,223,31.857142857142858,NA,1,1,2021,2026
A Pendharker,Tests,5,8,218,27.25,NA,0,2,1984,1985
MAJ Goszko,Tests,4,5,217,43.4,NA,1,0,2001,2006
CM Oyler,Tests,5,8,212,35.333333333333336,NA,0,1,1966,1969
SN Nefdt,Tests,4,8,211,30.142857142857142,NA,0,2,1960,1961
J Schmidt,Tests,7,12,210,17.5,NA,0,0,1948,1951
J Tredrea,Tests,5,7,210,30,NA,0,1,1976,1976
NJ Turner,Tests,6,9,208,29.714285714285715,NA,0,2,1984,1990
V Latty-Scott,Tests,10,15,206,15.846153846153847,NA,0,1,1976,1979
SJ Griffiths,Tests,7,7,204,34,NA,1,0,1987,1995
JM Saulbrey,Tests,11,16,198,16.5,NA,0,1,1966,1975
JM Chamberlain,Tests,9,13,197,17.90909090909091,NA,0,1,1987,1995
DA Gordon,Tests,9,11,195,19.5,NA,0,0,1968,1977
KV Jain,Tests,5,9,195,21.666666666666668,NA,0,0,2005,2014
KV Gunn,Tests,9,12,194,16.166666666666668,NA,0,0,1985,1992
MK Fruin,Tests,6,8,188,23.5,NA,0,2,1992,1996
LM Prichard,Tests,5,9,188,20.88888888888889,NA,0,1,1972,1975
DN Wyatt,Tests,4,8,188,23.5,NA,0,1,2023,2025
M Terblanche,Tests,4,7,186,26.571428571428573,NA,0,1,2002,2007
Y van Mentz,Tests,4,8,186,31,NA,1,0,1960,1961
C Gildenhuys,Tests,3,6,184,30.666666666666668,NA,0,2,1972,1972
K Sciver-Brunt,Tests,14,18,184,13.142857142857142,NA,0,1,2004,2022
S Shaw,Tests,3,5,184,61.333333333333336,NA,0,2,1995,1995
LJ Clifford,Tests,9,11,183,30.5,NA,0,0,1966,1969
E Amos,Tests,4,7,182,30.333333333333332,NA,0,1,1961,1963
LJ Harper,Tests,6,11,182,22.75,NA,0,0,2001,2005
KA Blackwell,Tests,4,7,180,25.714285714285715,NA,0,1,2005,2008
C Matthews,Tests,20,22,180,10.588235294117647,NA,0,0,1984,1995
EA Paton,Tests,4,8,180,25.714285714285715,NA,0,1,1954,1961
MC Dive,Tests,7,11,177,16.09090909090909,NA,0,2,1948,1951
B Lang,Tests,3,6,177,29.5,NA,0,2,1960,1961
P Holmes,Tests,3,6,176,29.333333333333332,NA,0,1,1937,1937
J Parker,Tests,5,8,172,24.571428571428573,NA,0,2,1963,1969
DL Wilson,Tests,11,9,171,57,NA,0,1,1984,1991
WUM George,Tests,3,6,170,42.5,NA,0,1,1937,1937
S Rana,Tests,6,9,170,21.25,NA,0,1,2021,2026
H Buck,Tests,3,5,169,33.8,NA,0,0,1963,1963
N Jogalekar,Tests,5,9,166,18.444444444444443,NA,0,0,1984,1985
L Winfield-Hill,Tests,5,9,166,18.444444444444443,NA,0,0,2014,2022
J Stockton,Tests,3,4,162,40.5,NA,1,0,1979,1979
R Thompson,Tests,16,22,162,11.571428571428571,NA,0,0,1972,1985
BG Williams,Tests,2,4,162,40.5,NA,1,0,1972,1972
C van der Westhuizen,Tests,2,4,159,39.75,NA,0,1,2003,2003
RA Birch,Tests,7,10,158,17.555555555555557,NA,0,1,2003,2008
S Goatman,Tests,3,5,158,31.6,NA,0,1,1979,1979
P Litchfield,Tests,5,8,156,22.285714285714285,NA,0,0,2023,2026
SV Collyer,Tests,7,12,155,17.22222222222222,NA,0,0,1998,2003
ME Bouchier,Tests,3,6,154,25.666666666666668,NA,1,0,2024,2026
D Newman,Tests,3,5,154,30.8,NA,0,2,1968,1969
CL Fitzpatrick,Tests,13,9,152,16.88888888888889,NA,0,1,1991,2006
E Child,Tests,6,9,151,25.166666666666668,NA,0,1,1934,1937
LA Marsh,Tests,9,12,151,12.583333333333334,NA,0,1,2006,2019
BN Whiteman,Tests,7,10,151,25.166666666666668,NA,0,0,1948,1951
C Brits,Tests,4,8,150,21.428571428571427,NA,0,1,2002,2007
EA Sanders,Tests,11,15,150,13.636363636363637,NA,0,0,1954,1969
S Brown,Tests,3,5,148,37,NA,0,1,1963,1963
M Lowe,Tests,3,5,148,29.6,NA,0,1,1937,1937
CR Seneviratna,Tests,1,2,148,148,NA,1,0,1998,1998
JLMLM Elledge,Tests,3,6,147,29.4,NA,0,2,1963,1963
S Redfern,Tests,6,9,146,29.2,NA,0,0,1995,1999
GA Elwiss,Tests,4,6,145,29,NA,0,0,2015,2021
PC Dawson,Tests,6,10,142,15.777777777777779,NA,0,1,1984,1984
KG Raymont,Tests,3,5,142,28.4,NA,0,0,1990,1990
V Bowen,Tests,1,2,141,70.5,NA,0,2,1998,1998
NAJ George,Tests,1,2,140,70,NA,1,0,2004,2004
CM Nicholson,Tests,4,5,140,28,NA,0,0,1995,1996
B Botha,Tests,3,6,139,34.75,NA,0,1,1972,1972
A Vaidya,Tests,3,6,139,27.8,NA,0,0,1995,1999
VR Coutts,Tests,6,11,136,12.363636363636363,NA,0,0,1954,1957
JM Jacobs,Tests,7,11,136,13.6,NA,0,0,1979,1984
AS Ghosh,Tests,8,12,134,13.4,NA,0,0,1984,1986
J Sammy,Tests,6,9,134,14.88888888888889,NA,0,0,1976,1979
HE Archdale,Tests,5,6,133,26.6,NA,0,0,1934,1937
KM Brown,Tests,9,6,132,22,NA,0,1,1987,1992
PD Kinsella,Tests,6,8,131,16.375,NA,0,1,1990,1995
J Goldsmith,Tests,3,4,129,32.25,NA,0,1,1968,1969
P Antonio,Tests,6,12,128,11.636363636363637,NA,0,0,1934,1937
JM Stonell,Tests,4,8,127,15.875,NA,0,0,1957,1966
MF Fahey,Tests,2,4,125,41.666666666666664,NA,0,1,2003,2004
M Maben,Tests,4,4,125,31.25,NA,0,1,2002,2003
U Nikam,Tests,8,12,125,10.416666666666666,NA,0,0,1976,1977
HM Tiffen,Tests,2,4,124,124,NA,0,1,2003,2004
KS Bhatt,Tests,5,7,123,24.6,NA,0,0,1991,1995
P Rau,Tests,5,8,123,15.375,NA,0,0,1995,1999
EA Badham,Tests,3,6,121,24.2,NA,0,0,1979,1979
LR Dow,Tests,3,5,120,30,NA,0,1,1957,1958
SL Illingworth,Tests,6,7,120,30,NA,0,0,1995,1996
M du Preez,Tests,1,2,119,59.5,NA,1,0,2014,2014
J Laing,Tests,3,4,119,29.75,NA,0,1,1979,1979
CL Tryon,Tests,3,6,119,23.8,NA,0,1,2014,2024
J Hayes,Tests,6,9,118,14.75,NA,0,1,2001,2006
A Shrubsole,Tests,8,12,118,9.833333333333334,NA,0,0,2013,2022
M Singhal,Tests,6,10,116,14.5,NA,0,0,1986,1991
N de Klerk,Tests,4,7,114,16.285714285714285,NA,0,1,2022,2024
EJ Dickson,Tests,2,4,114,28.5,NA,0,1,1957,1957
JC Price,Tests,10,11,114,19,NA,0,1,1996,2005
IT Guha,Tests,8,10,113,16.142857142857142,NA,0,0,2002,2011
WM Johnson,Tests,10,16,113,9.416666666666666,NA,0,0,1949,1954
M Picton,Tests,7,10,111,18.5,NA,0,0,1961,1969
P Vastrakar,Tests,5,6,111,27.75,NA,0,0,2021,2024
JA Burley,Tests,6,9,110,12.222222222222221,NA,0,0,1966,1969
E Fairweather,Tests,10,12,110,15.714285714285714,NA,0,0,1976,1979
EM Shevill,Tests,3,6,110,22,NA,0,1,1934,1935
MA Webb,Tests,4,8,110,13.75,NA,0,0,1957,1961
JE Duffin,Tests,3,5,109,21.8,NA,0,1,2011,2014
J Logtenberg,Tests,3,5,109,21.8,NA,0,1,2003,2007
TL Anderson,Tests,2,3,108,36,NA,0,1,1995,1995
D Moe,Tests,3,6,108,18,NA,0,0,1972,1972
AN Davidson-Richards,Tests,1,1,107,107,NA,1,0,2022,2022
PA Thomson,Tests,4,6,107,26.75,NA,0,0,1961,1963
SA Bonaparte,Tests,3,6,106,17.666666666666668,NA,0,1,1979,1979
GE McConway,Tests,14,18,106,9.636363636363637,NA,0,0,1984,1987
SM Plant,Tests,8,12,106,10.6,NA,0,0,1960,1968
J Dalton,Tests,3,4,104,34.666666666666664,NA,0,1,1958,1958
KJ Garth,Tests,4,6,103,34.333333333333336,NA,0,0,2023,2025
VM Felicien,Tests,1,2,102,51,NA,0,1,2004,2004
VL Burtt,Tests,4,8,101,12.625,NA,0,0,1977,1979
JP Brewer,Tests,2,4,100,25,NA,0,0,1935,1935
ME Richards,Tests,3,4,100,33.333333333333336,NA,0,0,1935,1935
Sajjida Shah,Tests,2,3,100,33.333333333333336,NA,0,1,2000,2004
SA Hodges,Tests,11,10,98,19.6,NA,0,0,1969,1979
N Massey,Tests,3,6,98,19.6,NA,0,0,1958,1958
S Molineux,Tests,3,4,97,24.25,NA,0,0,2019,2024
S Shubha,Tests,2,3,97,48.5,NA,0,1,2023,2024
LC Broadfoot,Tests,2,2,95,47.5,NA,0,1,2001,2001
BCC Peden,Tests,4,8,94,13.428571428571429,NA,0,0,1935,1937
J Barnard,Tests,3,6,93,15.5,NA,0,0,2002,2003
T Chetty,Tests,2,3,93,31,NA,0,1,2007,2014
EL Miller,Tests,3,6,92,15.333333333333334,NA,0,0,1979,1979
A Palmer,Tests,3,6,92,15.333333333333334,NA,0,0,1934,1935
NE Bolton,Tests,3,4,91,22.75,NA,0,0,2015,2019
DA Stock,Tests,7,10,91,10.11111111111111,NA,0,0,1992,1996
MJ Lutschini,Tests,9,8,90,15,NA,0,0,1976,1979
JM Cummins,Tests,3,5,90,18,NA,0,0,1954,1954
A Bosch,Tests,4,7,88,12.571428571428571,NA,0,0,2022,2024
S Viljoen,Tests,1,2,88,44,NA,0,1,2002,2002
B Wilson,Tests,2,4,88,22,NA,0,1,1972,1975
EPN Allan,Tests,4,6,87,43.5,NA,0,0,1972,1977
JG Lamason,Tests,4,8,87,10.875,NA,0,0,1948,1954
MEM Peden,Tests,6,12,87,8.7,NA,0,0,1934,1937
IM Lamason,Tests,4,6,86,21.5,NA,0,0,1948,1954
AE Smith,Tests,3,5,86,28.666666666666668,NA,0,0,2003,2007
S Bayley,Tests,11,13,85,7.7272727272727275,NA,0,0,1976,1979
R Buckstein,Tests,1,2,85,42.5,NA,0,1,1987,1987
R Dey,Tests,2,4,84,28,NA,0,0,1984,1985
S Mazumdar,Tests,6,10,84,8.4,NA,0,0,1976,1977
WJ Coe,Tests,3,5,83,20.75,NA,0,0,1966,1969
MA Reynard,Tests,6,7,82,13.666666666666666,NA,0,1,1995,1999
A Sharma,Tests,5,7,82,13.666666666666666,NA,0,1,2003,2006
EA Signal,Tests,6,6,82,20.5,NA,0,1,1984,1985
Pratika Rawal,Tests,1,2,81,40.5,NA,0,1,2026,2026
BL Calver,Tests,3,3,80,26.666666666666668,NA,0,0,1998,1998
S Hill,Tests,3,4,80,20,NA,0,0,1979,1979
P Moore,Tests,2,3,80,40,NA,0,0,1961,1966
JC Hatcher,Tests,4,7,79,11.285714285714286,NA,0,0,1948,1954
Y van der Merwe,Tests,3,6,79,15.8,NA,0,1,2002,2003
EA Osborne,Tests,2,4,78,39,NA,0,0,2013,2014
J Potter,Tests,1,2,78,78,NA,0,1,1975,1975
M Lowe,Tests,4,7,77,15.4,NA,0,0,1949,1949
JM Coulston,Tests,5,8,76,10.857142857142858,NA,0,0,1954,1957
EL Lamb,Tests,2,3,76,25.333333333333332,NA,0,0,2022,2023
M Mukherjee,Tests,4,8,76,10.857142857142858,NA,0,0,1985,1991
SJ Power,Tests,1,2,76,38,NA,0,1,2004,2004
BI Thorner,Tests,3,6,76,15.2,NA,0,0,1957,1961
JFO Whitney,Tests,3,5,75,15,NA,0,0,1966,1966
AM King,Tests,6,8,74,10.571428571428571,NA,0,0,2022,2026
DL Martin,Tests,3,4,73,18.25,NA,0,0,1979,1979
L Larter,Tests,7,10,72,9,NA,0,0,1948,1951
EJ Villani,Tests,3,5,72,14.4,NA,0,0,2014,2017
P Hollett,Tests,4,7,71,10.142857142857142,NA,0,0,1960,1961
V Kalpana,Tests,3,5,71,14.2,NA,0,0,1986,1991
RJ Rolls,Tests,1,2,71,71,NA,0,1,2004,2004
FM Spry,Tests,3,6,71,14.2,NA,0,0,1951,1951
HJ Stother,Tests,7,13,70,5.384615384615385,NA,0,0,1984,1986
NM Williams,Tests,4,5,70,17.5,NA,0,0,1985,1992
Shaiza Khan,Tests,3,5,69,13.8,NA,0,0,1998,2004
CM Beggs,Tests,1,1,68,Inf,NA,0,1,2000,2000
L Kutcher,Tests,4,5,68,22.666666666666668,NA,0,1,1963,1969
KE Batty,Tests,4,7,67,11.166666666666666,NA,0,0,1949,1954
DM Marathe,Tests,5,6,67,11.166666666666666,NA,0,0,1999,2003
T Bhatia,Tests,2,3,66,33,NA,0,0,2021,2021
MC Godliman,Tests,1,2,66,66,NA,0,1,2002,2002
EM McLarty,Tests,5,10,66,6.6,NA,0,0,1934,1937
G Sutherland,Tests,3,6,66,11,NA,0,0,1957,1957
B Cairncross,Tests,3,6,65,10.833333333333334,NA,0,0,1960,1961
E Lambert,Tests,2,4,65,16.25,NA,0,0,1960,1960
J Robinson,Tests,1,2,65,32.5,NA,0,1,2004,2004
PB Flannery,Tests,1,2,64,32,NA,0,0,2004,2004
D Tucker,Tests,2,4,64,16,NA,0,1,2024,2024
PF Carrick,Tests,7,11,63,7.875,NA,0,0,1969,1977
S Naik,Tests,2,3,62,20.666666666666668,NA,0,0,2002,2006
K Read,Tests,3,6,62,15.5,NA,0,0,1984,1985
JE Cruwys,Tests,5,6,61,10.166666666666666,NA,0,0,1969,1976
TS Sekhukhune,Tests,3,6,61,61,NA,0,0,2022,2024
M Sumra,Tests,3,6,61,10.166666666666666,NA,0,0,2005,2006
A Dercksen,Tests,2,4,60,15,NA,0,0,2024,2024
M Edwards,Tests,2,4,60,15,NA,0,0,1979,1979
H Lee,Tests,2,3,60,30,NA,0,0,1963,1963
K Lowe,Tests,3,5,60,12,NA,0,0,2001,2002
SH Brown,Tests,6,9,59,9.833333333333334,NA,0,0,1979,1984
HL Colvin,Tests,5,7,59,14.75,NA,0,0,2005,2011
KL Cross,Tests,8,13,58,6.444444444444445,NA,0,0,2014,2023
R Margrate,Tests,5,6,58,14.5,NA,0,0,1995,1999
SSD van Zyl,Tests,2,4,58,19.333333333333332,NA,0,0,2002,2003
KN Young,Tests,1,1,58,58,NA,0,1,2000,2000
M Tekah,Tests,5,7,57,8.142857142857142,NA,0,0,1976,1976
M Desai,Tests,1,2,56,28,NA,0,1,1986,1986
CS Terblanche,Tests,1,2,56,28,NA,0,0,2007,2007
A Walsh,Tests,3,6,56,9.333333333333334,NA,0,0,1937,1937
HA Wardlaw,Tests,3,3,56,18.666666666666668,NA,0,0,2002,2003
CA Campbell,Tests,9,5,55,13.75,NA,0,0,1990,1996
D Gunaratne,Tests,1,2,55,27.5,NA,0,0,1998,1998
S Pandey,Tests,3,5,55,18.333333333333332,NA,0,0,2014,2021
EM Belton,Tests,3,6,54,10.8,NA,0,0,1937,1937
CS Cowan,Tests,2,4,54,13.5,NA,0,0,2003,2003
M Flaherty,Tests,6,8,54,10.8,NA,0,0,1937,1949
W Blunsden,Tests,7,5,53,13.25,NA,0,0,1972,1976
A Fellows,Tests,3,5,53,10.6,NA,0,0,1984,1984
E Massey,Tests,4,6,53,17.666666666666668,NA,0,0,1957,1958
D Rae,Tests,1,2,53,26.5,NA,0,0,1972,1972
KD Brown,Tests,3,2,52,Inf,NA,0,1,1996,1996
WRP Fernando,Tests,1,2,52,52,NA,0,0,1998,1998
D Maybury,Tests,5,8,52,7.428571428571429,NA,0,0,1992,1995
LG Ward,Tests,7,11,52,5.777777777777778,NA,0,0,1960,1972
VCE Wattenberg,Tests,1,2,52,26,NA,0,0,2007,2007
SM Benade,Tests,1,2,51,25.5,NA,0,1,2007,2007
D Holden,Tests,3,5,51,12.75,NA,0,0,2001,2002
GA Morgan,Tests,2,4,51,17,NA,0,0,1949,1951
DJ Reid,Tests,1,2,50,50,NA,0,0,2002,2002
S Desai,Tests,2,4,49,12.25,NA,0,0,1991,1991
KJ Martin,Tests,1,2,49,24.5,NA,0,0,2003,2003
NA Moodley,Tests,1,2,49,24.5,NA,0,0,2014,2014
R Punekar,Tests,2,3,49,16.333333333333332,NA,0,0,1986,1986
JP Bragger,Tests,5,7,48,9.6,NA,0,0,1963,1966
CE Henshilwood,Tests,1,2,48,24,NA,0,0,1977,1977
NJ Shaw,Tests,5,7,48,6.857142857142857,NA,0,0,2001,2009
ID Laughton,Tests,1,1,47,47,NA,0,0,1949,1949
N Al Khadeer,Tests,5,7,46,9.2,NA,0,0,2003,2006
D Francis,Tests,1,2,46,46,NA,0,0,2004,2004
JW Francis,Tests,5,7,46,7.666666666666667,NA,0,0,1948,1954
H Hegarty,Tests,7,5,46,9.2,NA,0,0,1954,1963
M Katz,Tests,2,3,46,15.333333333333334,NA,0,0,1972,1972
Khursheed Jabeen,Tests,2,4,46,15.333333333333334,NA,0,0,2000,2004
N Mlaba,Tests,4,7,46,7.666666666666667,NA,0,0,2022,2024
CR Smith,Tests,1,2,46,23,NA,0,0,2005,2005
S Braganza,Tests,6,9,45,15,NA,0,0,1985,1991
L Filer,Tests,5,10,45,5.625,NA,0,0,2023,2026
JF McNaughton,Tests,3,6,45,9,NA,0,0,1960,1961
LJ Poulton,Tests,2,3,45,15,NA,0,0,2009,2011
Zehmarad Afzal,Tests,1,2,45,22.5,NA,0,0,2000,2000
JG Davis,Tests,3,5,44,8.8,NA,0,0,1937,1937
GE Greaves,Tests,1,2,43,21.5,NA,0,0,2004,2004
SJ Kitson,Tests,4,4,43,14.333333333333334,NA,0,0,1992,1992
M Pilling,Tests,11,7,43,7.166666666666667,NA,0,0,1963,1976
CE Eksteen,Tests,1,2,42,21,NA,0,0,2002,2002
L Lee,Tests,2,4,42,10.5,NA,0,0,2014,2022
SA Banfield,Tests,1,2,41,20.5,NA,0,0,1972,1972
CE Dean,Tests,3,6,41,8.2,NA,0,0,2022,2024
OJ Magno,Tests,5,2,41,41,NA,0,0,1996,2001
D Martin,Tests,7,7,41,10.25,NA,0,0,1984,1985
VE Burt,Tests,3,5,40,8,NA,0,0,1948,1969
R Dholakia,Tests,4,6,40,20,NA,0,0,1976,1977
LA Hunter,Tests,2,2,40,40,NA,0,0,1992,1996
J Irwin,Tests,3,6,40,6.666666666666667,NA,0,0,1960,1961
S Itticheria,Tests,7,10,40,6.666666666666667,NA,0,0,1976,1977
F McClintock,Tests,2,4,40,13.333333333333334,NA,0,0,1949,1949
U Wickham,Tests,2,4,40,10,NA,0,0,1948,1949
M Payne,Tests,5,5,39,9.75,NA,0,0,1960,1972
JA Russell,Tests,1,1,39,39,NA,0,0,1995,1995
MA Koster,Tests,1,2,38,19,NA,0,0,2007,2007
WC Leech,Tests,2,4,38,9.5,NA,0,0,1951,1951
P May,Tests,7,6,38,19,NA,0,0,1968,1976
EM Ryan,Tests,5,8,38,9.5,NA,0,0,1975,1979
E Whelan,Tests,7,10,38,4.75,NA,0,0,1937,1949
T Brits,Tests,1,2,36,18,NA,0,0,2024,2024
L Goodall,Tests,1,2,36,18,NA,0,0,2022,2022
M Greenwood,Tests,2,3,36,12,NA,0,0,1937,1937
S Jafta,Tests,4,7,36,5.142857142857143,NA,0,0,2022,2024
EF Rouse,Tests,1,2,36,18,NA,0,0,1972,1972
MK Villiers,Tests,1,2,36,18,NA,0,0,2026,2026
Asma Farzand,Tests,1,2,35,17.5,NA,0,0,1998,1998
S Chakraborty,Tests,11,11,35,5.833333333333333,NA,0,0,1976,1984
ME Hunt,Tests,3,3,35,11.666666666666666,NA,0,0,1960,1961
A Jackson,Tests,2,2,35,17.5,NA,0,0,1960,1961
V Bhagat,Tests,2,4,34,8.5,NA,0,0,1984,1984
KS Gautam,Tests,1,2,34,34,NA,0,0,2026,2026
Sadia Butt,Tests,3,6,34,8.5,NA,0,0,1998,2004
JH Westbrook,Tests,3,5,34,6.8,NA,0,0,1954,1954
SJ Andrews,Tests,3,5,33,11,NA,0,0,2006,2009
MJ Bulow,Tests,2,3,33,11,NA,0,0,2006,2008
DE McEvoy,Tests,5,7,33,8.25,NA,0,0,1949,1951
JB Nero,Tests,1,2,33,16.5,NA,0,0,2004,2004
L Nye,Tests,4,3,33,16.5,NA,0,0,1992,1992
SA Paranjpe,Tests,3,4,33,11,NA,0,0,2002,2006
JE Partridge,Tests,4,5,33,8.25,NA,0,0,1934,1935
LC Pearson,Tests,12,14,33,4.125,NA,0,0,1996,2004
E White,Tests,3,5,33,6.6,NA,0,0,1972,1972
KM Keenan,Tests,5,3,32,32,NA,0,0,1995,1996
TA McGregor,Tests,4,3,32,16,NA,0,0,2001,2003
S Sridhar,Tests,3,4,32,16,NA,0,0,1984,1986
RM Farrell,Tests,3,5,31,7.75,NA,0,0,2009,2014
MI Taylor,Tests,7,9,31,4.428571428571429,NA,0,0,1934,1937
A Capsey,Tests,1,2,30,15,NA,0,0,2026,2026
BJ Legg,Tests,3,4,30,10,NA,0,0,1990,1990
M Marks,Tests,2,4,30,10,NA,0,0,1935,1948
R Mudgel,Tests,2,4,30,10,NA,0,0,1995,1995
K Smith,Tests,1,2,30,15,NA,0,0,1960,1960
AM Starling,Tests,11,10,30,6,NA,0,0,1984,1986
JA Turner,Tests,6,8,30,4.285714285714286,NA,0,0,1990,1992
G Voll,Tests,2,3,30,15,NA,0,0,2025,2026
R Monaghan,Tests,2,4,29,7.25,NA,0,0,1934,1935
SG Satghare,Tests,2,4,29,9.666666666666666,NA,0,0,2026,2026
Sharmeen Khan,Tests,2,4,29,7.25,NA,0,0,1998,2000
AP Shinde,Tests,1,1,29,29,NA,0,0,2002,2002
AT Collins,Tests,1,2,28,28,NA,0,0,1937,1937
D Hazell,Tests,3,5,28,7,NA,0,0,2011,2014
L Johnston,Tests,1,2,28,14,NA,0,0,1972,1972
APC Kilowan,Tests,1,1,28,Inf,NA,0,0,2007,2007
DI Macfarlane,Tests,7,7,28,4.666666666666667,NA,0,0,1957,1963
Mahewish Khan,Tests,2,4,28,7,NA,0,0,1998,2000
KV Plummer,Tests,4,6,28,4.666666666666667,NA,0,0,1984,1992
MC Bishop,Tests,1,2,27,13.5,NA,0,0,1935,1935
KADC Lakmalee,Tests,1,2,27,27,NA,0,0,1998,1998
AM Linehan,Tests,1,1,27,Inf,NA,0,0,2000,2000
Mariam Butt,Tests,1,1,27,Inf,NA,0,0,2004,2004
N Niranjana,Tests,2,1,27,27,NA,0,0,2014,2014
KR Perera,Tests,1,2,27,13.5,NA,0,0,1998,1998
AM Smith,Tests,1,1,27,27,NA,0,0,1996,1996
KM Beams,Tests,1,1,26,Inf,NA,0,0,2015,2015
JE Harris,Tests,10,7,26,6.5,NA,0,0,1990,1996
D Hobson,Tests,4,5,26,6.5,NA,0,0,1976,1979
M Hollis,Tests,1,2,26,13,NA,0,0,1935,1935
J Owens,Tests,3,2,26,26,NA,0,0,1987,1987
SARC Silva,Tests,1,2,26,13,NA,0,0,1998,1998
EM Sinclair,Tests,2,4,26,8.666666666666666,NA,0,0,1954,1961
N David,Tests,10,11,25,6.25,NA,0,0,1995,2006
K Dhokarikar,Tests,1,2,25,25,NA,0,0,1999,1999
C Ward,Tests,1,2,25,25,NA,0,0,1995,1995
W Weir,Tests,2,1,25,25,NA,0,0,1975,1979
NJ Browne,Tests,2,2,24,12,NA,0,0,2003,2004
LK Ebsary,Tests,1,2,24,12,NA,0,0,2009,2009
E Liddell,Tests,3,4,24,12,NA,0,0,2003,2005
J Sharma,Tests,1,1,24,24,NA,0,0,2002,2002
ER Williams,Tests,1,2,24,12,NA,0,0,2004,2004
LK Hamilton,Tests,1,1,23,23,NA,0,0,2026,2026
Y Kainuku,Tests,1,1,23,Inf,NA,0,0,1992,1992
R Malhotra,Tests,1,2,23,23,NA,0,0,2006,2006
ER Vigor,Tests,5,4,23,11.5,NA,0,0,1963,1966
M Baylis,Tests,6,6,22,7.333333333333333,NA,0,0,1948,1951
LK Bell,Tests,6,10,22,5.5,NA,0,0,2022,2026
R MacDonald-Gay,Tests,2,4,22,7.333333333333333,NA,0,0,2024,2025
ME Marvell,Tests,5,5,22,7.333333333333333,NA,0,0,1958,1963
D van Niekerk,Tests,1,2,22,11,NA,0,0,2014,2014
EE Blackie,Tests,1,2,21,21,NA,0,0,1949,1949
LA Coleman,Tests,1,2,21,10.5,NA,0,0,2008,2008
W Napier,Tests,2,3,21,7,NA,0,0,1985,1985
B Orchard,Tests,2,3,21,10.5,NA,0,0,1957,1958
N St Rose,Tests,5,6,21,5.25,NA,0,0,1976,1976
R Basu,Tests,5,6,20,3.3333333333333335,NA,0,0,1976,1985
KH Liyanarachchi,Tests,1,2,20,10,NA,0,0,1998,1998
SJ McGlashan,Tests,2,2,20,10,NA,0,0,2003,2004
SJ Coyte,Tests,4,4,19,4.75,NA,0,0,2011,2015
P Dimri,Tests,2,3,19,19,NA,0,0,2006,2006
M Jones,Tests,3,4,19,6.333333333333333,NA,0,0,1951,1951
LW Kettels,Tests,2,4,19,4.75,NA,0,0,1934,1935
W Skog,Tests,3,4,19,19,NA,0,0,1972,1972
N Wilson,Tests,3,5,19,3.8,NA,0,0,1961,1963
Deebah Sherazi,Tests,2,4,18,4.5,NA,0,0,1998,2000
MJ Haddelsey,Tests,2,4,18,4.5,NA,0,0,1937,1937
HW Rambaldo,Tests,1,2,18,9,NA,0,0,2007,2007
LDV Ratnayake,Tests,1,2,18,9,NA,0,0,1998,1998
MT Rouse,Tests,2,4,18,9,NA,0,0,1954,1957
PH Savin,Tests,1,2,18,9,NA,0,0,1935,1935
A Stinson,Tests,4,6,18,6,NA,0,0,1986,1987
E Wulcko,Tests,2,3,18,6,NA,0,0,1987,1987
DK Brownlee,Tests,1,2,17,8.5,NA,0,0,1995,1995
GJ Hall,Tests,2,2,17,8.5,NA,0,0,1984,1984
T Juhasz,Tests,3,5,17,17,NA,0,0,1991,1991
J Powell,Tests,1,2,17,8.5,NA,0,0,1979,1979
HM Thompson,Tests,1,2,17,17,NA,0,0,1948,1948
DM Turner,Tests,4,4,17,5.666666666666667,NA,0,0,1934,1935
KM Brown,Tests,1,1,16,16,NA,0,0,1979,1979
HE Buck,Tests,1,2,16,8,NA,0,0,1935,1935
ME Grealey,Tests,1,1,16,16,NA,0,0,2000,2000
JM Greenwood,Tests,6,4,16,5.333333333333333,NA,0,0,1976,1979
KA Laing,Tests,1,2,16,8,NA,0,0,2002,2002
MF Spear,Tests,4,2,16,16,NA,0,0,1934,1935
RJ Steele,Tests,2,3,16,5.333333333333333,NA,0,0,2003,2004
C Thalagalage,Tests,1,2,16,8,NA,0,0,1998,1998
M Klaas,Tests,2,4,15,7.5,NA,0,0,2024,2024
R Shastri,Tests,1,2,15,7.5,NA,0,0,1999,1999
IH Shevill,Tests,2,3,15,7.5,NA,0,0,1935,1935
AL Watkins,Tests,2,2,15,7.5,NA,0,0,2003,2004
K Fazackerley,Tests,3,1,14,Inf,NA,0,0,1992,1996
JL Godman,Tests,2,3,14,4.666666666666667,NA,0,0,1992,1996
J Liebert,Tests,4,3,14,4.666666666666667,NA,0,0,1934,1935
KE Pike,Tests,1,2,14,7,NA,0,0,2008,2008
C Sinton,Tests,1,2,14,7,NA,0,0,1957,1957
A Wegemund,Tests,2,4,14,4.666666666666667,NA,0,0,1937,1937
G Williamson,Tests,3,4,14,4.666666666666667,NA,0,0,1972,1972
D Brown,Tests,6,5,13,4.333333333333333,NA,0,0,2021,2026
MC Corby,Tests,1,2,13,6.5,NA,0,0,1935,1935
J Hawker,Tests,1,1,13,13,NA,0,0,2002,2002
SA Moffat,Tests,5,2,13,Inf,NA,0,0,1990,1991
Nazia Sadiq,Tests,1,2,13,6.5,NA,0,0,1998,1998
FC Wilson,Tests,1,1,13,13,NA,0,0,2017,2017
VHM Farrell,Tests,3,4,12,3,NA,0,0,1948,1954
MJ Fulford,Tests,1,2,12,6,NA,0,0,1948,1948
SM Gilchrist,Tests,5,3,12,12,NA,0,0,1984,1985
M Schutt,Tests,4,2,12,12,NA,0,0,2013,2019
F Cummings,Tests,1,2,11,5.5,NA,0,0,2004,2004
AJ Fahey,Tests,6,1,11,11,NA,0,0,1995,2001
GP Gooder,Tests,1,2,11,5.5,NA,0,0,1949,1949
M Kornet,Tests,1,2,11,5.5,NA,0,0,2007,2007
H Miller,Tests,1,2,11,5.5,NA,0,0,1935,1935
Muqudos Khan,Tests,1,2,11,Inf,NA,0,0,1998,1998
KA Raymond,Tests,2,3,11,3.6666666666666665,NA,0,0,1957,1961
A Steyn,Tests,1,2,11,5.5,NA,0,0,2022,2022
M Lotter,Tests,1,2,10,5,NA,0,0,2002,2002
EJ Maker,Tests,3,4,10,2.5,NA,0,0,1966,1966
LE Milliken,Tests,2,2,10,5,NA,0,0,2003,2004
N Scripps,Tests,1,1,10,Inf,NA,0,0,2003,2003
J Bath,Tests,3,3,9,4.5,NA,0,0,1957,1958
MB Jude,Tests,1,2,9,4.5,NA,0,0,1963,1963
MM Letsoalo,Tests,2,3,9,3,NA,0,0,2007,2014
SK Naidu,Tests,1,1,9,9,NA,0,0,2005,2005
A Rawat,Tests,1,1,9,9,NA,0,0,2005,2005
Renuka Singh,Tests,3,2,9,4.5,NA,0,0,2023,2024
V Slater,Tests,1,1,9,9,NA,0,0,1957,1957
KL Britt,Tests,1,2,8,4,NA,0,0,2003,2003
I Goordial-John,Tests,1,2,8,4,NA,0,0,2004,2004
ME Haddelsey,Tests,1,2,8,4,NA,0,0,1937,1937
S Loubser,Tests,2,3,8,4,NA,0,0,2007,2014
A McCauley,Tests,1,1,8,8,NA,0,0,1990,1990
Nazia Nazir,Tests,3,6,8,1.3333333333333333,NA,0,0,1998,2004
N Ndzundzu,Tests,1,2,8,8,NA,0,0,2003,2003
W Piltz,Tests,1,1,8,8,NA,0,0,1984,1984
RJ Signal,Tests,1,2,8,8,NA,0,0,1984,1984
IECM Wong,Tests,2,2,8,8,NA,0,0,2022,2026
C Atkins,Tests,1,2,7,7,NA,0,0,2004,2004
L Bhattacharj,Tests,1,1,7,7,NA,0,0,1985,1985
JE Clark,Tests,1,2,7,3.5,NA,0,0,1968,1968
J Currie,Tests,3,5,7,2.3333333333333335,NA,0,0,1954,1957
JA Fryer,Tests,3,1,7,Inf,NA,0,0,1996,1996
A Jago,Tests,2,2,7,7,NA,0,0,1960,1961
J James,Tests,1,2,7,3.5,NA,0,0,1951,1951
JE May,Tests,3,4,7,3.5,NA,0,0,1986,1986
D Palshikar,Tests,1,2,7,3.5,NA,0,0,2006,2006
SM Rutherford,Tests,4,3,7,2.3333333333333335,NA,0,0,1960,1961
Shazia Hassan,Tests,1,2,7,3.5,NA,0,0,1998,1998
T Woodbury,Tests,2,3,7,Inf,NA,0,0,1992,1992
D Bailey,Tests,1,2,6,3,NA,0,0,1949,1949
DM Braat,Tests,1,2,6,6,NA,0,0,2007,2007
L Cheatle,Tests,1,2,6,6,NA,0,0,2023,2023
L Francis,Tests,4,4,6,1.5,NA,0,0,1995,1995
R Godbole,Tests,1,1,6,6,NA,0,0,1985,1985
A Hlubi,Tests,2,3,6,2,NA,0,0,2024,2024
K Jobling,Tests,1,2,6,3,NA,0,0,1987,1987
LJ Simpson,Tests,1,2,6,3,NA,0,0,1985,1985
S Singh,Tests,2,2,6,6,NA,0,0,2002,2002
J van Zyl,Tests,1,1,6,6,NA,0,0,1972,1972
JA Wainwright,Tests,2,1,6,Inf,NA,0,0,1979,1979
D Weyers,Tests,3,4,6,1.5,NA,0,0,1972,1972
N Browne,Tests,1,2,5,Inf,NA,0,0,1935,1935
L Egging,Tests,1,2,5,5,NA,0,0,2007,2007
HL Ferling,Tests,3,3,5,Inf,NA,0,0,2013,2015
AD Geeves,Tests,1,1,5,5,NA,0,0,1951,1951
JL Hawes,Tests,3,4,5,1.6666666666666667,NA,0,0,1957,1958
ME Nijman,Tests,1,2,5,2.5,NA,0,0,2007,2007
MH Peters,Tests,2,2,5,2.5,NA,0,0,1975,1977
RE Symons,Tests,1,1,5,5,NA,0,0,1935,1935
J Alexander,Tests,1,1,4,4,NA,0,0,1976,1976
FL Blade,Tests,1,2,4,4,NA,0,0,1934,1934
HM Dewdney,Tests,1,2,4,2,NA,0,0,1969,1969
KM Green,Tests,1,1,4,Inf,NA,0,0,1954,1954
G Hullah,Tests,4,4,4,4,NA,0,0,1976,1979
LZ Jacobs,Tests,2,3,4,4,NA,0,0,2003,2003
P Klesser,Tests,1,2,4,4,NA,0,0,1960,1961
S McLauchlan,Tests,4,4,4,1,NA,0,0,1992,1996
J Mitchell,Tests,1,1,4,4,NA,0,0,1976,1976
J Need,Tests,2,2,4,4,NA,0,0,1968,1969
J Patel,Tests,2,2,4,2,NA,0,0,1976,1976
S Sharma,Tests,1,1,4,4,NA,0,0,2014,2014
GA Smith,Tests,4,3,4,1.3333333333333333,NA,0,0,1986,1987
O Smith,Tests,4,2,4,2,NA,0,0,1957,1969
RB Wood,Tests,1,1,4,4,NA,0,0,1949,1949
F Coulthard,Tests,1,1,3,3,NA,0,0,1958,1958
CA Evans,Tests,3,1,3,3,NA,0,0,1968,1969
LP Griffiths,Tests,1,2,3,3,NA,0,0,2011,2011
ER Irwin,Tests,4,2,3,Inf,NA,0,0,1960,1961
N Kadam,Tests,1,1,3,3,NA,0,0,1985,1985
A Kirkire,Tests,1,1,3,3,NA,0,0,2002,2002
T Macpherson,Tests,1,2,3,1.5,NA,0,0,1972,1972
N Shree Charani,Tests,1,1,3,Inf,NA,0,0,2026,2026
MJ Taylor,Tests,1,2,3,1.5,NA,0,0,1935,1935
A Vogt,Tests,1,1,3,3,NA,0,0,1949,1949
D Wood,Tests,1,1,3,Inf,NA,0,0,1961,1961
JA Batson,Tests,1,1,2,2,NA,0,0,1958,1958
SJ Cook,Tests,1,1,2,2,NA,0,0,1996,1996
EM Deane,Tests,1,2,2,2,NA,0,0,1937,1937
MEC de Fouw,Tests,1,2,2,1,NA,0,0,2007,2007
AE Ell,Tests,1,2,2,1,NA,0,0,1935,1935
K Gaud,Tests,2,3,2,1,NA,0,0,2026,2026
HM Hills,Tests,1,1,2,Inf,NA,0,0,1934,1934
M Lockwood,Tests,2,3,2,1,NA,0,0,1951,1951
Meghna Singh,Tests,1,1,2,Inf,NA,0,0,2021,2021
SB Odedra,Tests,1,2,2,1,NA,0,0,2014,2014
D Robinson,Tests,1,1,2,Inf,NA,0,0,1961,1961
L Spragg,Tests,1,1,2,2,NA,0,0,2003,2003
NP Thabethe,Tests,1,2,2,1,NA,0,0,2014,2014
G Wareham,Tests,1,1,2,2,NA,0,0,2021,2021
A Wellington,Tests,1,1,2,2,NA,0,0,2017,2017
P Alfred,Tests,1,2,1,Inf,NA,0,0,1979,1979
SK Burke,Tests,1,1,1,Inf,NA,0,0,2004,2004
BM Duncan,Tests,2,3,1,Inf,NA,0,0,1957,1957
RP Goodchild,Tests,1,2,1,1,NA,0,0,1966,1966
B Goyal,Tests,3,3,1,0.5,NA,0,0,2002,2002
LM Hoitink,Tests,1,2,1,0.5,NA,0,0,2007,2007
S Ismail,Tests,1,1,1,1,NA,0,0,2007,2007
K McDonald,Tests,1,1,1,1,NA,0,0,1992,1992
KS Molloy,Tests,2,1,1,Inf,NA,0,0,1985,1985
CH White,Tests,1,1,1,1,NA,0,0,1977,1977
Batool Fatima,Tests,1,1,0,0,NA,0,0,2004,2004
E Bisht,Tests,1,1,0,0,NA,0,0,2014,2014
N Buley,Tests,1,1,0,0,NA,0,0,2006,2006
S Campbell,Tests,1,1,0,0,NA,0,0,2021,2021
U Chakraborty,Tests,1,2,0,0,NA,0,0,1976,1976
AL Clough,Tests,1,1,0,0,NA,0,0,1969,1969
DA Costello,Tests,1,1,0,0,NA,0,0,1985,1985
Y Fourie,Tests,1,2,0,0,NA,0,0,2014,2014
RS Gayakwad,Tests,5,2,0,0,NA,0,0,2014,2024
JC Hartenhof,Tests,1,2,0,0,NA,0,0,2007,2007
M Jones,Tests,1,1,0,0,NA,0,0,1972,1972
R Lupton,Tests,1,1,0,0,NA,0,0,1996,1996
CL Mason,Tests,5,1,0,0,NA,0,0,1992,2001
CM Mowat,Tests,5,1,0,0,NA,0,0,1979,1984
CM O'Leary,Tests,1,1,0,0,NA,0,0,2000,2000
JB Olson,Tests,1,1,0,0,NA,0,0,1969,1969
KL Pulford,Tests,1,2,0,0,NA,0,0,2003,2003
N Rheinberg,Tests,1,2,0,0,NA,0,0,1949,1949
EM Sampson,Tests,1,2,0,0,NA,0,0,2008,2008
AS Tanke,Tests,1,2,0,0,NA,0,0,2007,2007
Urooj Mumtaz,Tests,1,1,0,0,NA,0,0,2004,2004
Uzma Gondal,Tests,1,2,0,0,NA,0,0,2000,2000
C Valentine,Tests,1,1,0,0,NA,0,0,1934,1934
M Wilson,Tests,1,1,0,0,NA,0,0,1969,1969
M Raj,ODIs,232,211,7805,50.68181818181818,NA,7,64,1999,2022
SR Taylor,ODIs,182,175,6396,43.21621621621622,NA,10,42,2008,2026
CM Edwards,ODIs,191,180,5992,38.1656050955414,NA,9,46,1997,2016
SW Bates,ODIs,184,174,5982,37.860759493670884,NA,13,37,2006,2026
L Wolvaardt,ODIs,128,127,5695,51.306306306306304,NA,13,40,2016,2026
S Mandhana,ODIs,120,120,5411,47.88495575221239,NA,14,35,2013,2026
BJ Clark,ODIs,118,114,4844,47.490196078431374,NA,5,30,1991,2005
KL Rolton,ODIs,141,132,4814,48.14,NA,8,33,1995,2009
TT Beaumont,ODIs,140,130,4738,40.495726495726494,NA,12,24,2009,2025
AE Satterthwaite,ODIs,145,138,4639,38.33884297520661,NA,7,27,2007,2022
MM Lanning,ODIs,103,102,4602,53.51162790697674,NA,15,21,2011,2023
EA Perry,ODIs,168,140,4581,48.22105263157895,NA,3,37,2007,2026
H Kaur,ODIs,164,143,4541,37.221311475409834,NA,7,24,2009,2026
HC Knight,ODIs,160,151,4372,35.54471544715447,NA,3,27,2010,2026
Nat Sciver-Brunt,ODIs,129,114,4354,46.319148936170215,NA,10,26,2013,2025
SFM Devine,ODIs,159,144,4279,32.66412213740458,NA,9,18,2006,2025
AMCJK Athapaththu,ODIs,129,128,4253,34.577235772357724,NA,9,21,2010,2026
SC Taylor,ODIs,126,120,4101,40.205882352941174,NA,8,23,1998,2011
DA Hockley,ODIs,118,115,4064,41.896907216494846,NA,4,34,1982,2000
SJ Taylor,ODIs,126,119,4056,38.264150943396224,NA,7,20,2006,2019
DJS Dottin,ODIs,158,148,3894,29.278195488721803,NA,3,22,2008,2026
HK Matthews,ODIs,111,108,3892,38.15686274509804,NA,14,8,2014,2026
AJ Healy,ODIs,126,114,3777,37.029411764705884,NA,8,19,2010,2026
M du Preez,ODIs,154,141,3760,32.98245614035088,NA,2,18,2007,2022
M Kapp,ODIs,162,139,3511,35.11,NA,4,17,2009,2025
AJ Blackwell,ODIs,144,124,3492,36,NA,3,25,2003,2017
Bismah Maroof,ODIs,136,132,3369,29.55263157894737,NA,0,21,2006,2024
L Lee,ODIs,100,99,3315,36.42857142857143,NA,3,23,2013,2022
BL Mooney,ODIs,97,88,3275,50.38461538461539,NA,6,21,2016,2026
S Luus,ODIs,151,131,3141,28.044642857142858,NA,2,21,2012,2026
HM Tiffen,ODIs,117,111,2919,30.726315789473684,NA,1,18,1999,2009
Javeria Khan,ODIs,116,113,2885,28.564356435643564,NA,2,15,2008,2022
A Chopra,ODIs,127,112,2856,31.384615384615383,NA,1,18,1995,2012
EC Drumm,ODIs,101,94,2844,35.111111111111114,NA,2,19,1992,2006
Sidra Amin,ODIs,92,88,2810,35.125,NA,7,17,2011,2026
DB Sharma,ODIs,124,106,2771,35.98701298701299,NA,1,18,2014,2026
LC Sthalekar,ODIs,125,111,2728,30.651685393258425,NA,2,16,2001,2013
AC Kerr,ODIs,93,79,2715,43.095238095238095,NA,5,12,2016,2026
T Chetty,ODIs,134,113,2703,27.8659793814433,NA,0,16,2007,2022
AE Jones,ODIs,114,96,2689,32.397590361445786,NA,2,16,2013,2026
LM Keightley,ODIs,82,78,2630,39.84848484848485,NA,4,21,1995,2005
RL Haynes,ODIs,77,71,2585,39.76923076923077,NA,2,19,2009,2022
LS Greenway,ODIs,126,111,2554,30.04705882352941,NA,1,12,2003,2016
SJ McGlashan,ODIs,134,125,2438,22.36697247706422,NA,0,11,2002,2016
CL Tryon,ODIs,130,108,2431,26.714285714285715,NA,0,15,2011,2026
ML Green,ODIs,97,85,2345,32.56944444444444,NA,3,11,2014,2026
PG Raut,ODIs,73,73,2299,34.833333333333336,NA,3,15,2009,2021
D van Niekerk,ODIs,110,86,2273,36.66129032258065,NA,1,10,2009,2025
RJ Rolls,ODIs,104,91,2201,25.011363636363637,NA,2,12,1997,2007
JA Brittin,ODIs,63,59,2121,42.42,NA,5,8,1979,1998
SA Campbelle,ODIs,142,126,2109,20.085714285714285,NA,1,6,2009,2026
J Sharma,ODIs,77,75,2091,30.75,NA,2,14,2002,2008
GH Lewis,ODIs,68,67,2083,33.06349206349206,NA,0,17,2016,2026
DN Wyatt,ODIs,120,103,2074,23.568181818181817,NA,2,5,2010,2025
S Nitschke,ODIs,80,69,2047,34.11666666666667,NA,1,14,2004,2011
HASD Siriwardene,ODIs,118,114,2029,18.445454545454545,NA,0,7,2003,2019
NJ Browne,ODIs,125,102,2002,27.054054054054053,NA,0,10,2002,2014
Fargana Hoque,ODIs,81,78,1939,26.561643835616437,NA,2,15,2011,2026
A Brindle,ODIs,88,84,1928,27.942028985507246,NA,1,11,1999,2014
NE Bolton,ODIs,50,50,1896,41.21739130434783,NA,4,12,2014,2019
AL Watkins,ODIs,103,94,1889,21.71264367816092,NA,2,6,2002,2011
T Brits,ODIs,57,57,1838,34.03703703703704,NA,7,4,2021,2026
JI Rodrigues,ODIs,62,59,1810,34.15094339622642,NA,3,8,2018,2026
KJ Martin,ODIs,103,95,1793,22.135802469135804,NA,0,7,2003,2022
MR Aguilleira,ODIs,112,100,1752,20.611764705882354,NA,0,6,2008,2018
A Jain,ODIs,65,65,1729,29.810344827586206,NA,0,12,1993,2005
A Gardner,ODIs,93,67,1699,32.056603773584904,NA,3,8,2017,2026
RH Priest,ODIs,87,74,1694,28.233333333333334,NA,2,9,2007,2020
Nida Dar,ODIs,112,96,1690,18.98876404494382,NA,0,11,2010,2024
Aliya Riaz,ODIs,86,76,1681,25.46969696969697,NA,0,10,2014,2026
Sana Mir,ODIs,120,110,1630,17.912087912087912,NA,0,3,2005,2019
JL Gunn,ODIs,144,111,1629,19.626506024096386,NA,0,5,2004,2019
Nain Abidi,ODIs,87,83,1625,20.833333333333332,NA,1,9,2006,2017
C Brits,ODIs,69,63,1622,28.964285714285715,NA,1,11,2002,2013
H Samarawickrama,ODIs,56,54,1620,35.21739130434783,NA,2,9,2016,2026
P Litchfield,ODIs,42,41,1604,44.55555555555556,NA,3,11,2023,2026
Nigar Sultana,ODIs,68,63,1585,27.80701754385965,NA,1,9,2015,2026
A Hunter,ODIs,46,46,1488,34.604651162790695,NA,1,11,2021,2026
Muneeba Ali,ODIs,65,63,1466,24.847457627118644,NA,1,5,2018,2026
BM Halliday,ODIs,56,49,1462,34,NA,1,9,2021,2026
Sharmin Akhter,ODIs,56,55,1452,27.39622641509434,NA,0,11,2011,2026
ME Grealey,ODIs,79,73,1412,23.147540983606557,NA,1,5,1987,2005
L Delany,ODIs,75,69,1411,23.131147540983605,NA,1,5,2010,2025
Nahida Khan,ODIs,66,62,1410,23.5,NA,0,8,2009,2022
MF Fahey,ODIs,54,53,1403,27.50980392156863,NA,0,14,2003,2010
L Paul,ODIs,57,56,1375,25.462962962962962,NA,1,8,2017,2026
MAM Lewis,ODIs,78,73,1372,22.491803278688526,NA,1,4,1992,2005
MADD Surangika,ODIs,97,88,1363,18.930555555555557,NA,0,3,2006,2019
PJ te Beest,ODIs,64,62,1361,22.311475409836067,NA,2,4,1990,2008
GWHM Perera,ODIs,69,64,1350,22.131147540983605,NA,0,4,2014,2026
O Prendergast,ODIs,50,48,1330,31.666666666666668,NA,1,6,2021,2026
Kycia A Knight,ODIs,87,80,1327,17.460526315789473,NA,0,2,2011,2022
LK Newton,ODIs,73,68,1324,20.6875,NA,0,9,1997,2007
BA Daniels,ODIs,55,53,1309,27.270833333333332,NA,1,7,1993,2000
CMG Atkins,ODIs,58,49,1291,30.023255813953487,NA,1,6,2001,2010
CMA Shillington,ODIs,90,79,1276,17.72222222222222,NA,0,6,1997,2017
JE Duffin,ODIs,50,43,1265,37.205882352941174,NA,0,9,2009,2015
SIR Dunkley,ODIs,51,47,1261,28.65909090909091,NA,2,7,2021,2026
M Terblanche,ODIs,61,59,1256,23.69811320754717,NA,1,5,1997,2008
JB Nero,ODIs,76,72,1243,18.279411764705884,NA,1,4,2003,2013
J Goswami,ODIs,204,121,1228,14.619047619047619,NA,0,1,2002,2022
NND Silva,ODIs,63,55,1224,29.142857142857142,NA,0,4,2015,2026
LE Kaushalya,ODIs,89,86,1219,15.628205128205128,NA,0,5,2005,2017
CM Beggs,ODIs,61,59,1217,24.836734693877553,NA,0,7,1995,2008
RM Ghosh,ODIs,54,52,1208,28.761904761904763,NA,0,7,2021,2026
KT Perkins,ODIs,73,57,1198,27.227272727272727,NA,0,4,2012,2020
Pratika Rawal,ODIs,27,26,1189,47.56,NA,2,8,2024,2026
L Winfield-Hill,ODIs,55,55,1186,23.254901960784313,NA,1,3,2013,2022
N Payne,ODIs,65,64,1178,20.666666666666668,NA,0,4,1988,2003
CNIM Joyce,ODIs,57,54,1172,23.44,NA,0,3,2001,2018
JM Fields,ODIs,67,50,1162,28.341463414634145,NA,0,5,2006,2013
DA Annetts,ODIs,43,39,1126,41.7037037037037,NA,1,8,1985,1993
ZJ Goss,ODIs,65,47,1099,29.7027027027027,NA,0,7,1987,2000
K Sciver-Brunt,ODIs,141,82,1090,18.166666666666668,NA,0,2,2005,2022
CJ Connor,ODIs,93,77,1087,16.46969696969697,NA,0,5,1995,2005
PRCS Kumarihami,ODIs,75,73,1083,15.471428571428572,NA,0,3,2004,2018
CA Hodges,ODIs,47,39,1073,32.515151515151516,NA,2,3,1982,1993
H Deol,ODIs,38,35,1064,32.24242424242424,NA,1,4,2019,2026
A Sutherland,ODIs,52,36,1062,40.84615384615385,NA,3,4,2020,2026
N de Klerk,ODIs,64,55,1058,24.6046511627907,NA,0,3,2017,2026
LA Reeler,ODIs,23,23,1034,57.44444444444444,NA,2,8,1984,1988
LJ Poulton,ODIs,48,45,1033,25.195121951219512,NA,2,4,2006,2012
M Jones,ODIs,61,54,1028,21.416666666666668,NA,0,4,1997,2005
H Kala,ODIs,78,59,1023,20.877551020408163,NA,0,3,1999,2008
WHD Fernando,ODIs,60,59,1015,21.145833333333332,NA,0,3,1997,2010
J Smit,ODIs,109,81,1003,17.910714285714285,NA,0,4,1993,2007
SF Daley,ODIs,70,62,1001,19.627450980392158,NA,0,3,2008,2017
IMHC Joyce,ODIs,79,64,995,17.155172413793103,NA,0,4,1999,2018
J Broadbent,ODIs,60,43,993,28.37142857142857,NA,0,6,1990,2000
KV Jain,ODIs,44,40,987,29.029411764705884,NA,1,9,2004,2014
PM Weerakkody,ODIs,57,57,987,17.625,NA,0,2,2011,2024
Rumana Ahmed,ODIs,50,47,963,22.928571428571427,NA,0,5,2011,2022
R Dhar,ODIs,78,60,961,19.612244897959183,NA,0,6,2003,2012
L Goodall,ODIs,58,52,961,20.4468085106383,NA,0,3,2016,2026
SA Fritz,ODIs,59,51,959,21.31111111111111,NA,0,5,2003,2014
CN Nation,ODIs,68,61,951,17.29090909090909,NA,0,1,2008,2024
CA Henry,ODIs,66,59,940,18.076923076923077,NA,0,4,2014,2026
A Steyn,ODIs,39,38,938,26.8,NA,1,6,2014,2022
RMVD Gunaratne,ODIs,37,36,927,27.264705882352942,NA,2,3,2022,2026
A Sharma,ODIs,116,73,926,16.836363636363636,NA,0,1,2002,2014
Asmavia Iqbal,ODIs,92,81,922,15.89655172413793,NA,0,0,2005,2017
K Smithies,ODIs,69,51,921,23.615384615384617,NA,1,1,1986,2000
BJ Haggett,ODIs,37,34,913,30.433333333333334,NA,0,6,1986,1993
WK Dilhari,ODIs,47,41,900,27.272727272727273,NA,0,3,2018,2026
CA Salomons,ODIs,51,48,894,20.318181818181817,NA,0,5,1995,2011
HC Plimmer,ODIs,37,35,886,25.314285714285713,NA,1,5,1989,1997
SACA King,ODIs,75,64,885,15,NA,0,1,2008,2019
LDVV Silva,ODIs,42,42,884,21.047619047619047,NA,0,6,2000,2010
TM McGrath,ODIs,61,43,882,25.941176470588236,NA,0,5,2016,2026
J Clark,ODIs,31,31,875,29.166666666666668,NA,0,7,1985,1992
Sajjida Shah,ODIs,60,59,863,15.981481481481481,NA,0,1,2000,2009
Fatima Sana,ODIs,64,54,855,19,NA,0,5,2019,2026
MP Moore,ODIs,37,37,854,25.11764705882353,NA,1,3,1987,1996
Kyshona A Knight,ODIs,51,48,851,21.275,NA,0,1,2013,2022
J Logtenberg,ODIs,26,26,848,38.54545454545455,NA,2,5,2003,2007
L Olivier,ODIs,28,28,838,34.916666666666664,NA,1,7,1997,2000
CR Seneviratna,ODIs,80,70,832,14.857142857142858,NA,0,1,1997,2013
V Krishnamurthy,ODIs,48,41,829,25.90625,NA,0,8,2011,2018
MDT Kamini,ODIs,39,37,825,25.78125,NA,2,3,2006,2017
DL Thomas,ODIs,24,22,821,45.611111111111114,NA,1,3,1973,1982
D Emerson,ODIs,21,21,820,41,NA,0,8,1982,1987
Omaima Sohail,ODIs,47,43,799,21.594594594594593,NA,0,3,2018,2025
M Mupachikwa,ODIs,33,33,798,24.9375,NA,0,5,2021,2026
J Kennare,ODIs,19,19,789,46.411764705882355,NA,2,3,1982,1987
Ayesha Zafar,ODIs,41,39,779,21.63888888888889,NA,0,5,2015,2026
WA Watson,ODIs,23,22,768,48,NA,1,5,1987,1993
Sadaf Shamas,ODIs,26,25,761,31.708333333333332,NA,1,5,2022,2026
A Dercksen,ODIs,24,22,751,35.76190476190476,NA,1,5,2024,2026
Shafali Verma,ODIs,32,32,745,24.032258064516128,NA,0,5,2021,2026
KL Pulford,ODIs,46,40,743,18.575,NA,0,3,1999,2010
SJ Tsukigawa,ODIs,42,39,730,22.12121212121212,NA,0,2,2006,2009
ME Bouchier,ODIs,23,19,729,42.88235294117647,NA,2,3,2023,2026
HW Rambaldo,ODIs,46,46,723,15.717391304347826,NA,0,1,1998,2011
SS Weerakkody,ODIs,89,79,722,12.666666666666666,NA,0,0,2006,2018
KE Flavell,ODIs,38,33,719,29.958333333333332,NA,0,2,1988,1996
N Chantham,ODIs,17,17,716,42.11764705882353,NA,1,7,2022,2026
KM Leng,ODIs,56,50,711,15.8,NA,0,1,1995,2003
AM Linehan,ODIs,60,52,699,14.26530612244898,NA,0,3,1989,2008
LA Marsh,ODIs,103,61,682,13.918367346938776,NA,0,1,2006,2019
CS Mugeri-Tiripano,ODIs,24,24,676,30.727272727272727,NA,0,5,2023,2026
LR Doolan,ODIs,40,36,674,21.741935483870968,NA,0,1,2008,2013
MAJ Goszko,ODIs,34,31,669,25.73076923076923,NA,0,1,1997,2006
YH Bhatia,ODIs,28,27,666,24.666666666666668,NA,0,4,2021,2024
CL Fitzpatrick,ODIs,109,58,651,16.692307692307693,NA,0,0,1993,2007
R Heyhoe-Flint,ODIs,23,20,643,58.45454545454545,NA,1,4,1973,1982
Ritu Moni,ODIs,57,45,641,17.324324324324323,NA,0,1,2012,2026
BYA Mendis,ODIs,33,33,635,19.242424242424242,NA,0,3,2011,2019
KJ Garth,ODIs,66,45,624,18.352941176470587,NA,0,2,2010,2026
NJ Turner,ODIs,28,26,624,26,NA,1,2,1982,1991
NAJ George,ODIs,41,40,622,16.81081081081081,NA,0,1,2003,2008
NA Williams,ODIs,30,30,620,25.833333333333332,NA,0,3,2003,2005
EL Lamb,ODIs,29,24,618,25.75,NA,1,4,2022,2026
C Kaul,ODIs,31,29,616,23.692307692307693,NA,0,3,1993,2000
JL Jonassen,ODIs,93,49,610,19.0625,NA,0,0,2012,2023
SP de Alwis,ODIs,49,47,604,14.380952380952381,NA,0,1,2005,2011
EJ Villani,ODIs,34,30,603,21.535714285714285,NA,0,3,2014,2019
JN Nkomo,ODIs,21,21,601,42.92857142857143,NA,0,6,2021,2026
AL Hodgkinson,ODIs,38,37,598,18.12121212121212,NA,0,2,2000,2012
KE Bryce,ODIs,10,10,594,66,NA,1,6,2023,2025
CJ Watmough,ODIs,28,25,593,29.65,NA,0,4,1973,1985
IC Gaze,ODIs,39,31,590,24.583333333333332,NA,0,3,2022,2026
BL Morgan,ODIs,72,50,590,13.409090909090908,NA,0,1,1999,2011
MAA Sanjeewani,ODIs,54,46,586,14.65,NA,0,1,2014,2026
P Vastrakar,ODIs,33,28,585,25.434782608695652,NA,0,4,2018,2024
GE Plimmer,ODIs,37,29,583,20.821428571428573,NA,1,0,2022,2026
HM Watson,ODIs,66,48,580,15.263157894736842,NA,1,0,1999,2008
AA Alleyne,ODIs,58,47,576,16,NA,0,0,2019,2026
SJ Rattray,ODIs,30,29,576,27.428571428571427,NA,0,3,1973,1985
B Cooper,ODIs,49,42,575,16.428571428571427,NA,0,1,2009,2021
S Naik,ODIs,46,41,574,15.513513513513514,NA,0,2,2002,2013
Kiran Baluch,ODIs,40,40,570,14.25,NA,0,1,1997,2004
CM O'Leary,ODIs,37,36,570,18.387096774193548,NA,0,1,1996,2003
S Agarwal,ODIs,21,21,567,31.5,NA,0,4,1984,1995
A Capsey,ODIs,39,30,566,21.76923076923077,NA,0,1,2022,2026
A Mohammed,ODIs,141,91,566,9.278688524590164,NA,0,0,2003,2022
CE Dean,ODIs,59,36,560,23.333333333333332,NA,0,0,2021,2026
LDV Ratnayake,ODIs,22,22,558,26.571428571428573,NA,0,3,1997,2003
AE Smith,ODIs,37,30,557,20.62962962962963,NA,0,1,2003,2009
S Mostary,ODIs,33,29,556,26.476190476190474,NA,0,3,2018,2026
G Voll,ODIs,13,13,549,49.90909090909091,NA,2,2,2024,2026
PY Lavine,ODIs,24,24,548,27.4,NA,0,3,2005,2010
MDN Hansika,ODIs,34,34,544,16.484848484848484,NA,0,1,2013,2018
MA Koster,ODIs,46,42,539,15.4,NA,0,1,1995,2007
Murshida Khatun,ODIs,32,30,535,19.814814814814813,NA,0,3,2018,2025
BL Calver,ODIs,34,21,534,53.4,NA,0,3,1991,1998
SJ Metcalfe,ODIs,36,28,534,24.272727272727273,NA,0,1,1985,1998
ASS Fletcher,ODIs,101,72,531,10.411764705882353,NA,0,0,2008,2026
SA Tredrea,ODIs,31,22,528,27.789473684210527,NA,0,4,1973,1988
KT Ndhlovu,ODIs,25,25,526,22.869565217391305,NA,0,4,2023,2026
KA Ramel,ODIs,47,37,519,17.3,NA,0,0,1997,2002
P Rau,ODIs,33,27,516,21.5,NA,0,2,1993,2000
S Pandey,ODIs,55,34,512,20.48,NA,0,2,2014,2021
R Buckstein,ODIs,16,14,511,42.583333333333336,NA,2,1,1986,1988
Urooj Mumtaz,ODIs,38,37,502,14.342857142857143,NA,0,1,2004,2009
E Bakewell,ODIs,23,17,500,35.714285714285715,NA,2,2,1973,1982
A Bosch,ODIs,30,27,500,20.833333333333332,NA,0,3,2016,2026
ADH Abeysinghe,ODIs,31,30,499,22.681818181818183,NA,0,4,2000,2006
MJ Bulow,ODIs,19,19,499,26.263157894736842,NA,0,6,2003,2007
S Goatman,ODIs,21,21,498,26.210526315789473,NA,0,3,1973,1982
AM Smith,ODIs,19,18,497,33.13333333333333,NA,0,3,1999,2002
Sidra Nawaz,ODIs,81,60,495,10.3125,NA,0,0,2014,2025
AB Murray,ODIs,21,21,491,24.55,NA,0,3,1987,1990
Salma Khatun,ODIs,46,40,491,14.441176470588236,NA,0,1,2011,2022
BL Bevege,ODIs,16,16,488,32.53333333333333,NA,1,3,1973,1982
LR Down,ODIs,35,31,486,16.75862068965517,NA,0,3,2018,2024
Q Joseph,ODIs,31,27,486,19.44,NA,0,3,2017,2026
RS Williams,ODIs,36,34,485,15.15625,NA,0,2,2021,2024
Batool Fatima,ODIs,83,67,483,8.625,NA,0,0,2001,2014
SL Quintyne,ODIs,40,33,482,17.85185185185185,NA,0,0,2011,2016
MV Waldron,ODIs,56,44,481,13,NA,0,0,2010,2023
SA Owens,ODIs,24,24,479,20.82608695652174,NA,0,3,1987,1993
KA Blackwell,ODIs,41,34,475,19,NA,0,2,2004,2008
N Chaiwai,ODIs,17,17,475,33.92857142857143,NA,0,5,2022,2026
HMD Rasangika,ODIs,31,30,473,18.192307692307693,NA,0,2,2008,2014
S Ismail,ODIs,127,62,472,10.26086956521739,NA,0,0,2007,2022
R Stokell,ODIs,29,28,468,20.347826086956523,NA,0,3,2017,2026
FC Wilson,ODIs,33,23,468,22.285714285714285,NA,0,2,2010,2021
EAJ Richardson,ODIs,34,33,466,15.533333333333333,NA,0,1,2005,2023
Lata Mondal,ODIs,35,30,463,17.14814814814815,NA,0,1,2011,2023
J Powell,ODIs,24,21,463,33.07142857142857,NA,0,2,1984,1990
R Malhotra,ODIs,41,33,462,21,NA,0,1,2003,2013
KV Gunn,ODIs,45,34,461,18.44,NA,0,1,1985,1993
B Biza,ODIs,18,18,457,26.88235294117647,NA,0,3,2024,2026
ICP Jagersma,ODIs,34,27,453,19.695652173913043,NA,0,2,1984,1990
S Jafta,ODIs,55,38,452,15.586206896551724,NA,0,1,2016,2026
MA Lear,ODIs,21,20,451,28.1875,NA,0,3,1973,1982
AS Tanke,ODIs,39,38,451,12.527777777777779,NA,0,1,1997,2010
Qanita Jalil,ODIs,66,59,449,8.803921568627452,NA,0,1,2005,2015
PD Kinsella,ODIs,20,20,443,26.058823529411764,NA,0,2,1988,1995
K Le Comber,ODIs,15,14,442,44.2,NA,1,2,1996,1997
LMM Tahuhu,ODIs,103,69,442,9.822222222222223,NA,0,0,2011,2025
NY McLean,ODIs,33,31,441,14.7,NA,0,2,2012,2022
TL Anderson,ODIs,26,25,440,17.6,NA,0,2,1993,1997
C O'Neill,ODIs,41,31,438,16.846153846153847,NA,0,0,1993,2003
VM Felicien,ODIs,36,28,436,17.44,NA,0,0,1997,2005
Marina Iqbal,ODIs,36,32,436,15.03448275862069,NA,0,1,2009,2017
CE Eksteen,ODIs,36,30,435,16.11111111111111,NA,0,1,1997,2004
HA Davies,ODIs,25,23,432,18.782608695652176,NA,0,1,1997,2000
SK Dolawatte,ODIs,53,41,431,12.314285714285715,NA,0,1,2002,2013
AR Ndiraya,ODIs,18,18,430,26.875,NA,0,1,2021,2024
S Ecclestone,ODIs,84,56,426,10.65,NA,0,0,2016,2026
LA Larsen,ODIs,49,28,426,20.285714285714285,NA,0,2,1984,1994
AN Kelly,ODIs,39,34,424,14.620689655172415,NA,0,0,2022,2026
S Rana,ODIs,45,31,424,17.666666666666668,NA,0,1,2014,2026
JM Chamberlain,ODIs,39,29,422,20.095238095238095,NA,0,0,1987,1995
Gull Feroza,ODIs,10,10,422,46.888888888888886,NA,2,2,2025,2026
LJ Murdoch,ODIs,25,22,417,21.94736842105263,NA,0,1,1982,1990
B de Leede,ODIs,15,15,416,27.733333333333334,NA,0,4,2022,2026
SJ Elliott,ODIs,22,16,416,32,NA,0,4,2005,2010
SM Benade,ODIs,29,29,414,15.333333333333334,NA,0,1,2005,2013
AA Deshpande,ODIs,23,23,414,18.818181818181817,NA,0,0,2008,2014
G Banerji,ODIs,26,26,409,15.73076923076923,NA,0,2,1978,1986
S Forbes,ODIs,24,24,408,17,NA,0,2,2022,2026
LK Ebsary,ODIs,19,17,402,28.714285714285715,NA,0,2,2008,2010
Fahima Khatun,ODIs,55,41,401,12.151515151515152,NA,0,0,2013,2026
JM Court,ODIs,27,21,397,23.352941176470587,NA,0,1,1973,1987
SE Reamsbottom,ODIs,19,19,395,20.789473684210527,NA,0,1,1987,1993
Shaiza Khan,ODIs,40,39,391,11.17142857142857,NA,0,0,1997,2004
GA Elwiss,ODIs,36,24,388,20.42105263157895,NA,0,2,2011,2019
J Jonsson,ODIs,32,32,388,12.933333333333334,NA,0,1,1989,1999
MK Fruin,ODIs,23,23,385,20.263157894736842,NA,0,1,1992,1997
KA Laing,ODIs,23,22,385,21.38888888888889,NA,0,3,1997,2002
MA Reynard,ODIs,54,38,384,13.241379310344827,NA,0,0,1995,2002
EJCLRC Rainford-Brent,ODIs,22,19,377,23.5625,NA,0,2,2001,2010
J Southgate,ODIs,17,13,372,28.615384615384617,NA,0,3,1976,1985
SJ Bryce,ODIs,11,11,368,36.8,NA,0,3,2023,2026
JM Kerr,ODIs,54,40,367,11.46875,NA,0,0,2020,2026
OU Ranasinghe,ODIs,41,33,367,13.107142857142858,NA,0,1,2011,2024
JC Price,ODIs,84,37,365,15.869565217391305,NA,0,0,1996,2005
D Hazell,ODIs,53,26,361,17.19047619047619,NA,0,0,2009,2018
M Maben,ODIs,40,30,359,17.95,NA,0,1,1993,2004
EA Osborne,ODIs,60,33,359,22.4375,NA,0,0,2009,2016
E Owens,ODIs,35,34,358,11.548387096774194,NA,0,0,1987,1995
Diana Baig,ODIs,75,53,356,9.128205128205128,NA,0,0,2015,2026
NJ Shaw,ODIs,70,43,353,9.54054054054054,NA,0,0,1999,2010
MR Meshram,ODIs,26,21,352,18.526315789473685,NA,0,3,2012,2019
HM Rowe,ODIs,60,36,352,12.571428571428571,NA,0,1,2015,2025
KM Keenan,ODIs,54,36,348,12.88888888888889,NA,0,1,1995,2000
S Kulkarni,ODIs,27,26,347,13.346153846153847,NA,0,0,1978,1986
SRH Curtis,ODIs,20,18,346,23.066666666666666,NA,0,2,2014,2017
JR Dunning,ODIs,22,21,346,20.352941176470587,NA,0,1,1984,1988
KADA Kanchana,ODIs,34,33,345,12.777777777777779,NA,0,0,2014,2024
SL Illingworth,ODIs,37,29,342,15.545454545454545,NA,0,1,1988,1996
Nazia Nazir,ODIs,30,29,342,11.793103448275861,NA,0,0,1997,2004
G Wareham,ODIs,52,21,342,26.307692307692307,NA,0,0,2018,2026
M Musonda,ODIs,16,16,336,22.4,NA,1,1,2021,2024
K Read,ODIs,20,18,336,21,NA,0,1,1982,1986
P Roy,ODIs,27,22,333,16.65,NA,0,1,2008,2011
Shamima Sultana,ODIs,17,16,333,20.8125,NA,0,2,2014,2023
JA Whelan,ODIs,29,24,332,16.6,NA,0,0,2004,2011
Zehmarad Afzal,ODIs,23,23,332,14.434782608695652,NA,0,0,2000,2004
Ayasha Rahman,ODIs,20,19,329,17.31578947368421,NA,0,2,2011,2018
P Siaka,ODIs,15,15,325,23.214285714285715,NA,0,2,2024,2026
A van Noortwijk,ODIs,27,25,324,14.08695652173913,NA,0,1,1989,1997
SA Paranjpe,ODIs,28,25,322,15.333333333333334,NA,0,1,2002,2007
PF McKelvey,ODIs,21,20,320,21.333333333333332,NA,0,1,1973,1982
Natalia Pervaiz,ODIs,21,18,320,22.857142857142858,NA,0,1,2018,2026
FL Mackay,ODIs,30,24,313,16.473684210526315,NA,0,0,2011,2022
Najiha Alvi,ODIs,18,16,313,28.454545454545453,NA,0,1,2023,2026
SJ Griffiths,ODIs,32,21,309,18.176470588235293,NA,0,0,1985,1995
H Karunaratne,ODIs,23,21,309,15.45,NA,0,1,2016,2026
S Loubser,ODIs,60,33,306,12.75,NA,0,0,2007,2014
A Kirkire,ODIs,30,23,304,19,NA,1,1,2000,2005
M Sumra,ODIs,14,12,304,27.636363636363637,NA,0,3,2004,2006
N Koncharoenkai,ODIs,14,14,303,23.307692307692307,NA,0,1,2022,2026
CE Taylor,ODIs,105,56,303,8.657142857142857,NA,0,0,1988,2005
RA Birch,ODIs,37,24,301,15.05,NA,0,0,2003,2008
E Janss,ODIs,21,21,301,15.842105263157896,NA,0,0,1989,1997
A van Lier,ODIs,16,16,300,18.75,NA,0,0,1984,1993
P Verco,ODIs,20,17,300,20,NA,0,2,1978,1985
LM Kasperek,ODIs,39,25,299,17.58823529411765,NA,1,0,2015,2021
Shorna Akter,ODIs,28,24,298,15.68421052631579,NA,0,1,2023,2026
K Mikkelsen,ODIs,20,19,297,17.470588235294116,NA,0,0,1993,1999
HNK Jensen,ODIs,35,27,296,11.84,NA,0,1,2014,2022
M Frost,ODIs,23,22,295,14.047619047619047,NA,0,1,1990,1999
AM King,ODIs,53,22,295,18.4375,NA,0,1,2022,2026
S Shah,ODIs,13,12,293,24.416666666666668,NA,0,1,1978,1986
ME Nijman,ODIs,21,21,292,15.368421052631579,NA,0,0,2005,2011
L Tshuma,ODIs,24,24,292,13.272727272727273,NA,1,0,2021,2026
B Bezuidenhout,ODIs,20,16,291,19.4,NA,0,1,2014,2024
V Bowen,ODIs,13,12,291,32.333333333333336,NA,0,2,1997,1999
NH Squire,ODIs,37,31,291,10.777777777777779,NA,0,0,1991,2001
D Dhingra,ODIs,9,9,289,32.111111111111114,NA,0,2,2024,2025
CS Terblanche,ODIs,21,18,289,22.23076923076923,NA,0,1,2003,2009
KN Young,ODIs,19,17,289,17,NA,1,0,2000,2003
Tasqeen Qadeer,ODIs,19,19,288,16,NA,0,0,2005,2008
S Rangaswamy,ODIs,19,19,287,15.105263157894736,NA,0,1,1982,1986
SJ Coyte,ODIs,30,18,286,22,NA,0,1,2011,2016
A Rawat,ODIs,20,9,286,40.857142857142854,NA,0,3,2005,2008
A Shrubsole,ODIs,86,40,285,10.555555555555555,NA,0,0,2008,2022
DA Lewis,ODIs,42,29,279,12.681818181818182,NA,0,0,2003,2009
AM Peterson,ODIs,32,21,279,16.41176470588235,NA,0,0,2012,2019
SV Collyer,ODIs,25,21,277,16.294117647058822,NA,0,0,1998,2003
S Horley,ODIs,5,5,276,69,NA,1,2,2024,2024
D Maybury,ODIs,27,18,275,17.1875,NA,0,1,1988,1995
VG Neilsen,ODIs,26,26,275,11,NA,0,0,1989,1999
DJ Reid,ODIs,29,25,275,13.75,NA,0,1,1997,2002
T Ruma,ODIs,12,12,275,25,NA,0,2,2024,2026
Sana Javed,ODIs,20,19,275,14.473684210526315,NA,0,0,2005,2008
PS Punia,ODIs,12,11,273,27.3,NA,0,2,2019,2024
J Glasgow,ODIs,21,17,272,18.133333333333333,NA,0,2,2025,2026
KL Cross,ODIs,76,34,271,12.318181818181818,NA,0,0,2013,2025
A Pendharker,ODIs,19,19,268,16.75,NA,0,0,1982,1985
LA Hunter,ODIs,24,18,267,16.6875,NA,0,0,1985,1996
NJ Carey,ODIs,28,14,266,38,NA,0,0,2018,2026
CP Jack,ODIs,20,19,264,14.666666666666666,NA,0,1,2005,2010
S Gupta,ODIs,20,19,263,20.23076923076923,NA,0,1,1984,1993
DEM Carter,ODIs,12,12,262,23.818181818181817,NA,0,1,2023,2026
AA Burger,ODIs,18,16,259,19.923076923076923,NA,0,1,1997,2000
PB Flannery,ODIs,17,17,258,17.2,NA,0,0,2000,2004
RMAU Grimmond,ODIs,11,11,258,23.454545454545453,NA,0,3,2025,2026
F Khalili,ODIs,13,13,258,19.846153846153847,NA,0,1,1978,1982
OJ Magno,ODIs,44,25,258,15.176470588235293,NA,0,0,1995,2001
AB Kaur,ODIs,17,17,257,21.416666666666668,NA,0,1,2023,2026
R Rijke,ODIs,14,14,256,18.285714285714285,NA,0,2,2022,2026
SARC Silva,ODIs,22,20,256,14.222222222222221,NA,0,1,1997,2000
T Christiansen,ODIs,26,25,253,10.541666666666666,NA,0,0,1989,1997
Nahida Akter,ODIs,63,45,253,7.90625,NA,0,0,2015,2026
RJ Pullar,ODIs,51,32,253,12.047619047619047,NA,0,0,1997,2005
B Tau,ODIs,16,15,252,16.8,NA,0,1,2024,2026
CA James,ODIs,11,11,250,31.25,NA,0,2,1993,1997
FG Kemp,ODIs,11,10,249,27.666666666666668,NA,0,1,2022,2026
P Molkenboer,ODIs,8,8,249,31.125,NA,1,1,2023,2026
SC Selman,ODIs,100,47,249,10.375,NA,0,0,2008,2022
SI Heywood,ODIs,14,11,243,24.3,NA,0,3,1986,1991
M McColl,ODIs,13,12,242,20.166666666666668,NA,0,1,2023,2026
J Hayes,ODIs,59,30,241,14.176470588235293,NA,0,0,2000,2006
SI Galagedara,ODIs,40,35,239,7.029411764705882,NA,0,1,2002,2012
KDU Prabodhani,ODIs,73,50,238,6.8,NA,0,0,2009,2025
Iram Javed,ODIs,22,20,237,11.85,NA,0,0,2013,2023
RC Milburn,ODIs,15,14,237,18.23076923076923,NA,0,1,2000,2007
PA Chatterji,ODIs,14,14,236,16.857142857142858,NA,0,1,2023,2025
E Lanser,ODIs,14,14,236,18.153846153846153,NA,0,1,2010,2011
JM Jacobs,ODIs,13,13,235,21.363636363636363,NA,0,0,1982,1984
LP Browne,ODIs,8,8,232,33.142857142857146,NA,0,1,1973,1979
S Harikrishna,ODIs,22,17,231,17.76923076923077,NA,0,0,1995,2000
Zaida James,ODIs,30,24,231,10.043478260869565,NA,0,0,2023,2026
KM Brown,ODIs,43,23,230,12.777777777777779,NA,0,0,1985,1993
CT Dhururu,ODIs,23,21,230,12.777777777777779,NA,0,0,2021,2026
K Fraser,ODIs,12,11,229,28.625,NA,0,1,2024,2026
BMSM Kumari,ODIs,51,37,229,9.541666666666666,NA,0,0,2015,2026
CA Bambury,ODIs,15,11,227,22.7,NA,0,2,1997,2000
A Minny,ODIs,14,12,227,20.636363636363637,NA,0,2,2007,2008
NC Dodd,ODIs,18,17,224,13.176470588235293,NA,0,1,2010,2021
F Overdijk,ODIs,14,13,224,20.363636363636363,NA,0,0,2022,2026
MJ Jennings,ODIs,12,9,221,31.571428571428573,NA,0,1,1973,1978
I Ranaweera,ODIs,95,57,221,7.892857142857143,NA,0,0,2012,2026
RJ Kendall,ODIs,15,15,220,15.714285714285714,NA,0,0,1982,1987
MEMO Scott-Hayward,ODIs,26,24,219,9.521739130434783,NA,0,0,2008,2014
Theertha Satish,ODIs,8,8,219,31.285714285714285,NA,0,1,2025,2025
A McKenna,ODIs,14,13,214,16.46153846153846,NA,0,0,1984,1987
A Lister,ODIs,9,9,213,23.666666666666668,NA,0,0,2023,2025
DF Edulji,ODIs,34,30,211,8.791666666666666,NA,0,0,1978,1993
N Vare,ODIs,15,15,210,14,NA,0,0,2024,2026
C Sutthiruang,ODIs,17,15,209,14.928571428571429,NA,0,0,2022,2026
CE Coulter Reilly,ODIs,10,10,207,23,NA,0,1,2024,2025
J Howard,ODIs,21,21,207,9.857142857142858,NA,0,1,1990,1999
R Thompson,ODIs,23,13,207,25.875,NA,0,1,1973,1985
SM Kavanagh,ODIs,27,20,206,10.842105263157896,NA,0,0,2011,2022
CR Pagydyala,ODIs,3,3,206,206,NA,1,1,2024,2025
KJ Indika,ODIs,17,15,205,14.642857142857142,NA,0,1,2000,2004
A Kuylaars,ODIs,23,18,205,17.083333333333332,NA,0,2,1997,2000
AG Browne,ODIs,11,11,204,20.4,NA,0,1,1993,1997
EC Perry,ODIs,17,13,201,22.333333333333332,NA,0,1,2010,2017
S Sriharsha,ODIs,7,7,200,50,NA,0,1,2024,2024
SM Mayers,ODIs,15,14,199,14.214285714285714,NA,0,0,2021,2026
S Viljoen,ODIs,17,14,198,16.5,NA,0,1,2000,2002
LJ Harper,ODIs,25,18,197,15.153846153846153,NA,0,0,1999,2005
SA Young,ODIs,36,32,196,8.909090909090908,NA,0,0,1990,2001
N Gwanzura,ODIs,16,15,195,15,NA,0,0,2021,2026
CM Nicholson,ODIs,35,22,195,16.25,NA,0,1,1995,2000
N Jogalekar,ODIs,20,20,193,11.352941176470589,NA,0,0,1978,1985
BH McNeill,ODIs,23,18,193,19.3,NA,0,1,2004,2009
S Verma,ODIs,43,24,193,9.65,NA,0,0,2014,2021
L Phiri,ODIs,14,12,188,23.5,NA,0,1,2021,2025
EM Bermingham,ODIs,34,21,187,11.6875,NA,0,0,2010,2017
Sharmeen Khan,ODIs,26,25,187,7.791666666666667,NA,0,0,1997,2002
Jahanara Alam,ODIs,52,36,185,7.4,NA,0,0,2011,2023
S Hill,ODIs,14,12,184,20.444444444444443,NA,0,1,1978,1982
SJ Power,ODIs,34,22,183,8.318181818181818,NA,0,0,1993,2005
PC Dawson,ODIs,4,4,182,91,NA,0,2,1984,1984
RM Farrell,ODIs,44,20,182,18.2,NA,0,0,2007,2017
KE Ebrahim,ODIs,31,25,181,10.647058823529411,NA,0,0,2010,2018
NJ Coffey,ODIs,19,16,180,11.25,NA,0,0,2003,2008
HL Colvin,ODIs,72,27,180,13.846153846153847,NA,0,0,2006,2013
D Devnarain,ODIs,29,21,180,10.588235294117647,NA,0,0,2008,2016
I Dulfer-Keijzer,ODIs,20,20,180,11.25,NA,0,0,1988,1993
DP Vaidya,ODIs,12,9,179,25.571428571428573,NA,0,1,2016,2023
VCE Wattenberg,ODIs,19,19,179,9.421052631578947,NA,0,0,2007,2011
VJ Lind,ODIs,8,8,178,22.25,NA,0,1,2010,2010
N Sibanda,ODIs,27,20,178,12.714285714285714,NA,0,0,2021,2026
WRP Fernando,ODIs,37,22,176,10.352941176470589,NA,0,0,1997,2009
DS Christiansen,ODIs,21,21,175,8.75,NA,0,0,1991,1997
Sanjida Islam,ODIs,16,15,174,11.6,NA,0,0,2014,2019
SC de Silva,ODIs,18,13,173,15.727272727272727,NA,0,0,2003,2005
V Latty-Scott,ODIs,6,6,173,28.833333333333332,NA,0,2,1973,1979
CO Taitt,ODIs,16,14,173,13.307692307692308,NA,0,0,2008,2010
P Thomas,ODIs,26,17,173,15.727272727272727,NA,0,0,2003,2005
EA Badham,ODIs,19,14,172,14.333333333333334,NA,0,1,1973,1982
E Bisht,ODIs,63,36,172,8.19047619047619,NA,0,0,2011,2022
AN Davidson-Richards,ODIs,10,8,169,33.8,NA,0,2,2018,2025
S Gajnabi,ODIs,28,24,169,7.681818181818182,NA,0,0,2019,2025
S Jimmy,ODIs,12,12,169,14.083333333333334,NA,0,1,2024,2026
VL Burtt,ODIs,9,8,168,21,NA,0,0,1978,1982
M Klaas,ODIs,88,46,168,6,NA,0,0,2010,2026
I Schoof,ODIs,15,15,168,11.2,NA,0,0,1984,1991
S Neilsen,ODIs,32,26,167,7.9523809523809526,NA,0,0,1989,1999
J Potter,ODIs,6,5,167,83.5,NA,0,2,1973,1973
N Boochatham,ODIs,13,12,165,13.75,NA,0,0,2022,2025
CFF Oudolf,ODIs,36,32,165,5.689655172413793,NA,0,0,1995,2009
Rabeya Khan,ODIs,33,23,165,8.68421052631579,NA,0,0,2022,2026
C van der Westhuizen,ODIs,33,23,165,10.3125,NA,0,0,2003,2009
A Khaka,ODIs,121,56,164,5.290322580645161,NA,0,0,2012,2026
MEC de Fouw,ODIs,35,32,163,6.791666666666667,NA,0,0,1991,2008
K Ramharack,ODIs,54,35,163,7.761904761904762,NA,0,0,2019,2026
N Shangase,ODIs,22,13,163,13.583333333333334,NA,0,1,2019,2026
Rabia Khan,ODIs,13,13,162,12.461538461538462,NA,0,0,2001,2002
A Vaidya,ODIs,6,6,162,27,NA,0,1,1995,1995
P Maya,ODIs,17,16,161,11.5,NA,0,0,2022,2026
BM Browne,ODIs,8,8,158,19.75,NA,0,0,1973,1979
GA Davies,ODIs,5,5,157,31.4,NA,0,2,1973,1973
TA McGregor,ODIs,26,11,157,52.333333333333336,NA,0,0,1999,2002
Sarmin Sultana,ODIs,16,16,157,9.8125,NA,0,0,2017,2026
TD Smartt,ODIs,57,36,157,6.038461538461538,NA,0,0,2009,2018
S Dabir,ODIs,19,17,156,11.142857142857142,NA,0,0,1993,1997
AM Dodd,ODIs,31,20,155,17.22222222222222,NA,0,0,2002,2006
RJ Kember,ODIs,10,10,155,15.5,NA,0,1,2006,2008
A Kolan,ODIs,7,7,155,22.142857142857142,NA,0,0,2024,2024
D Holden,ODIs,32,25,154,8.555555555555555,NA,0,0,1999,2004
IJR Zwilling,ODIs,15,15,154,11,NA,0,0,2022,2026
N Al Khadeer,ODIs,78,27,153,8.052631578947368,NA,0,0,2002,2012
DA Stock,ODIs,15,11,153,19.125,NA,0,0,1992,1996
JKC Claxton,ODIs,12,10,152,19,NA,0,0,2025,2026
HJ Thomas,ODIs,16,15,151,10.785714285714286,NA,0,0,2024,2026
K Thomson,ODIs,9,9,150,18.75,NA,0,0,2009,2011
CE Marett,ODIs,14,12,149,14.9,NA,0,0,1973,1982
P Marange,ODIs,14,14,148,12.333333333333334,NA,0,0,2021,2026
ER Oza,ODIs,8,8,148,18.5,NA,0,1,2025,2025
MJ Lutschini,ODIs,16,11,147,24.5,NA,0,1,1976,1982
Rinitha Rajith,ODIs,8,8,147,21,NA,0,1,2025,2025
JC Tedstone,ODIs,38,19,146,18.25,NA,0,0,1979,1992
U Raymond-Hoey,ODIs,11,11,145,14.5,NA,0,0,2016,2025
Rubya Haider,ODIs,7,7,144,24,NA,0,1,2025,2025
L Hill,ODIs,8,6,143,23.833333333333332,NA,1,0,1973,1978
S Molineux,ODIs,19,12,143,14.3,NA,0,0,2018,2026
I Dulani,ODIs,7,6,142,23.666666666666668,NA,0,2,2023,2026
C Matthews,ODIs,47,20,141,9.4,NA,0,0,1984,1995
TS Hasabnis,ODIs,6,6,140,46.666666666666664,NA,0,1,2024,2025
J Gray,ODIs,9,9,140,17.5,NA,0,0,2014,2018
T Bhatia,ODIs,19,11,138,15.333333333333334,NA,0,1,2018,2022
R Dholakia,ODIs,13,13,138,12.545454545454545,NA,0,0,1978,1982
S McLauchlan,ODIs,29,21,137,8.5625,NA,0,0,1992,1997
KS Bhatt,ODIs,22,15,136,12.363636363636363,NA,0,0,1993,1997
Mahewish Khan,ODIs,14,13,136,10.461538461538462,NA,0,1,1998,2001
L Rajadurai,ODIs,8,8,136,17,NA,0,0,2024,2025
Asma Farzand,ODIs,8,8,134,19.142857142857142,NA,0,1,1997,1998
LA Fullston,ODIs,41,19,134,16.75,NA,0,0,1982,1988
Kainat Imtiaz,ODIs,19,13,134,11.166666666666666,NA,0,0,2011,2023
K Anderson,ODIs,8,8,133,16.625,NA,0,0,2001,2003
C Murray,ODIs,42,26,133,8.866666666666667,NA,0,0,2018,2026
Panna Ghosh,ODIs,28,20,133,8.866666666666667,NA,0,0,2011,2019
EA Beamish,ODIs,18,16,131,8.1875,NA,0,0,2003,2010
SS Connell,ODIs,72,42,130,6.842105263157895,NA,0,0,2014,2024
HAM Samuddika,ODIs,23,18,130,10.833333333333334,NA,0,0,2011,2015
B Wilson,ODIs,6,5,130,26,NA,0,1,1973,1973
Nashra Sandhu,ODIs,89,53,128,4.7407407407407405,NA,0,0,2017,2026
D van Deventer,ODIs,18,17,128,10.666666666666666,NA,0,0,2008,2011
G Dempsey,ODIs,23,18,127,14.11111111111111,NA,0,0,2021,2026
CJ Metcalfe,ODIs,53,41,127,4.096774193548387,NA,0,0,1999,2017
Rabiya Shah,ODIs,25,16,127,9.071428571428571,NA,0,0,2011,2017
J Robinson,ODIs,16,16,127,9.76923076923077,NA,0,0,1993,2004
C Thalagalage,ODIs,6,6,126,31.5,NA,0,1,1998,1999
AAD Indralatha,ODIs,23,19,124,6.888888888888889,NA,0,0,1997,2006
APC Kilowan,ODIs,32,16,124,10.333333333333334,NA,0,0,2003,2009
C de Lange,ODIs,14,13,123,13.666666666666666,NA,0,0,2022,2026
D Kooij,ODIs,7,7,123,17.571428571428573,NA,0,1,1999,2003
J Barnard,ODIs,8,8,122,15.25,NA,0,0,2002,2004
S Dharnidharka,ODIs,8,8,122,20.333333333333332,NA,0,0,2025,2025
R Gandhi,ODIs,2,2,122,Inf,NA,1,0,1999,1999
IT Guha,ODIs,83,32,122,8.714285714285714,NA,0,0,2001,2011
H Strydom,ODIs,8,8,122,17.428571428571427,NA,0,0,2000,2004
LG Williams,ODIs,6,6,122,20.333333333333332,NA,0,0,1973,1979
MA Winch,ODIs,7,6,122,24.4,NA,0,1,1999,2000
AI Chudasama,ODIs,9,7,121,20.166666666666668,NA,0,0,2024,2025
HML Madushani,ODIs,13,13,121,10.083333333333334,NA,0,0,2010,2016
MJG Nielsen,ODIs,52,25,121,6.05,NA,0,0,2010,2016
LRF Askew,ODIs,8,5,120,24,NA,0,1,2007,2008
ER Williams,ODIs,21,16,120,10,NA,0,0,1997,2005
LA Coleman,ODIs,24,12,119,14.875,NA,0,0,2004,2009
H Hotchandani,ODIs,4,4,119,29.75,NA,0,0,2025,2025
DK Armstrong,ODIs,20,18,118,6.9411764705882355,NA,0,0,1987,1991
Khursheed Jabeen,ODIs,30,29,117,5.85,NA,0,0,2000,2006
GRC Samanthi,ODIs,15,15,117,9,NA,0,0,2002,2006
G James,ODIs,5,5,116,23.2,NA,0,0,2003,2003
M Smit,ODIs,7,5,116,29,NA,0,1,2025,2025
EN Lynch,ODIs,13,13,115,10.454545454545455,NA,0,0,2022,2024
R Shastri,ODIs,12,9,115,16.428571428571427,NA,0,0,1999,2000
C Smith,ODIs,10,10,115,12.777777777777779,NA,0,0,1989,1991
Armaan Khan,ODIs,12,12,114,10.363636363636363,NA,0,0,2005,2009
ML de Boer,ODIs,14,14,114,8.142857142857142,NA,0,0,1999,2001
S Meghana,ODIs,3,3,114,38,NA,0,1,2022,2022
M Slebsager,ODIs,21,19,114,11.4,NA,0,0,1989,1999
L Spragg,ODIs,13,10,114,11.4,NA,0,0,1999,2004
L Jack,ODIs,8,8,113,16.142857142857142,NA,0,0,2023,2024
M Iversen,ODIs,17,16,112,8,NA,0,0,1993,1999
L Keny,ODIs,8,8,112,14,NA,0,0,2025,2025
OV Anderson,ODIs,5,5,111,37,NA,0,0,2008,2008
R Pasipanodya,ODIs,11,9,111,18.5,NA,0,0,2024,2026
M Schutt,ODIs,111,32,111,6.166666666666667,NA,0,0,2012,2026
Y van der Merwe,ODIs,18,10,111,22.2,NA,0,0,2000,2003
LE Milliken,ODIs,48,18,110,11,NA,0,0,2002,2007
E Akehurst,ODIs,8,8,109,15.571428571428571,NA,0,0,1997,1999
K Price,ODIs,26,17,109,9.083333333333334,NA,0,0,1997,2000
A Canning,ODIs,22,18,108,7.2,NA,0,0,2023,2025
AS Ghosh,ODIs,11,11,108,15.428571428571429,NA,0,0,1984,1986
S MacMahon,ODIs,14,9,108,13.5,NA,0,0,2017,2025
B Viguurs,ODIs,13,13,108,9.818181818181818,NA,0,1,2001,2005
PN Sproul,ODIs,6,5,107,21.4,NA,0,1,2025,2026
E Caesar,ODIs,6,6,106,21.2,NA,0,1,1993,1993
SA Cooper,ODIs,7,6,106,21.2,NA,0,1,2001,2002
SL Kalis,ODIs,5,5,106,21.2,NA,0,1,2022,2023
S Khiaoto,ODIs,5,5,106,21.2,NA,0,1,2023,2025
J Logue,ODIs,19,11,106,11.777777777777779,NA,0,0,1988,1996
BM McDonald,ODIs,57,31,106,4.416666666666667,NA,0,0,1993,2005
CH Rambaldo,ODIs,23,21,106,5.888888888888889,NA,0,0,1997,2001
SJ Kitson,ODIs,23,15,105,9.545454545454545,NA,0,0,1988,1993
K Lowe,ODIs,8,8,105,17.5,NA,0,1,1999,2002
ML Lynch,ODIs,6,6,105,17.5,NA,0,0,2003,2003
HDJ Siegers,ODIs,5,5,105,21,NA,0,0,2022,2023
RP Yadav,ODIs,14,8,105,17.5,NA,0,0,2021,2025
CJ Barrs,ODIs,10,8,104,13,NA,0,0,1988,1990
AJ Kenealy,ODIs,23,19,104,6.117647058823529,NA,0,0,2008,2018
PM Udawatte,ODIs,13,13,104,8.666666666666666,NA,0,0,2005,2006
A Zimunu,ODIs,14,11,104,11.555555555555555,NA,0,0,2024,2026
MD Botha,ODIs,7,7,103,20.6,NA,0,0,2025,2025
KL Britt,ODIs,17,14,103,9.363636363636363,NA,0,0,2003,2008
J Jensen,ODIs,10,10,103,11.444444444444445,NA,0,0,1990,1993
L Little,ODIs,17,15,103,7.923076923076923,NA,0,0,2017,2026
E van Leeuwen,ODIs,17,17,103,14.714285714285714,NA,0,0,1999,2003
SJ Andrews,ODIs,39,15,102,10.2,NA,0,0,2006,2010
HE Whelan,ODIs,39,27,102,5.666666666666667,NA,0,0,1997,2010
J Lord,ODIs,15,13,101,7.769230769230769,NA,0,0,1973,1982
AD Disbury,ODIs,6,6,100,20,NA,0,0,1973,1973
R Kanoh,ODIs,9,8,100,14.285714285714286,NA,0,0,2022,2023
KV Plummer,ODIs,11,10,100,11.11111111111111,NA,0,0,1982,1992
DR Gibson,ODIs,6,5,99,33,NA,0,0,2026,2026
DA Gordon,ODIs,8,7,99,19.8,NA,0,1,1973,1976
E Gregg,ODIs,10,10,99,9.9,NA,0,0,1993,1997
L Hansen,ODIs,10,10,99,12.375,NA,0,0,1989,1991
JE Harris,ODIs,45,24,99,8.25,NA,0,0,1987,1997
WGAKK Kulasuriya,ODIs,31,25,99,5.2105263157894735,NA,0,0,2015,2025
D Hemalatha,ODIs,12,8,97,12.125,NA,0,0,2018,2024
J Calvert,ODIs,6,5,96,24,NA,0,0,1993,1994
DM Marathe,ODIs,59,26,96,7.384615384615385,NA,0,0,1997,2005
Y Potgieter,ODIs,16,13,96,8,NA,0,0,2013,2014
G Sultana,ODIs,50,23,96,10.666666666666666,NA,0,0,2008,2014
H Doriga,ODIs,5,5,95,19,NA,0,0,2025,2026
A Kotze,ODIs,15,12,95,13.571428571428571,NA,0,0,1997,1999
J Maguire,ODIs,29,23,95,5.9375,NA,0,0,2021,2026
J Owens,ODIs,15,11,95,10.555555555555555,NA,0,0,1982,1987
Poonam Yadav,ODIs,58,21,95,7.916666666666667,NA,0,0,2013,2022
LJ Simpson,ODIs,12,11,95,9.5,NA,0,0,1985,1988
FE Fraser,ODIs,5,3,94,94,NA,0,1,2002,2002
G Hullah,ODIs,20,9,94,15.666666666666666,NA,0,0,1973,1982
SD Cowles,ODIs,5,5,93,18.6,NA,0,0,1973,1973
WJ Hills,ODIs,4,4,93,23.25,NA,0,1,1976,1978
AP Shinde,ODIs,5,5,93,23.25,NA,0,1,2002,2002
M Veringmeier,ODIs,15,15,93,6.2,NA,0,0,2008,2011
CM de Groot,ODIs,15,15,92,6.133333333333334,NA,0,0,2007,2011
LM Hoitink,ODIs,14,14,92,6.571428571428571,NA,0,0,1999,2008
R Venugopal,ODIs,9,8,92,13.142857142857142,NA,0,1,1985,1995
AD Janakanthymala,ODIs,27,26,91,3.9565217391304346,NA,0,0,2000,2008
E Veltman,ODIs,19,18,91,6.5,NA,0,0,1988,1993
RE Slater,ODIs,5,4,90,90,NA,0,1,2024,2025
KS Gautam,ODIs,6,5,90,22.5,NA,0,0,2025,2026
EF Rouse,ODIs,3,3,90,30,NA,0,0,1973,1973
EJ Bray,ODIs,8,5,89,17.8,NA,0,0,1973,1978
CS Fraser,ODIs,19,12,89,8.9,NA,0,0,2021,2025
S Tippoch,ODIs,9,9,89,9.88888888888889,NA,0,0,2022,2023
UCKA Dona,ODIs,6,4,88,22,NA,0,1,2025,2025
C Miller,ODIs,10,10,88,8.8,NA,0,0,1982,1982
Rameen Shamim,ODIs,20,10,87,10.875,NA,0,0,2019,2026
M Knee,ODIs,6,5,86,28.666666666666668,NA,0,0,1973,1973
P Mujaji,ODIs,7,7,86,12.285714285714286,NA,0,0,2021,2024
KJ Musson,ODIs,13,10,86,10.75,NA,0,0,1993,1996
S Sivanantham,ODIs,27,16,86,8.6,NA,0,0,1997,2003
I Toua,ODIs,15,14,86,6.615384615384615,NA,0,0,2024,2026
JM Watkin,ODIs,6,5,86,17.2,NA,0,1,2018,2018
V Wesenhagen,ODIs,10,10,86,9.555555555555555,NA,0,0,1988,1990
M Harris,ODIs,12,12,85,9.444444444444445,NA,0,0,1982,1982
Rachel Delaney,ODIs,15,13,85,8.5,NA,0,0,2017,2022
CR Smith,ODIs,48,14,85,14.166666666666666,NA,0,0,2000,2011
VR Vanitha,ODIs,6,6,85,17,NA,0,0,2014,2014
SSD van Zyl,ODIs,18,10,85,10.625,NA,0,0,1999,2004
R Dey,ODIs,6,5,84,16.8,NA,0,0,1984,1995
F Tunnicliffe,ODIs,6,5,84,21,NA,0,0,2019,2026
K White,ODIs,8,8,84,10.5,NA,0,0,2001,2003
EMTP Ekanayake,ODIs,43,27,83,5.533333333333333,NA,0,0,1997,2005
L Hamilton,ODIs,9,8,83,13.833333333333334,NA,0,0,1982,1982
KR Perera,ODIs,19,15,83,8.3,NA,0,0,1997,2002
GC Bhogle,ODIs,6,6,82,13.666666666666666,NA,0,0,2024,2024
DGK Small,ODIs,12,10,82,11.714285714285714,NA,0,0,2008,2010
A Tector,ODIs,8,8,82,10.25,NA,0,0,2024,2026
D Francis,ODIs,17,12,81,7.363636363636363,NA,0,0,2003,2004
K Frank,ODIs,9,9,81,10.125,NA,0,0,2024,2026
J Grewcock,ODIs,5,5,81,16.2,NA,0,0,2026,2026
FS King,ODIs,15,10,81,11.571428571428571,NA,0,0,2002,2003
Sadia Butt,ODIs,24,23,81,5.0625,NA,0,0,1997,2004
Shaila Sharmin,ODIs,9,8,81,13.5,NA,0,0,2013,2017
V Farrell,ODIs,5,3,80,40,NA,0,1,1973,1978
Y Geddes-Hall,ODIs,7,7,80,20,NA,0,0,1973,1979
K McDonald,ODIs,6,6,80,13.333333333333334,NA,0,0,1991,1992
NA Moodley,ODIs,9,8,80,10,NA,0,1,2013,2015
NM Williams,ODIs,19,13,80,7.2727272727272725,NA,0,0,1985,1992
UG Budd,ODIs,8,7,79,13.166666666666666,NA,0,0,2003,2005
EC Claridge,ODIs,5,5,79,19.75,NA,0,0,2024,2024
SS Grimmond,ODIs,9,7,79,13.166666666666666,NA,0,0,2019,2022
MF Kendal,ODIs,6,5,79,19.75,NA,0,0,2016,2017
DM Kimmince,ODIs,16,4,79,79,NA,0,0,2008,2019
BJ Legg,ODIs,18,13,79,7.9,NA,0,0,1987,1990
MH Peters,ODIs,16,12,79,11.285714285714286,NA,0,0,1973,1982
EA Signal,ODIs,19,12,79,11.285714285714286,NA,0,0,1984,1988
A Aitken-Drummond,ODIs,8,8,78,9.75,NA,0,0,2024,2025
HJ Armitage,ODIs,3,3,78,26,NA,0,0,2024,2024
J Demmin,ODIs,6,6,78,19.5,NA,0,0,1973,1973
R Godbole,ODIs,4,4,78,26,NA,0,0,1984,1985
S Laomi,ODIs,15,12,78,7.8,NA,0,0,2022,2026
R Margrate,ODIs,23,15,78,7.090909090909091,NA,0,0,1995,2000
Nazia Sadiq,ODIs,9,8,78,9.75,NA,0,0,1997,2009
LI Spence,ODIs,6,6,78,13,NA,0,0,2001,2003
E Bogle,ODIs,5,5,77,15.4,NA,0,0,1973,1973
T Putthawong,ODIs,17,13,77,8.555555555555555,NA,0,0,2022,2026
KA Tomlinson,ODIs,4,4,77,19.25,NA,0,0,2011,2011
J Herbison,ODIs,25,15,75,6.818181818181818,NA,0,0,1990,1997
B Langerhuus,ODIs,6,6,75,15,NA,0,0,1989,1990
LN McCarthy,ODIs,28,22,75,4.6875,NA,0,0,2010,2017
JM Saulbrey,ODIs,5,5,75,37.5,NA,0,0,1973,1973
Vaishnave Mahesh,ODIs,7,6,75,15,NA,0,0,2025,2025
V Araa,ODIs,9,8,74,10.571428571428571,NA,0,0,2024,2024
N David,ODIs,97,30,74,4.933333333333334,NA,0,0,1995,2008
ELT de Lange,ODIs,15,15,74,6.7272727272727275,NA,0,0,2005,2011
A Mazvishaya,ODIs,18,12,74,9.25,NA,0,0,2021,2026
C Verheul,ODIs,10,10,74,9.25,NA,0,0,1999,2002
SK Burke,ODIs,36,18,73,8.11111111111111,NA,0,0,2003,2008
E Fairweather,ODIs,7,6,73,12.166666666666666,NA,0,0,1973,1979
LM Prichard,ODIs,5,4,73,18.25,NA,0,1,1973,1973
R Scott,ODIs,4,4,73,24.333333333333332,NA,0,1,1993,1997
L Smith,ODIs,6,6,73,14.6,NA,0,0,1973,1973
RS Vandort,ODIs,7,7,73,10.428571428571429,NA,0,0,2013,2018
DM Braat,ODIs,19,18,72,5.538461538461538,NA,0,0,2006,2011
D Caird,ODIs,4,4,72,24,NA,0,0,1984,1984
D Gunaratne,ODIs,2,2,72,72,NA,0,1,1998,1998
J Sterling,ODIs,7,7,72,10.285714285714286,NA,0,0,1993,1993
LC Pearson,ODIs,62,32,71,3.0869565217391304,NA,0,0,1998,2005
B van Teunenbroek,ODIs,10,10,71,7.1,NA,0,0,1982,1989
KN Alexander,ODIs,20,14,70,6.363636363636363,NA,0,0,2005,2010
N Niranjana,ODIs,22,12,70,8.75,NA,0,0,2008,2016
R Stoop,ODIs,4,4,70,23.333333333333332,NA,0,0,1997,1997
K van Rijn,ODIs,9,9,70,10,NA,0,0,1989,1991
CA Campbell,ODIs,85,30,69,4.6,NA,0,0,1988,2000
C Grevers,ODIs,13,12,69,6.2727272727272725,NA,0,0,1984,1990
V Kalpana,ODIs,8,8,69,9.857142857142858,NA,0,0,1986,1993
J Walsh,ODIs,14,14,69,5.75,NA,0,0,1988,1993
SL Clarke,ODIs,6,5,68,22.666666666666668,NA,0,1,2001,2002
H Dinnissen,ODIs,8,8,68,8.5,NA,0,0,1988,1991
W Gerritsen,ODIs,7,7,68,22.666666666666668,NA,0,0,1993,1995
S Glenn,ODIs,19,7,68,17,NA,0,0,2019,2025
MM Letsoalo,ODIs,68,23,68,6.181818181818182,NA,0,0,2007,2017
GCP Sugathadasa,ODIs,8,7,68,9.714285714285714,NA,0,0,1999,2000
AS van Beuge,ODIs,7,7,68,9.714285714285714,NA,0,0,2022,2024
L Vernout,ODIs,8,8,68,8.5,NA,0,0,1984,1988
HR Huddleston,ODIs,36,18,67,6.090909090909091,NA,0,0,2014,2020
SJ MacLean,ODIs,6,6,67,11.166666666666666,NA,0,0,2001,2003
IG Sharp,ODIs,9,5,67,13.4,NA,0,0,2026,2026
G Kodali,ODIs,9,5,66,16.5,NA,0,0,2024,2025
CL Mason,ODIs,46,16,66,6,NA,0,0,1997,2001
D Palshikar,ODIs,15,9,66,13.2,NA,0,0,2006,2008
J Tredrea,ODIs,5,5,66,16.5,NA,0,0,1976,1978
KM Wilkins,ODIs,3,3,66,22,NA,0,0,1999,1999
JE Edney,ODIs,6,6,65,13,NA,0,0,1984,1985
J Joseph,ODIs,6,6,65,13,NA,0,0,1973,1973
GE McConway,ODIs,23,15,65,5,NA,0,0,1982,1987
JD Doull,ODIs,5,5,64,12.8,NA,0,0,1973,1973
APS Lakshika,ODIs,10,9,64,8,NA,0,0,2006,2015
Maliha Hussain,ODIs,8,8,64,8,NA,0,0,1997,1997
Marufa Akter,ODIs,35,20,64,8,NA,0,0,2022,2026
D Tucker,ODIs,10,6,64,16,NA,0,0,2022,2024
T van der Gun,ODIs,7,7,64,10.666666666666666,NA,0,0,2000,2000
V Bhagat,ODIs,11,11,63,7.875,NA,0,0,1982,1982
C Chatonzwa,ODIs,11,9,63,7,NA,0,0,2021,2026
KH Liyanarachchi,ODIs,16,13,63,4.846153846153846,NA,0,0,1997,2000
N Mlaba,ODIs,54,25,63,4.2,NA,0,0,2021,2026
Nuzhat Tasnia,ODIs,13,10,63,9,NA,0,0,2012,2021
D Vihanga,ODIs,12,8,63,7.875,NA,0,0,2025,2026
C Atkins,ODIs,11,8,62,10.333333333333334,NA,0,0,2003,2004
S Ellis,ODIs,5,5,62,12.4,NA,0,0,1973,1973
JK Lumsden,ODIs,5,5,62,12.4,NA,0,0,1976,1978
JM Dannatt,ODIs,10,5,61,15.25,NA,0,0,1997,1999
M Kanojia,ODIs,7,4,61,15.25,NA,0,0,2003,2012
EMA McLeod,ODIs,6,4,61,15.25,NA,0,0,2025,2026
M Gregersen,ODIs,18,17,60,3.5294117647058822,NA,0,0,1990,1999
G Smith,ODIs,8,8,60,8.571428571428571,NA,0,0,1988,1988
J Stephenson,ODIs,9,4,60,15,NA,0,0,1973,1976
Syeda Aroob Shah,ODIs,13,6,60,15,NA,0,0,2019,2026
AS Taai,ODIs,13,8,60,12,NA,0,0,2005,2010
SH Brown,ODIs,18,9,59,11.8,NA,0,0,1982,1986
CC Dalton,ODIs,4,4,59,14.75,NA,0,0,2016,2016
BAM Heath,ODIs,4,4,59,19.666666666666668,NA,0,0,2023,2024
TG Norris,ODIs,5,3,59,29.5,NA,0,0,2024,2024
A Ramsay,ODIs,7,7,59,9.833333333333334,NA,0,0,2001,2003
PJ Scholfield,ODIs,3,3,59,19.666666666666668,NA,0,0,2024,2024
SD Seawright,ODIs,7,4,59,14.75,NA,0,0,1995,1996
LK Bell,ODIs,34,13,58,8.285714285714286,NA,0,0,2022,2026
JL Godman,ODIs,7,7,58,9.666666666666666,NA,0,0,1991,1993
S Potter,ODIs,8,8,58,9.666666666666666,NA,0,0,1984,1987
S Rath,ODIs,3,3,58,29,NA,0,0,2013,2013
A Reddy,ODIs,11,7,58,9.666666666666666,NA,0,0,2024,2025
LC Boylan,ODIs,4,4,57,19,NA,0,0,2011,2017
TMM Newton,ODIs,10,7,57,9.5,NA,0,0,2016,2017
R Heggs,ODIs,9,7,56,8,NA,0,0,1973,1978
Maryam Butt,ODIs,12,11,56,8,NA,0,0,2003,2006
J Pashley,ODIs,10,9,56,7,NA,0,0,2006,2008
TS Sekhukhune,ODIs,38,12,56,8,NA,0,0,2018,2026
CA Singh,ODIs,7,7,56,9.333333333333334,NA,0,0,1993,1993
G Leahy,ODIs,11,11,55,5.5,NA,0,0,1997,2001
GP Tom,ODIs,10,9,55,7.857142857142857,NA,0,0,2024,2025
EL Watson,ODIs,10,9,55,6.875,NA,0,0,2023,2026
Almas Akram,ODIs,12,10,54,6,NA,0,0,2008,2009
M Mani,ODIs,3,2,54,54,NA,0,0,2024,2025
B Solozano-Rodney,ODIs,6,6,54,9,NA,0,0,1997,2003
JA Turner,ODIs,30,14,54,4.5,NA,0,0,1988,1994
P Alfred,ODIs,4,4,53,13.25,NA,0,0,2003,2003
A Battenberg-Venturini,ODIs,24,19,53,3.7857142857142856,NA,0,0,1988,1995
DT Christensen,ODIs,11,11,53,6.625,NA,0,0,1995,1999
PA Crain,ODIs,4,3,53,17.666666666666668,NA,0,0,1973,1973
M Faisal,ODIs,4,4,53,13.25,NA,0,0,2023,2026
E Marx,ODIs,9,4,53,53,NA,0,0,2023,2025
B Nicholson,ODIs,6,4,53,17.666666666666668,NA,0,0,1996,1999
J Philipsen,ODIs,9,9,53,5.888888888888889,NA,0,0,1995,1997
LCN Smith,ODIs,12,6,53,26.5,NA,0,0,2025,2025
LC Broadfoot,ODIs,10,6,52,10.4,NA,0,0,2000,2005
Soniya Dabir,ODIs,4,3,52,26,NA,0,0,2010,2011
A Dalzell,ODIs,10,6,52,17.333333333333332,NA,0,0,2022,2026
DP David,ODIs,15,11,52,4.7272727272727275,NA,0,0,2004,2012
SW Dawson,ODIs,24,13,52,7.428571428571429,NA,0,0,1993,2000
IR James,ODIs,2,2,51,25.5,NA,0,0,2024,2024
O Kamchomphu,ODIs,16,13,51,5.666666666666667,NA,0,0,2022,2026
K Reyneke,ODIs,2,2,51,Inf,NA,0,0,2026,2026
M Wilks,ODIs,9,7,51,7.285714285714286,NA,0,0,1973,1978
MC Godliman,ODIs,11,8,50,7.142857142857143,NA,0,0,2002,2003
S Khurana,ODIs,2,2,50,25,NA,0,0,2026,2026
KE Pike,ODIs,26,10,50,8.333333333333334,NA,0,0,2005,2008
S Pillay,ODIs,12,10,50,6.25,NA,0,0,2004,2005
WAC Wickramasinghe,ODIs,8,4,50,16.666666666666668,NA,0,0,2008,2010
L Cooke,ODIs,3,3,49,16.333333333333332,NA,0,0,1986,1986
SB Cunneen,ODIs,4,3,49,16.333333333333332,NA,0,0,2004,2004
S Kottman,ODIs,32,22,49,4.9,NA,0,0,1991,2003
Pooja Ganesh,ODIs,3,3,49,24.5,NA,0,0,2024,2025
CD Sharp,ODIs,9,8,49,7,NA,0,0,1997,2000
Sumaiya Siddiqi,ODIs,19,12,49,5.444444444444445,NA,0,0,2007,2015
Tuba Hassan,ODIs,4,4,49,16.333333333333332,NA,0,0,2023,2024
A Fellows,ODIs,3,3,48,24,NA,0,0,1984,1984
PM Inglis,ODIs,6,3,48,48,NA,0,0,2025,2026
SEA Ruck,ODIs,27,12,48,12,NA,0,0,2010,2013
Sadia Iqbal,ODIs,39,21,48,4,NA,0,0,2019,2026
N Tanwar,ODIs,5,5,47,9.4,NA,0,0,2011,2011
RA Mair,ODIs,31,18,46,4.181818181818182,NA,0,0,2019,2026
DL Ford,ODIs,3,2,46,23,NA,0,0,1988,1988
G Gill,ODIs,2,2,46,23,NA,0,0,1979,1979
JL Hall,ODIs,11,11,46,4.181818181818182,NA,0,0,1982,1982
K Meso,ODIs,9,6,46,9.2,NA,0,0,2025,2025
J Sammy,ODIs,5,5,46,9.2,NA,0,0,1973,1979
SZ Thakor,ODIs,10,6,46,7.666666666666667,NA,0,0,2024,2025
M de Ridder,ODIs,3,3,45,Inf,NA,0,0,2024,2024
VSC Maxwell,ODIs,7,7,45,6.428571428571429,NA,0,0,2001,2003
Umm-e-Hani,ODIs,18,13,45,3.4615384615384617,NA,0,0,2022,2026
IM Vaghela,ODIs,6,5,45,9,NA,0,0,2024,2024
S Braganza,ODIs,20,11,44,6.285714285714286,NA,0,0,1982,1993
K Gaud,ODIs,17,9,44,8.8,NA,0,0,2025,2026
HHC Gunaratne,ODIs,15,13,44,8.8,NA,0,0,2012,2017
Khadija Tul Kubra,ODIs,31,17,44,5.5,NA,0,0,2011,2021
LK O'Reilly,ODIs,14,12,44,4.4,NA,0,0,2013,2017
A Elder,ODIs,4,2,43,Inf,NA,0,0,1990,1990
Y Fourie,ODIs,15,8,43,8.6,NA,0,0,2014,2017
AK Maguire,ODIs,16,11,43,7.166666666666667,NA,0,0,2023,2026
EPN Allan,ODIs,7,6,42,8.4,NA,0,0,1973,1978
R Boyce,ODIs,6,6,42,7,NA,0,0,2017,2021
NE Farrant,ODIs,6,4,42,14,NA,0,0,2013,2022
C Jacobson,ODIs,6,5,42,8.4,NA,0,0,1973,1973
D Luke,ODIs,8,8,42,5.25,NA,0,0,1993,1997
S Pandit,ODIs,3,3,42,14,NA,0,0,1978,1978
Sultana Khatun,ODIs,19,11,42,5.25,NA,0,0,2023,2026
I Cronin-Knight,ODIs,3,3,41,13.666666666666666,NA,0,0,2008,2008
L Laursen,ODIs,3,3,41,13.666666666666666,NA,0,0,1989,1989
PA Lovell,ODIs,10,6,41,6.833333333333333,NA,0,0,1987,1988
RJ Steele,ODIs,32,12,41,6.833333333333333,NA,0,0,2003,2005
FE Urquhart,ODIs,8,8,41,5.857142857142857,NA,0,0,2001,2003
L Bhattacharj,ODIs,15,12,40,4.444444444444445,NA,0,0,1978,1982
JC Brehaut,ODIs,3,3,40,20,NA,0,0,2011,2011
BA Brentnall,ODIs,5,3,40,13.333333333333334,NA,0,0,1973,1973
M Daniels,ODIs,33,12,40,10,NA,0,0,2010,2017
I Goordial-John,ODIs,10,6,40,10,NA,0,0,2003,2005
LAGL Kirby,ODIs,4,4,40,20,NA,0,0,2008,2008
M Needham,ODIs,9,9,40,4.444444444444445,NA,0,0,1993,1997
K Oala,ODIs,4,4,40,10,NA,0,0,2025,2026
Y van der Westhuizen,ODIs,8,7,40,5.714285714285714,NA,0,0,2009,2012
P Whittaker,ODIs,1,1,40,Inf,NA,0,0,1979,1979
JA Franklin,ODIs,4,2,39,19.5,NA,0,0,1998,1998
L McIntosh,ODIs,5,5,39,7.8,NA,0,0,1973,1973
AM Maqsood,ODIs,15,10,39,5.571428571428571,NA,0,0,2023,2026
MM Papworth,ODIs,3,3,39,13,NA,0,0,1990,1990
K Price,ODIs,16,11,39,4.333333333333333,NA,0,0,1976,1986
JLW Smythe,ODIs,7,6,39,6.5,NA,0,0,2005,2006
HA Wardlaw,ODIs,7,5,39,9.75,NA,0,0,2002,2004
LM Albon,ODIs,4,4,38,12.666666666666666,NA,0,0,1982,1982
TS Granger,ODIs,3,3,38,12.666666666666666,NA,0,0,2021,2021
T Juhasz,ODIs,5,4,38,12.666666666666666,NA,0,0,1991,1992
RP Singh,ODIs,6,4,38,9.5,NA,0,0,2024,2025
F Chipare,ODIs,12,11,37,4.625,NA,0,0,2021,2026
L Maritz,ODIs,5,5,37,7.4,NA,0,0,2017,2018
Sadia Yousuf,ODIs,59,31,37,2.466666666666667,NA,0,0,2008,2017
E Mbofana,ODIs,8,6,36,9,NA,0,0,2021,2021
FA Sargent,ODIs,16,7,36,9,NA,0,0,2023,2025
A Das,ODIs,11,6,35,11.666666666666666,NA,0,0,2012,2013
Deebah Sherazi,ODIs,9,8,35,5,NA,0,0,1997,2000
GE Greaves,ODIs,9,9,35,3.888888888888889,NA,0,0,2003,2009
RA Hardiman,ODIs,9,7,35,5.833333333333333,NA,0,0,1987,1991
O Kirsten,ODIs,9,5,35,11.666666666666666,NA,0,0,2016,2017
J van Vliet,ODIs,4,4,35,8.75,NA,0,0,2022,2022
MK Villiers,ODIs,6,4,35,8.75,NA,0,0,2024,2026
DL Wilson,ODIs,11,7,35,17.5,NA,0,0,1985,1991
KM Beams,ODIs,30,9,34,6.8,NA,0,0,2014,2017
S Chaturongrattana,ODIs,8,7,34,6.8,NA,0,0,2025,2026
JE Cruwys,ODIs,7,3,34,34,NA,0,0,1973,1976
EL Donnison,ODIs,3,3,34,11.333333333333334,NA,0,0,1999,1999
SA Hodges,ODIs,26,4,34,Inf,NA,0,0,1973,1982
H Kjaer,ODIs,16,13,34,3.4,NA,0,0,1990,1997
L Mabhero,ODIs,14,8,34,6.8,NA,0,0,2024,2026
M Mavunga,ODIs,8,8,34,5.666666666666667,NA,0,0,2024,2026
Anam Amin,ODIs,34,20,33,3.3,NA,0,0,2014,2022
Ayesha Naseem,ODIs,4,4,33,8.25,NA,0,0,2021,2023
E Emmanual,ODIs,5,5,33,8.25,NA,0,0,1973,1973
J Gough,ODIs,1,1,33,33,NA,0,0,1973,1973
Meghna Singh,ODIs,17,8,33,11,NA,0,0,2021,2023
A Munisar,ODIs,13,6,33,6.6,NA,0,0,2023,2026
O Bell,ODIs,6,5,32,10.666666666666666,NA,0,0,2023,2024
WA Chandrawathi,ODIs,5,5,32,8,NA,0,0,2005,2006
ELC Flanagan,ODIs,9,8,32,4,NA,0,0,2011,2014
J Hawker,ODIs,7,7,32,5.333333333333333,NA,0,0,1999,2002
Al Maseera Jahangir,ODIs,3,3,31,10.333333333333334,NA,0,0,2025,2025
L Brouwers,ODIs,12,9,31,5.166666666666667,NA,0,0,2010,2011
LM Fraser,ODIs,13,7,31,5.166666666666667,NA,0,0,1982,1987
Javeria Rauf,ODIs,4,4,31,15.5,NA,0,0,2013,2014
DL Loman,ODIs,11,10,31,5.166666666666667,NA,0,0,1984,1991
M Mangru,ODIs,6,4,31,7.75,NA,0,0,2022,2025
U Nikam,ODIs,2,2,31,15.5,NA,0,0,1978,1978
L Nye,ODIs,21,8,31,31,NA,0,0,1988,1992
S Redfern,ODIs,15,3,31,15.5,NA,0,0,1995,1999
K Saunders,ODIs,13,7,31,7.75,NA,0,0,1988,1991
A Suwanchonrathi,ODIs,4,4,31,7.75,NA,0,0,2025,2026
L Burnley,ODIs,1,1,30,30,NA,0,0,1990,1990
Jannatul Ferdus,ODIs,7,5,30,6,NA,0,0,2018,2025
B Leephatthana,ODIs,4,3,30,10,NA,0,0,2022,2023
S Bray,ODIs,34,18,29,2.6363636363636362,NA,0,0,1987,1996
TN Gunaratne,ODIs,13,11,29,4.833333333333333,NA,0,0,1997,2005
Kaushini Nuthyangana,ODIs,6,4,29,7.25,NA,0,0,2026,2026
GDMO Bloemen,ODIs,4,4,28,7,NA,0,0,2022,2022
HM Dewdney,ODIs,6,4,28,9.333333333333334,NA,0,0,1973,1978
AJ Fahey,ODIs,40,6,28,9.333333333333334,NA,0,0,1997,2001
SIP Fernando,ODIs,16,12,28,4,NA,0,0,2016,2025
KADC Lakmalee,ODIs,10,5,28,5.6,NA,0,0,1998,2000
SR McIntyre,ODIs,6,6,28,7,NA,0,0,2001,2003
M Tekah,ODIs,6,6,28,4.666666666666667,NA,0,0,1973,1973
I van der Elst,ODIs,7,7,28,5.6,NA,0,0,1982,1982
M Brock,ODIs,8,6,27,6.75,NA,0,0,1997,1998
RH Candy,ODIs,18,11,27,6.75,NA,0,0,2007,2013
S Gokhale,ODIs,4,4,27,13.5,NA,0,0,2025,2025
LM Joyce,ODIs,3,2,27,13.5,NA,0,0,2001,2001
S Kubota,ODIs,5,5,27,5.4,NA,0,0,2003,2003
E Kuribayashi,ODIs,5,5,27,5.4,NA,0,0,2003,2003
L Lindsay,ODIs,2,1,27,27,NA,0,0,1978,1978
T Makusha,ODIs,13,7,27,5.4,NA,0,0,2024,2026
EM Sampson,ODIs,30,8,27,9,NA,0,0,2007,2009
Sania Khan,ODIs,17,12,27,2.7,NA,0,0,2009,2016
AAA Spence,ODIs,8,5,27,6.75,NA,0,0,1996,1997
W Williams,ODIs,6,3,27,13.5,NA,0,0,1973,1973
R Basu,ODIs,6,5,26,13,NA,0,0,1978,1985
MT Herbert,ODIs,15,13,26,3.7142857142857144,NA,0,0,2002,2009
EL Arlott,ODIs,4,2,25,25,NA,0,0,2025,2025
D Lohia,ODIs,7,7,25,5,NA,0,0,2024,2026
M Mehta,ODIs,2,2,25,12.5,NA,0,0,2012,2012
M Moralee,ODIs,3,2,25,Inf,NA,0,0,1991,1991
AM Samaroo,ODIs,3,3,25,8.333333333333334,NA,0,0,2009,2009
HDRS Silva,ODIs,2,2,25,12.5,NA,0,0,2022,2022
CH van Koolwijk,ODIs,4,3,25,8.333333333333334,NA,0,0,2024,2026
M Burke,ODIs,4,1,24,24,NA,0,0,1993,2000
K Dhokarikar,ODIs,8,6,24,4.8,NA,0,0,1995,2000
L Filer,ODIs,23,9,24,3.4285714285714284,NA,0,0,2023,2026
S Hector,ODIs,5,2,24,12,NA,0,0,2019,2026
Ishma Tanjim,ODIs,3,3,24,8,NA,0,0,2025,2025
HWA Landheer,ODIs,12,9,24,3.4285714285714284,NA,0,0,2022,2026
R MacDonald-Gay,ODIs,4,2,24,12,NA,0,0,2024,2026
R Majumder,ODIs,6,4,24,12,NA,0,0,1982,1982
S Singh,ODIs,18,7,24,4,NA,0,0,2000,2002
CH White,ODIs,6,2,24,24,NA,0,0,1982,1982
KV Winks,ODIs,7,5,24,12,NA,0,0,1998,2000
T Bennett,ODIs,3,3,23,11.5,NA,0,0,1990,1990
S Chakraborty,ODIs,14,8,23,11.5,NA,0,0,1978,1984
P Dimri,ODIs,23,5,23,11.5,NA,0,0,2006,2010
M Edwards,ODIs,6,6,23,3.8333333333333335,NA,0,0,1973,1979
L Egging,ODIs,12,9,23,3.8333333333333335,NA,0,0,2005,2008
AJ Green,ODIs,14,8,23,7.666666666666667,NA,0,0,2003,2004
HJ Lloyd,ODIs,5,4,23,5.75,NA,0,0,1999,2003
A Miyazaki,ODIs,4,4,23,5.75,NA,0,0,2003,2003
MAC Molenaar,ODIs,15,8,23,5.75,NA,0,0,2001,2006
K Paropkari,ODIs,3,3,23,7.666666666666667,NA,0,0,1978,1978
T Skoyles,ODIs,5,5,23,7.666666666666667,NA,0,0,1997,1998
KS Anderson,ODIs,6,5,22,7.333333333333333,NA,0,0,2011,2011
KM Brown,ODIs,5,3,22,11,NA,0,0,1973,1979
GM Clancy,ODIs,12,9,22,3.6666666666666665,NA,0,0,1987,1988
C Garlick,ODIs,2,1,22,22,NA,0,0,1973,1973
JL Hunter,ODIs,24,3,22,22,NA,0,0,2010,2014
MB Jude,ODIs,5,3,22,7.333333333333333,NA,0,0,1973,1973
I Leurs,ODIs,4,4,22,5.5,NA,0,0,2002,2005
B McDonald,ODIs,6,3,22,22,NA,0,0,1973,1973
HRA Rainey,ODIs,6,6,22,5.5,NA,0,0,2023,2025
S Shaw,ODIs,5,3,22,7.333333333333333,NA,0,0,1995,1997
N Shree Charani,ODIs,21,8,22,3.6666666666666665,NA,0,0,2025,2026
M Toussaint,ODIs,9,7,22,5.5,NA,0,0,2001,2002
AL Bezuidenhout,ODIs,6,5,21,10.5,NA,0,0,1997,1997
Dilara Akter,ODIs,3,2,21,10.5,NA,0,0,2022,2025
RS Gayakwad,ODIs,64,20,21,2.3333333333333335,NA,0,0,2014,2022
BA Langston,ODIs,4,2,21,21,NA,0,0,2016,2016
R Lupton,ODIs,2,2,21,21,NA,0,0,1995,1995
SA Millanta,ODIs,6,3,21,21,NA,0,0,2011,2012
I Neilsen,ODIs,9,6,21,21,NA,0,0,1997,1999
Renuka Singh,ODIs,29,16,21,2.3333333333333335,NA,0,0,2022,2026
M Schroeder,ODIs,9,7,21,3.5,NA,0,0,1997,1998
W Blunsden,ODIs,8,3,20,20,NA,0,0,1973,1976
SE Charteris,ODIs,5,3,20,10,NA,0,0,2007,2007
P Choudhary,ODIs,5,4,20,20,NA,0,0,1997,1997
R Emannuel,ODIs,3,3,20,6.666666666666667,NA,0,0,1997,1997
L Green,ODIs,5,4,20,10,NA,0,0,1973,1973
LRVS Harford,ODIs,3,3,20,6.666666666666667,NA,0,0,1997,1997
M Joshi,ODIs,14,4,20,6.666666666666667,NA,0,0,2017,2021
L Korkie,ODIs,7,5,20,4,NA,0,0,1997,1999
S Nisansala,ODIs,7,5,20,6.666666666666667,NA,0,0,2022,2025
T Reeves,ODIs,4,4,20,5,NA,0,0,2002,2005
SNL Siegers,ODIs,10,7,20,6.666666666666667,NA,0,0,2022,2026
JM Willathgamuwa,ODIs,4,3,20,6.666666666666667,NA,0,0,2024,2025
D Brown,ODIs,30,5,19,19,NA,0,0,2021,2026
KD Brown,ODIs,14,6,19,6.333333333333333,NA,0,0,1996,1997
SM Gilchrist,ODIs,8,5,19,4.75,NA,0,0,1984,1985
Kelly Ndiraya,ODIs,3,3,19,6.333333333333333,NA,0,0,2026,2026
DM Pratt,ODIs,8,6,19,4.75,NA,0,0,1997,2002
Shabana Kausar,ODIs,3,3,19,6.333333333333333,NA,0,0,1997,1997
S Sridhar,ODIs,6,6,19,3.8,NA,0,0,1982,1986
C Abel,ODIs,9,6,18,3.6,NA,0,0,2024,2025
LFM Cullen,ODIs,6,4,18,6,NA,0,0,2011,2012
E Cunningham,ODIs,5,4,18,4.5,NA,0,0,1993,1993
Mariska Kornet,ODIs,10,10,18,2.5714285714285716,NA,0,0,2010,2011
JW Ogle-Thomas,ODIs,6,5,18,3.6,NA,0,0,2011,2013
S Ravikumar,ODIs,11,5,18,6,NA,0,0,2010,2013
M Saito,ODIs,5,5,18,3.6,NA,0,0,2003,2003
Uzma Gondal,ODIs,17,15,18,1.8,NA,0,0,2000,2002
Piumi Wathsala,ODIs,4,4,18,6,NA,0,0,2025,2025
VN Watts,ODIs,1,1,18,18,NA,0,0,2014,2014
F Cummings,ODIs,14,8,17,4.25,NA,0,0,2003,2005
Y Golland,ODIs,3,3,17,17,NA,0,0,1973,1973
N Kadam,ODIs,2,1,17,17,NA,0,0,1985,1985
Kanwal Naz,ODIs,3,2,17,17,NA,0,0,2010,2010
SDNS Karunaratne,ODIs,2,2,17,8.5,NA,0,0,2013,2013
K Kavindi,ODIs,5,2,17,8.5,NA,0,0,2023,2024
LP Lewis,ODIs,9,4,17,Inf,NA,0,0,1999,2000
M Madara,ODIs,16,7,17,2.8333333333333335,NA,0,0,2025,2026
D Martin,ODIs,17,7,17,4.25,NA,0,0,1982,1987
HIS Mendis,ODIs,3,3,17,5.666666666666667,NA,0,0,2016,2018
JB Olson,ODIs,4,4,17,5.666666666666667,NA,0,0,1973,1973
EM Ryan,ODIs,15,6,17,4.25,NA,0,0,1978,1982
Sukhan Faiz,ODIs,2,2,17,8.5,NA,0,0,2009,2009
Sultana Yesmin,ODIs,6,5,17,3.4,NA,0,0,2011,2013
A Wellington,ODIs,14,8,17,2.8333333333333335,NA,0,0,2016,2022
K Chigora,ODIs,7,6,16,4,NA,0,0,2024,2026
GM Harris,ODIs,12,7,16,2.6666666666666665,NA,0,0,2016,2025
K Kato,ODIs,5,5,16,8,NA,0,0,2003,2003
M Kornet,ODIs,15,13,16,1.3333333333333333,NA,0,0,2001,2009
P May,ODIs,9,4,16,8,NA,0,0,1973,1976
Naila Nazir,ODIs,3,3,16,16,NA,0,0,2009,2009
I Nandakumar,ODIs,3,2,16,Inf,NA,0,0,2025,2025
D Rae,ODIs,4,4,16,4,NA,0,0,1973,1973
V Raffel,ODIs,9,4,16,4,NA,0,0,2004,2006
P Thomsen,ODIs,5,5,16,5.333333333333333,NA,0,0,1993,1993
AH Thomson,ODIs,2,2,16,8,NA,0,0,2022,2024
F Walters,ODIs,2,2,16,8,NA,0,0,2017,2017
Aiman Anwer,ODIs,8,5,15,3.75,NA,0,0,2017,2022
SE Aley,ODIs,1,1,15,Inf,NA,0,0,2017,2017
C Corneliussen,ODIs,2,2,15,7.5,NA,0,0,1989,1989
P Felician,ODIs,5,4,15,15,NA,0,0,1993,1993
CE Henshilwood,ODIs,2,1,15,Inf,NA,0,0,1978,1978
A Hlubi,ODIs,12,6,15,5,NA,0,0,2024,2026
R Mudgel,ODIs,6,4,15,3.75,NA,0,0,1995,1995
J Post,ODIs,3,3,15,5,NA,0,0,2022,2022
D Prins,ODIs,7,7,15,2.142857142857143,NA,0,0,2006,2010
Shahnaz Sohail,ODIs,3,3,15,5,NA,0,0,1997,1997
Shawaal Zulfiqar,ODIs,4,4,15,3.75,NA,0,0,2023,2025
Shumaila Qureshi,ODIs,3,3,15,7.5,NA,0,0,2010,2010
J Stockdale,ODIs,2,2,15,7.5,NA,0,0,1985,1985
N Symmons,ODIs,4,4,15,3.75,NA,0,0,2010,2010
RM van Oosterom,ODIs,4,4,15,3.75,NA,0,0,2022,2023
IECM Wong,ODIs,6,1,15,15,NA,0,0,2022,2026
SL Bow,ODIs,11,4,14,4.666666666666667,NA,0,0,1993,1994
EM Campbell,ODIs,2,2,14,14,NA,0,0,2010,2010
D Davis,ODIs,3,3,14,4.666666666666667,NA,0,0,1973,1973
PS Etienne,ODIs,8,6,14,7,NA,0,0,2010,2012
K Fazackerley,ODIs,9,4,14,7,NA,0,0,1992,1996
K Hadlee,ODIs,1,1,14,14,NA,0,0,1978,1978
H Hansen,ODIs,6,5,14,2.8,NA,0,0,1995,1998
S Itticheria,ODIs,2,2,14,14,NA,0,0,1978,1978
FC Jonas,ODIs,26,11,14,3.5,NA,0,0,2021,2025
J Lloyd,ODIs,2,2,14,7,NA,0,0,1973,1973
AMF McDonald,ODIs,12,7,14,4.666666666666667,NA,0,0,1988,1989
AM McEwen,ODIs,4,4,14,4.666666666666667,NA,0,0,1997,1997
T Macpherson,ODIs,5,1,14,14,NA,0,0,1973,1973
Mariam Hasan,ODIs,3,3,14,4.666666666666667,NA,0,0,2010,2011
M Nanayakkara,ODIs,3,3,14,4.666666666666667,NA,0,0,2025,2025
N Ndzundzu,ODIs,16,6,14,7,NA,0,0,2000,2005
E Noreiga,ODIs,4,4,14,3.5,NA,0,0,1973,1973
EJ Tice,ODIs,15,11,14,1.5555555555555556,NA,0,0,2011,2014
AL Walker,ODIs,3,2,14,14,NA,0,0,2001,2001
L Cheatle,ODIs,4,2,13,13,NA,0,0,2017,2019
E Christensen,ODIs,3,3,13,13,NA,0,0,1998,1999
LJ Clifford,ODIs,5,2,13,Inf,NA,0,0,1973,1973
NK Crafton,ODIs,1,1,13,13,NA,0,0,2024,2024
FR Davies,ODIs,9,5,13,4.333333333333333,NA,0,0,2019,2022
L Francis,ODIs,11,5,13,2.6,NA,0,0,1993,1995
H Jensen,ODIs,5,4,13,3.25,NA,0,0,1990,1991
SA Moffat,ODIs,15,6,13,4.333333333333333,NA,0,0,1987,1992
LD Molins,ODIs,7,5,13,2.6,NA,0,0,1999,2001
Nishita Akter Nishi,ODIs,7,5,13,6.5,NA,0,0,2023,2025
MC Patel,ODIs,2,2,13,6.5,NA,0,0,2021,2021
SN Pradhan,ODIs,6,3,13,13,NA,0,0,2008,2011
GA Smith,ODIs,31,6,13,6.5,NA,0,0,1986,1993
KC Thompson,ODIs,5,2,13,13,NA,0,0,2025,2025
I van der Woning,ODIs,5,5,13,6.5,NA,0,0,2022,2023
Ayesha Akter,ODIs,3,3,12,4,NA,0,0,2012,2013
EJ Carson,ODIs,24,10,12,1.7142857142857142,NA,0,0,2022,2025
MM Dekeling,ODIs,1,1,12,12,NA,0,0,2026,2026
PGN de Silva,ODIs,2,2,12,6,NA,0,0,1997,1997
MGMCP Gunawardene,ODIs,2,2,12,12,NA,0,0,2015,2015
Humera Masroor,ODIs,1,1,12,12,NA,0,0,2006,2006
C McGuiness,ODIs,4,4,12,6,NA,0,0,1988,1989
KGE Oakenfold,ODIs,3,3,12,4,NA,0,0,2001,2001
NH Patel,ODIs,7,2,12,12,NA,0,0,2026,2026
MM Penfold,ODIs,16,9,12,2,NA,0,0,2021,2026
N Scripps,ODIs,7,3,12,Inf,NA,0,0,2003,2005
VS Sexton,ODIs,2,2,12,6,NA,0,0,1978,1978
RJ Signal,ODIs,6,3,12,6,NA,0,0,1984,1985
M Singhal,ODIs,6,4,12,3,NA,0,0,1985,1986
D Cagen,ODIs,3,2,11,Inf,NA,0,0,1993,1993
O Chare,ODIs,8,5,11,2.75,NA,0,0,2024,2026
TS Cordes,ODIs,2,2,11,5.5,NA,0,0,2013,2013
L de Beer,ODIs,11,5,11,3.6666666666666665,NA,0,0,2005,2007
G Fontenla,ODIs,4,2,11,11,NA,0,0,2024,2026
E Gerrits,ODIs,3,3,11,11,NA,0,0,2009,2011
Ghulam Fatima,ODIs,15,8,11,3.6666666666666665,NA,0,0,2017,2023
LP Griffiths,ODIs,5,2,11,11,NA,0,0,2010,2011
Kiran Ahtazaz,ODIs,2,2,11,11,NA,0,0,1997,1997
ML Loman,ODIs,2,1,11,11,NA,0,0,1989,1989
W Napier,ODIs,4,2,11,5.5,NA,0,0,1985,1985
M Phillips,ODIs,2,2,11,11,NA,0,0,1973,1973
M Pilling,ODIs,9,2,11,5.5,NA,0,0,1973,1978
EI Reynolds,ODIs,16,11,11,1.375,NA,0,0,1997,2000
S Sharma,ODIs,10,5,11,2.2,NA,0,0,2012,2014
M Shehani,ODIs,1,1,11,11,NA,0,0,2017,2017
HJ Stother,ODIs,12,7,11,2.2,NA,0,0,1982,1986
Tazia Akhter,ODIs,4,4,11,2.75,NA,0,0,2012,2013
AM Budd,ODIs,4,4,10,5,NA,0,0,2000,2001
C Cooke,ODIs,6,2,10,10,NA,0,0,1989,1990
JE Davis,ODIs,1,1,10,10,NA,0,0,1988,1988
A Hartley,ODIs,28,12,10,10,NA,0,0,2016,2019
MS Kanchingwe,ODIs,1,1,10,10,NA,0,0,2026,2026
FC Leydon-Davis,ODIs,1,1,10,Inf,NA,0,0,2014,2014
SL Pujare,ODIs,8,2,10,5,NA,0,0,2008,2008
L Read,ODIs,7,4,10,5,NA,0,0,1973,1976
Sabahat Rasheed,ODIs,13,7,10,5,NA,0,0,2005,2007
Y Saito,ODIs,3,3,10,3.3333333333333335,NA,0,0,2003,2003
NM Sheikh,ODIs,2,2,10,10,NA,0,0,2023,2024
PM Trohear,ODIs,2,2,10,5,NA,0,0,1987,1987
Vaishnavi Sharma,ODIs,1,1,10,Inf,NA,0,0,2026,2026
D Dedunu,ODIs,4,4,9,Inf,NA,0,0,2005,2006
FDM Devonshire,ODIs,1,1,9,9,NA,0,0,2026,2026
AJ Drummond,ODIs,5,5,9,1.8,NA,0,0,2003,2003
G Farrell,ODIs,5,2,9,Inf,NA,0,0,1973,1973
HL Ferling,ODIs,22,6,9,3,NA,0,0,2013,2016
JK Garey,ODIs,6,4,9,3,NA,0,0,1995,1996
KL George,ODIs,2,1,9,9,NA,0,0,2018,2018
JM Greenwood,ODIs,8,3,9,4.5,NA,0,0,1973,1979
G Ludwig,ODIs,5,5,9,2.25,NA,0,0,1989,1993
G McCall,ODIs,2,2,9,9,NA,0,0,1990,1990
Maham Tariq,ODIs,8,6,9,1.8,NA,0,0,2014,2017
Meher Minwalla,ODIs,11,9,9,1.5,NA,0,0,1997,2001
AC Mol,ODIs,4,4,9,2.25,NA,0,0,2009,2011
SL Munroe,ODIs,23,8,9,4.5,NA,0,0,2010,2014
AM Overhoff,ODIs,1,1,9,9,NA,0,0,2006,2006
RA Rolfe,ODIs,8,7,9,1.2857142857142858,NA,0,0,2011,2014
TR Sadhu,ODIs,8,3,9,3,NA,0,0,2024,2025
Shumaila Mushtaq,ODIs,3,3,9,3,NA,0,0,2005,2006
CM Smith,ODIs,5,1,9,9,NA,0,0,1987,1987
AGC Vimukthi,ODIs,6,3,9,4.5,NA,0,0,2025,2026
RK Chappell,ODIs,2,2,8,4,NA,0,0,2013,2013
M de Boer,ODIs,1,1,8,Inf,NA,0,0,1984,1984
M Flieringa,ODIs,4,2,8,Inf,NA,0,0,1999,1999
JC Hartenhof,ODIs,28,14,8,0.7272727272727273,NA,0,0,1998,2011
J James,ODIs,4,3,8,4,NA,0,0,1973,1973
S Jorgensen,ODIs,2,2,8,4,NA,0,0,1989,1989
MS Kashyap,ODIs,1,1,8,8,NA,0,0,2024,2024
I Koppe-V-Dishoek,ODIs,6,5,8,8,NA,0,0,1988,1988
R Ntozakhe,ODIs,21,7,8,2,NA,0,0,2017,2022
S Redhead,ODIs,3,3,8,2.6666666666666665,NA,0,0,2003,2003
JA Russell,ODIs,5,4,8,2.6666666666666665,NA,0,0,1995,1996
L Shetty,ODIs,2,1,8,8,NA,0,0,2024,2024
A Sobhana,ODIs,2,1,8,Inf,NA,0,0,2024,2024
HL Tau,ODIs,4,3,8,8,NA,0,0,2025,2026
C Ward,ODIs,1,1,8,8,NA,0,0,1994,1994
SA Bonaparte,ODIs,2,2,7,3.5,NA,0,0,1979,1979
S Bose,ODIs,2,1,7,7,NA,0,0,1985,1985
JA Burley,ODIs,2,1,7,7,NA,0,0,1973,1973
PF Carrick,ODIs,3,2,7,7,NA,0,0,1978,1978
N Chaihan,ODIs,3,3,7,3.5,NA,0,0,2026,2026
JC Day,ODIs,6,5,7,7,NA,0,0,2004,2006
IW Jharap,ODIs,12,4,7,3.5,NA,0,0,1999,2001
K Jobling,ODIs,10,5,7,2.3333333333333335,NA,0,0,1982,1987
Juairiya Ferdous,ODIs,2,2,7,3.5,NA,0,0,2026,2026
I Kure,ODIs,6,5,7,1.4,NA,0,0,1993,1993
A McCauley,ODIs,1,1,7,7,NA,0,0,1990,1990
Y Oldfield,ODIs,4,4,7,2.3333333333333335,NA,0,0,1973,1973
SR Patil,ODIs,3,2,7,7,NA,0,0,2023,2024
C Raack,ODIs,5,2,7,7,NA,0,0,2021,2021
J Stockton,ODIs,3,2,7,3.5,NA,0,0,1976,1978
Tasmia Rubab,ODIs,6,2,7,7,NA,0,0,2026,2026
Tithy Sarkar,ODIs,1,1,7,7,NA,0,0,2012,2012
TB Wilson,ODIs,1,1,7,Inf,NA,0,0,2026,2026
JC Carroll,ODIs,8,8,6,1.2,NA,0,0,2007,2009
MA de Regt,ODIs,3,1,6,6,NA,0,0,2003,2003
DGDR Dharmasiri,ODIs,3,3,6,3,NA,0,0,2010,2012
A Fujishiro,ODIs,4,4,6,1.5,NA,0,0,2003,2003
D Hobson,ODIs,7,4,6,2,NA,0,0,1973,1979
M Ishiyama,ODIs,3,3,6,2,NA,0,0,2003,2003
GL Kariyawasam,ODIs,17,6,6,2,NA,0,0,1997,2004
B Mandlik,ODIs,3,3,6,3,NA,0,0,2003,2003
B Meihuizen,ODIs,1,1,6,6,NA,0,0,1984,1984
Miria Raio,ODIs,2,2,6,6,NA,0,0,2025,2025
AK Peters,ODIs,6,5,6,1.2,NA,0,0,2017,2018
C Prasad,ODIs,2,1,6,6,NA,0,0,2025,2025
Priya Mishra,ODIs,9,4,6,3,NA,0,0,2024,2025
Sultana Yousaf,ODIs,3,3,6,3,NA,0,0,1997,1997
SR Thadani,ODIs,1,1,6,6,NA,0,0,2024,2024
E Webber,ODIs,1,1,6,6,NA,0,0,1999,1999
Aisha Jalil,ODIs,3,3,5,1.6666666666666667,NA,0,0,1997,1997
JL Aras,ODIs,3,1,5,Inf,NA,0,0,2024,2024
AK Burrows,ODIs,9,5,5,Inf,NA,0,0,2009,2010
F Campbell,ODIs,4,4,5,1.6666666666666667,NA,0,0,2003,2003
WJGSSI Fernando,ODIs,3,2,5,2.5,NA,0,0,2005,2006
H Hearnden,ODIs,3,2,5,Inf,NA,0,0,1988,1989
I Iimura,ODIs,3,3,5,1.6666666666666667,NA,0,0,2003,2003
SE Kenealy,ODIs,4,3,5,2.5,NA,0,0,2008,2010
Mariam Agha,ODIs,3,3,5,1.6666666666666667,NA,0,0,2004,2004
Mariam Butt,ODIs,5,3,5,5,NA,0,0,2003,2003
RL McCrossan,ODIs,2,1,5,5,NA,0,0,2026,2026
SRM Morris,ODIs,8,1,5,5,NA,0,0,1988,1988
GL Page,ODIs,2,1,5,5,NA,0,0,1973,1973
R Scheepers,ODIs,1,1,5,5,NA,0,0,2000,2000
G Smith,ODIs,4,3,5,2.5,NA,0,0,1997,1997
AM Starling,ODIs,20,6,5,2.5,NA,0,0,1982,1986
A Stears,ODIs,2,1,5,Inf,NA,0,0,1997,1997
SR Theodore,ODIs,1,1,5,5,NA,0,0,1995,1995
C van de Kieft,ODIs,5,3,5,2.5,NA,0,0,2001,2001
MR Corteen-Coleman,ODIs,5,2,4,Inf,NA,0,0,2026,2026
AM Galvin,ODIs,6,5,4,1,NA,0,0,2001,2003
EM Giddings,ODIs,2,2,4,4,NA,0,0,2016,2016
H Graham,ODIs,1,1,4,Inf,NA,0,0,2019,2019
M Grunsing,ODIs,2,1,4,Inf,NA,0,0,1997,1997
SD Gupta,ODIs,1,1,4,4,NA,0,0,2011,2011
Huda Ziad,ODIs,15,10,4,0.8,NA,0,0,2001,2003
S Immadi,ODIs,8,4,4,4,NA,0,0,2024,2025
Y Kainuku,ODIs,2,2,4,2,NA,0,0,1992,1992
RV Kalpana,ODIs,7,3,4,2,NA,0,0,2015,2016
Kaynat Hafeez,ODIs,1,1,4,4,NA,0,0,2019,2019
S Keijzer-Klein,ODIs,1,1,4,4,NA,0,0,1984,1984
A le Breton,ODIs,6,3,4,4,NA,0,0,2013,2013
L Leemhuis,ODIs,1,1,4,Inf,NA,0,0,2026,2026
A McInnis,ODIs,3,3,4,1.3333333333333333,NA,0,0,1973,1973
S Mazumdar,ODIs,1,1,4,4,NA,0,0,1978,1978
LA McBride,ODIs,4,2,4,4,NA,0,0,2025,2026
KL Mortimer,ODIs,1,1,4,Inf,NA,0,0,1976,1976
CL Russell,ODIs,2,1,4,4,NA,0,0,2007,2007
V Sneha Deepthi,ODIs,1,1,4,4,NA,0,0,2013,2013
CJ Sweetman,ODIs,4,4,4,1.3333333333333333,NA,0,0,2001,2003
C van der Flier,ODIs,1,1,4,4,NA,0,0,1984,1984
HL Baker,ODIs,2,1,3,Inf,NA,0,0,2024,2024
HMCM Bandara,ODIs,1,1,3,3,NA,0,0,2008,2008
D Carr,ODIs,2,1,3,3,NA,0,0,1999,1999
RL Grundy,ODIs,7,3,3,3,NA,0,0,2015,2016
N Holt,ODIs,2,2,3,1.5,NA,0,0,1996,1996
P Jonsson,ODIs,4,3,3,3,NA,0,0,1993,1993
BRGN Kumari,ODIs,2,2,3,1.5,NA,0,0,2006,2006
E Liddell,ODIs,33,5,3,1.5,NA,0,0,2002,2005
MG Maceira,ODIs,2,1,3,3,NA,0,0,2026,2026
Z Mali,ODIs,7,3,3,3,NA,0,0,2018,2019
Mariam Anwar,ODIs,7,4,3,3,NA,0,0,2004,2004
Masooma Junaid,ODIs,10,5,3,1.5,NA,0,0,2011,2011
J McKinley,ODIs,1,1,3,3,NA,0,0,2008,2008
C Mutasa,ODIs,3,3,3,1,NA,0,0,2026,2026
Sabeen Rezvi,ODIs,6,5,3,0.75,NA,0,0,2002,2002
SS Sawh,ODIs,1,1,3,3,NA,0,0,2026,2026
G Seetahal,ODIs,3,1,3,3,NA,0,0,2008,2008
Shazia Hassan,ODIs,4,3,3,1,NA,0,0,1997,1998
Sumaiya Akter,ODIs,3,3,3,1,NA,0,0,2024,2025
M Tom,ODIs,4,3,3,3,NA,0,0,2025,2025
K Uchibori,ODIs,5,5,3,0.6,NA,0,0,2003,2003
L Vilsgaard,ODIs,3,1,3,Inf,NA,0,0,1999,1999
BM Anusha,ODIs,1,1,2,2,NA,0,0,2023,2023
LK Bennett,ODIs,5,5,2,1,NA,0,0,2011,2011
K Blair,ODIs,2,1,2,2,NA,0,0,2007,2007
V Buruka,ODIs,9,8,2,0.5,NA,0,0,2024,2026
SA Davies,ODIs,4,1,2,2,NA,0,0,2008,2008
R Dhrub,ODIs,3,1,2,2,NA,0,0,2013,2013
J Esmond,ODIs,3,1,2,Inf,NA,0,0,1985,1985
C Eveleens,ODIs,6,5,2,0.4,NA,0,0,1988,1989
Eyman Fatima,ODIs,3,2,2,2,NA,0,0,2025,2025
AM Fernandes,ODIs,2,1,2,2,NA,0,0,1989,1989
RR Goyal,ODIs,5,2,2,2,NA,0,0,2006,2007
GA Guy,ODIs,7,5,2,2,NA,0,0,2014,2015
BG Illing,ODIs,14,4,2,1,NA,0,0,2025,2026
KM Indrani,ODIs,1,1,2,2,NA,0,0,2004,2004
M Kono,ODIs,4,4,2,0.5,NA,0,0,2003,2003
FJ Leonard,ODIs,1,1,2,2,NA,0,0,1986,1986
RA Lewis,ODIs,2,2,2,1,NA,0,0,2017,2017
KJ McCartney,ODIs,5,3,2,1,NA,0,0,2025,2026
S Melchers,ODIs,5,4,2,0.6666666666666666,NA,0,0,1993,1993
J Moses,ODIs,3,3,2,0.6666666666666666,NA,0,0,1973,1973
VM Mutungwindu,ODIs,2,2,2,1,NA,0,0,2026,2026
SK Naidu,ODIs,4,2,2,1,NA,0,0,2005,2009
Najmunnissa Ismail,ODIs,2,2,2,1,NA,0,0,1997,1997
J Powell,ODIs,1,1,2,2,NA,0,0,1979,1979
C Prathyusha,ODIs,1,1,2,2,NA,0,0,2021,2021
KG Raymont,ODIs,1,1,2,2,NA,0,0,1990,1990
SG Satghare,ODIs,3,1,2,Inf,NA,0,0,2025,2025
Shahanaz Parvin,ODIs,2,2,2,1,NA,0,0,2013,2013
N St Rose,ODIs,6,3,2,2,NA,0,0,1973,1973
U Thimeshani,ODIs,1,1,2,2,NA,0,0,2019,2019
JA Wainwright,ODIs,2,1,2,Inf,NA,0,0,1979,1979
K Zorab,ODIs,5,3,2,0.6666666666666666,NA,0,0,1997,2002
P Alfred,ODIs,1,1,1,Inf,NA,0,0,1979,1979
DA Costello,ODIs,7,2,1,1,NA,0,0,1985,1985
Fariha Trisna,ODIs,8,5,1,0.25,NA,0,0,2021,2025
JA Fryer,ODIs,7,1,1,Inf,NA,0,0,1997,1997
CE Gough,ODIs,3,1,1,1,NA,0,0,2001,2001
B Goyal,ODIs,4,1,1,Inf,NA,0,0,2002,2003
KM Green,ODIs,2,1,1,Inf,NA,0,0,1973,1973
SA Harris,ODIs,2,1,1,Inf,NA,0,0,1978,1978
S Hilliam,ODIs,4,1,1,Inf,NA,0,0,1973,1973
C Hoyte,ODIs,3,3,1,0.5,NA,0,0,2003,2003
KA Knight,ODIs,2,1,1,Inf,NA,0,0,2026,2026
S Kotte,ODIs,5,2,1,0.5,NA,0,0,2025,2025
SLJ Lobatto,ODIs,3,2,1,Inf,NA,0,0,2011,2011
P Lynch,ODIs,4,1,1,Inf,NA,0,0,1973,1973
L McKoy,ODIs,2,1,1,1,NA,0,0,1997,1997
M Madhavan,ODIs,2,1,1,1,NA,0,0,2025,2025
NM Meepage,ODIs,5,2,1,Inf,NA,0,0,2026,2026
Muqudos Khan,ODIs,3,2,1,1,NA,0,0,1998,1998
M Nadgoda,ODIs,1,1,1,1,NA,0,0,1995,1995
DM Newlove,ODIs,3,3,1,1,NA,0,0,2001,2001
L Offenberg,ODIs,1,1,1,1,NA,0,0,1984,1984
R Patel,ODIs,1,1,1,1,NA,0,0,1985,1985
M Patwardhan,ODIs,2,2,1,0.5,NA,0,0,2025,2025
H Pico,ODIs,1,1,1,1,NA,0,0,1998,1998
E Pokana,ODIs,2,2,1,0.5,NA,0,0,2025,2026
Ruksana Khan,ODIs,5,4,1,0.25,NA,0,0,1997,1997
Sanjida Akter Meghla,ODIs,2,1,1,1,NA,0,0,2025,2025
R Scheepstra,ODIs,1,1,1,1,NA,0,0,1991,1991
Tharika Sewwandi,ODIs,1,1,1,1,NA,0,0,2019,2019
A Sharma,ODIs,3,3,1,0.3333333333333333,NA,0,0,1978,1978
Shathira Jakir,ODIs,2,2,1,0.5,NA,0,0,2011,2013
ATS Silva,ODIs,4,1,1,Inf,NA,0,0,2025,2025
M Stewart,ODIs,4,4,1,0.5,NA,0,0,1973,1973
A Stinson,ODIs,5,1,1,Inf,NA,0,0,1986,1987
E Theunissen,ODIs,3,1,1,1,NA,0,0,2013,2013
DM Trow,ODIs,2,1,1,Inf,NA,0,0,1999,1999
A van de Broeke,ODIs,1,1,1,1,NA,0,0,1998,1998
MIW van den Raad,ODIs,2,1,1,1,NA,0,0,2026,2026
JK Watts,ODIs,7,4,1,0.5,NA,0,0,2005,2005
Abida Khan,ODIs,2,2,0,0,NA,0,0,1997,1997
MN Ani,ODIs,2,2,0,0,NA,0,0,2024,2024
S Aslam,ODIs,3,3,0,0,NA,0,0,2003,2003
A Beggs,ODIs,3,2,0,0,NA,0,0,2017,2017
K Bradley,ODIs,2,1,0,0,NA,0,0,1994,1994
S Campbell,ODIs,1,1,0,0,NA,0,0,2021,2021
D Carmino,ODIs,1,1,0,0,NA,0,0,1973,1973
LG Cook,ODIs,2,1,0,0,NA,0,0,1987,1987
B Dermota,ODIs,3,1,0,0,NA,0,0,1997,1997
F Douglas,ODIs,3,2,0,0,NA,0,0,1973,1973
H Flemmings,ODIs,1,1,0,0,NA,0,0,1973,1973
PA Gruber,ODIs,2,1,0,0,NA,0,0,2000,2000
GJ Hall,ODIs,2,2,0,0,NA,0,0,1984,1988
CMW Hes,ODIs,2,2,0,0,NA,0,0,2001,2001
R Hiroto,ODIs,4,4,0,0,NA,0,0,2003,2003
M Hommels,ODIs,2,1,0,0,NA,0,0,1995,1995
NJ Ida,ODIs,1,1,0,0,NA,0,0,2013,2013
D Joseph,ODIs,1,1,0,0,NA,0,0,2023,2023
M Kenjo,ODIs,3,3,0,0,NA,0,0,2003,2003
S Lackay,ODIs,2,1,0,0,NA,0,0,2018,2018
RA Lawrence,ODIs,1,1,0,0,NA,0,0,2026,2026
M Lotter,ODIs,1,1,0,0,NA,0,0,2002,2002
KS Molloy,ODIs,5,2,0,0,NA,0,0,1985,1985
LM Morgan,ODIs,1,1,0,0,NA,0,0,2002,2002
J Mudie,ODIs,3,2,0,0,NA,0,0,2003,2003
S Naidu,ODIs,1,1,0,0,NA,0,0,2025,2025
Nanthita Boonsukham,ODIs,2,1,0,0,NA,0,0,2022,2023
Nazli Istiaq,ODIs,1,1,0,0,NA,0,0,1997,1997
CEF Nevard,ODIs,1,1,0,0,NA,0,0,2026,2026
EMH Nolan,ODIs,4,3,0,0,NA,0,0,2006,2008
A Nyiki,ODIs,1,1,0,0,NA,0,0,2011,2011
W Piltz,ODIs,3,2,0,0,NA,0,0,1984,1984
N Robertson-Jack,ODIs,1,1,0,0,NA,0,0,2026,2026
TL Russell,ODIs,13,3,0,0,NA,0,0,1982,1982
E Sakata,ODIs,2,1,0,0,NA,0,0,2003,2003
KC Schultz,ODIs,1,1,0,0,NA,0,0,2022,2022
Shabana Latif,ODIs,4,3,0,0,NA,0,0,2003,2004
Shohely Akhter,ODIs,2,1,0,0,NA,0,0,2013,2014
EJ Smith,ODIs,3,2,0,0,NA,0,0,2001,2001
H Sorensen,ODIs,1,1,0,0,NA,0,0,1995,1995
L Sorensen,ODIs,1,1,0,0,NA,0,0,1990,1990
AV Stanton,ODIs,3,3,0,0,NA,0,0,1987,1990
Suraiya Azmin,ODIs,3,1,0,0,NA,0,0,2017,2018
K Swart,ODIs,3,1,0,0,NA,0,0,1997,1997
NP Thabethe,ODIs,1,1,0,0,NA,0,0,2014,2014
JAE van der Flier,ODIs,1,1,0,0,NA,0,0,2011,2011
IMG Westbury,ODIs,1,1,0,0,NA,0,0,2005,2005
S Mandhana,International T20,179,172,4867,31,NA,2,37,2013,2026
SW Bates,International T20,186,178,4758,28.836363636363636,NA,1,28,2007,2026
H Kaur,International T20,210,188,4346,30.180555555555557,NA,1,18,2009,2026
AMCJK Athapaththu,International T20,173,170,4311,27.11320754716981,NA,4,16,2009,2026
SFM Devine,International T20,158,154,3817,28.69924812030075,NA,1,24,2006,2026
BL Mooney,International T20,125,119,3783,41.57142857142857,NA,2,31,2016,2026
DN Wyatt,International T20,187,166,3671,24.473333333333333,NA,3,23,2010,2026
SR Taylor,International T20,140,136,3667,34.594339622641506,NA,0,22,2008,2026
ER Oza,International T20,120,118,3453,34.18811881188119,NA,5,14,2018,2026
MM Lanning,International T20,132,121,3405,36.61290322580645,NA,2,15,2010,2023
HK Matthews,International T20,127,127,3382,29.155172413793103,NA,3,21,2014,2026
Shafali Verma,International T20,119,118,3325,30.227272727272727,NA,1,21,2019,2026
DJS Dottin,International T20,154,150,3228,26.032258064516128,NA,2,14,2008,2026
Nat Sciver-Brunt,International T20,141,135,3187,30.64423076923077,NA,0,20,2013,2026
GH Lewis,International T20,119,117,3185,31.225490196078432,NA,2,20,2014,2026
AJ Healy,International T20,162,143,3054,25.45,NA,1,17,2010,2024
L Wolvaardt,International T20,109,103,3049,38.1125,NA,4,16,2016,2026
N Koncharoenkai,International T20,146,132,2896,29.252525252525253,NA,0,12,2018,2026
Bismah Maroof,International T20,140,134,2893,27.552380952380954,NA,0,12,2009,2023
JI Rodrigues,International T20,131,118,2824,29.416666666666668,NA,0,16,2018,2026
N Chantham,International T20,129,125,2792,31.022222222222222,NA,1,12,2018,2026
Nigar Sultana,International T20,134,128,2743,27.15841584158416,NA,1,13,2015,2026
HC Knight,International T20,145,128,2656,27.666666666666668,NA,1,10,2010,2026
CM Edwards,International T20,95,93,2605,32.9746835443038,NA,0,12,2004,2016
EA Perry,International T20,181,124,2495,31.1875,NA,0,11,2008,2026
Theertha Satish,International T20,107,100,2394,32.351351351351354,NA,0,13,2021,2026
M Raj,International T20,89,84,2364,37.523809523809526,NA,0,17,2006,2019
M Hill,International T20,106,103,2223,24.16304347826087,NA,2,8,2019,2026
SJ Taylor,International T20,90,87,2177,29.026666666666667,NA,0,16,2006,2019
T Brits,International T20,84,81,2143,32.46969696969697,NA,1,16,2018,2026
N Chaiwai,International T20,142,117,2111,23.197802197802197,NA,0,5,2018,2026
Nida Dar,International T20,160,141,2091,17.871794871794872,NA,0,7,2010,2024
NT Miles,International T20,94,93,2057,27.7972972972973,NA,1,9,2021,2026
O Prendergast,International T20,88,83,2054,30.205882352941178,NA,0,14,2019,2026
SL Kalis,International T20,69,69,2053,34.79661016949152,NA,1,11,2018,2026
Yasmeen Khan,International T20,117,112,2052,21.6,NA,0,9,2018,2026
AC Kerr,International T20,104,85,2049,31.045454545454547,NA,2,7,2016,2026
G Ishimwe,International T20,117,110,2026,20.26,NA,1,4,2019,2026
Javeria Khan,International T20,112,106,2018,21.698924731182796,NA,0,10,2009,2023
H Samarawickrama,International T20,99,90,1977,27.08219178082192,NA,0,9,2016,2026
TT Beaumont,International T20,109,93,1975,24.085365853658537,NA,1,11,2009,2025
D van Niekerk,International T20,94,83,1962,27.25,NA,0,10,2009,2026
KKN Egodage,International T20,88,83,1947,33.56896551724138,NA,0,9,2018,2024
SA Wittmann,International T20,108,105,1937,19.969072164948454,NA,0,12,2019,2026
L Lee,International T20,82,82,1896,25.62162162162162,NA,1,13,2013,2021
Muneeba Ali,International T20,101,99,1893,20.57608695652174,NA,2,4,2016,2026
SJ Bryce,International T20,84,82,1888,30.451612903225808,NA,0,5,2018,2026
S Luus,International T20,146,111,1872,22.55421686746988,NA,0,8,2012,2026
AE Jones,International T20,138,112,1859,20.206521739130434,NA,0,7,2013,2026
M du Preez,International T20,114,104,1805,20.988372093023255,NA,0,7,2007,2022
B de Leede,International T20,102,96,1800,22.5,NA,0,9,2018,2026
AE Satterthwaite,International T20,111,100,1784,21.49397590361446,NA,0,1,2007,2021
M Kapp,International T20,126,104,1774,20.870588235294118,NA,0,6,2009,2026
KY Chan,International T20,117,107,1765,18.77659574468085,NA,0,4,2019,2026
J Mbabazi,International T20,126,118,1757,17.225490196078432,NA,0,4,2018,2026
R Musamali,International T20,132,113,1753,21.9125,NA,1,2,2018,2026
M Mupachikwa,International T20,82,78,1730,27.903225806451612,NA,0,4,2019,2026
Mas Elysa,International T20,110,106,1719,18.89010989010989,NA,0,7,2018,2026
SA Campbelle,International T20,160,128,1707,16.41346153846154,NA,0,1,2009,2026
L Delany,International T20,132,107,1659,21.26923076923077,NA,0,4,2010,2026
KE Bryce,International T20,65,63,1650,34.375,NA,0,13,2018,2026
A Hunter,International T20,68,66,1645,29.375,NA,2,6,2021,2026
I Nakisuuyi,International T20,114,101,1638,20.734177215189874,NA,0,2,2018,2026
MD Bimenyimana,International T20,129,108,1636,17.782608695652176,NA,1,1,2019,2026
A Gardner,International T20,106,84,1633,25.92063492063492,NA,0,9,2017,2026
FO Kibasu,International T20,69,67,1623,28.473684210526315,NA,3,6,2019,2025
NPAN Sakarini,International T20,75,66,1618,35.955555555555556,NA,0,10,2019,2026
HMD Rasangika,International T20,72,66,1567,31.979591836734695,NA,2,4,2009,2026
Q Abel,International T20,69,68,1537,26.5,NA,1,8,2019,2025
Y Daswani,International T20,97,89,1525,25.416666666666668,NA,0,5,2019,2026
WA Duraisingam,International T20,104,101,1503,15.98936170212766,NA,0,4,2018,2026
R Rijke,International T20,102,95,1497,20.22972972972973,NA,0,3,2018,2026
NND Silva,International T20,125,104,1482,20.027027027027028,NA,0,3,2013,2026
S Mtae,International T20,78,70,1482,22.454545454545453,NA,0,6,2019,2026
L Barnett,International T20,38,37,1479,56.88461538461539,NA,1,14,2022,2026
SIR Dunkley,International T20,81,69,1463,25.666666666666668,NA,0,7,2018,2026
RM Ghosh,International T20,96,81,1445,26.75925925925926,NA,0,2,2020,2026
ML Green,International T20,128,105,1439,18.93421052631579,NA,0,2,2012,2026
H Ishimwe,International T20,134,120,1437,16.146067415730336,NA,0,1,2019,2026
CS Mugeri-Tiripano,International T20,74,69,1429,24.637931034482758,NA,0,2,2019,2026
Aliya Riaz,International T20,117,100,1425,20.070422535211268,NA,0,2,2014,2026
CL Tryon,International T20,131,106,1422,18.710526315789473,NA,0,1,2010,2026
KA Green,International T20,116,102,1375,17.1875,NA,0,3,2018,2026
B Tau,International T20,78,71,1369,27.38,NA,0,5,2018,2026
EJ Villani,International T20,62,58,1369,28.520833333333332,NA,0,12,2009,2018
CM Gough,International T20,53,50,1364,38.97142857142857,NA,1,7,2019,2025
AM Zepeda,International T20,49,49,1358,38.8,NA,1,6,2019,2026
RD Moretti,International T20,70,64,1353,37.583333333333336,NA,0,6,2018,2026
HDJ Siegers,International T20,76,72,1339,19.98507462686567,NA,1,3,2018,2026
S Sunday,International T20,84,78,1337,21.918032786885245,NA,0,3,2019,2026
I Barma,International T20,100,92,1322,18.619718309859156,NA,0,1,2019,2026
AJ Blackwell,International T20,95,81,1314,21.193548387096776,NA,0,1,2005,2017
DB Sharma,International T20,157,101,1306,22.135593220338983,NA,0,2,2016,2026
L Mophakedi,International T20,82,82,1289,16.525641025641026,NA,0,5,2018,2026
KT Ndhlovu,International T20,74,71,1287,20.758064516129032,NA,0,4,2022,2026
R Andrew,International T20,61,60,1281,24.634615384615383,NA,1,4,2019,2026
C Sutthiruang,International T20,145,115,1279,13.902173913043478,NA,0,0,2018,2026
N Vare,International T20,76,71,1276,25.019607843137255,NA,0,6,2018,2026
T Ruma,International T20,55,51,1261,33.18421052631579,NA,0,7,2018,2026
Fargana Hoque,International T20,84,79,1253,18.70149253731343,NA,1,3,2012,2023
RL Blake,International T20,20,20,1224,153,NA,3,9,2022,2026
P Alako,International T20,91,82,1213,16.84722222222222,NA,2,2,2019,2026
S Nampiina,International T20,111,96,1207,16.534246575342465,NA,0,1,2018,2026
LS Greenway,International T20,85,73,1192,24.3265306122449,NA,0,2,2004,2016
SJ McGlashan,International T20,76,73,1164,18.1875,NA,0,2,2004,2016
S Mostary,International T20,72,66,1160,19.333333333333332,NA,0,1,2019,2026
V Langiatu,International T20,61,60,1154,19.896551724137932,NA,0,7,2019,2026
TM McGrath,International T20,59,45,1154,41.214285714285715,NA,0,7,2021,2026
LV Boas,International T20,69,66,1152,19.862068965517242,NA,1,2,2018,2026
A Bosch,International T20,57,47,1149,28.024390243902438,NA,0,7,2019,2026
GWHM Perera,International T20,106,95,1130,13.950617283950617,NA,0,2,2014,2026
HM Omary,International T20,78,70,1120,21.53846153846154,NA,0,4,2019,2026
T Chetty,International T20,82,72,1117,17.184615384615384,NA,0,3,2007,2022
RC Belbashi,International T20,100,85,1100,18.64406779661017,NA,1,1,2019,2026
HASD Siriwardene,International T20,81,73,1097,17.140625,NA,0,2,2010,2020
L Agatha,International T20,70,62,1087,20.50943396226415,NA,1,6,2018,2026
DEM Carter,International T20,47,46,1080,28.42105263157895,NA,0,10,2023,2026
SR Magar,International T20,77,69,1078,20.73076923076923,NA,0,1,2019,2026
Sidra Amin,International T20,68,63,1070,17.833333333333332,NA,0,4,2011,2026
M Musonda,International T20,58,53,1054,25.70731707317073,NA,0,5,2019,2024
A Capsey,International T20,58,52,1053,21.9375,NA,0,6,2022,2026
N Boochatham,International T20,116,90,1035,12.621951219512194,NA,0,2,2018,2025
CMA Shillington,International T20,56,56,1019,18.527272727272727,NA,0,1,2008,2018
K Awino,International T20,109,84,1014,15.363636363636363,NA,0,3,2018,2025
Aysha,International T20,53,53,1014,22.043478260869566,NA,1,1,2020,2026
JA Diergaardt,International T20,115,97,1004,13.567567567567568,NA,0,1,2018,2026
Ainna Hamizah Hashim,International T20,110,90,1003,14.970149253731343,NA,0,2,2018,2026
KJ Martin,International T20,95,77,996,18.10909090909091,NA,0,4,2008,2022
SACA King,International T20,86,74,989,17.051724137931036,NA,0,3,2008,2019
W Mwatile,International T20,110,89,984,14.057142857142857,NA,0,1,2018,2026
Nain Abidi,International T20,68,65,972,18,NA,0,3,2009,2018
NLKWR Dewi,International T20,59,50,970,25.526315789473685,NA,0,5,2023,2026
A van der Merwe,International T20,59,57,967,20.145833333333332,NA,0,2,2018,2023
A Merritt,International T20,48,44,964,24.71794871794872,NA,0,7,2019,2026
Wan Julia,International T20,88,82,962,12.826666666666666,NA,0,1,2018,2026
P Sabu,International T20,60,55,960,20,NA,0,5,2019,2026
Fatima Sana,International T20,70,51,957,33,NA,0,3,2019,2026
Murshida Khatun,International T20,52,51,947,21.044444444444444,NA,0,6,2018,2025
IMHC Joyce,International T20,55,52,944,20.085106382978722,NA,0,1,2008,2018
JE Duffin,International T20,64,55,941,20.91111111111111,NA,0,3,2009,2015
M Corazon,International T20,48,41,926,26.457142857142856,NA,0,5,2022,2026
J Gunasekar,International T20,28,27,922,43.904761904761905,NA,1,5,2025,2026
R Stokell,International T20,80,69,908,18.916666666666668,NA,0,1,2019,2026
IJR Zwilling,International T20,98,77,895,14.435483870967742,NA,0,2,2019,2026
RMVD Gunaratne,International T20,61,59,892,17.49019607843137,NA,0,3,2022,2026
JE Ronalds,International T20,51,45,889,25.4,NA,1,2,2019,2025
NJ Pius,International T20,71,61,887,17.392156862745097,NA,0,2,2019,2026
V Krishnamurthy,International T20,76,63,875,18.617021276595743,NA,0,2,2011,2020
RH Priest,International T20,75,64,873,16.78846153846154,NA,0,1,2007,2020
Shanzeen Shahzad,International T20,104,84,869,11.586666666666666,NA,0,2,2019,2026
Rumana Ahmed,International T20,87,77,866,13.121212121212121,NA,0,1,2012,2024
Shamima Sultana,International T20,64,62,864,14.163934426229508,NA,0,2,2014,2023
Elsa Hunter,International T20,56,53,861,20.023255813953487,NA,0,3,2019,2026
Puja Mahato,International T20,64,57,859,17.18,NA,0,4,2023,2026
M Uwase,International T20,76,69,859,15.070175438596491,NA,0,2,2022,2026
WK Dilhari,International T20,96,72,853,15.232142857142858,NA,0,1,2018,2026
N de Klerk,International T20,87,63,852,24.34285714285714,NA,0,0,2018,2026
RL Haynes,International T20,84,56,850,26.5625,NA,0,3,2010,2022
Priyada Murali,International T20,60,58,844,15.62962962962963,NA,0,0,2019,2026
Shafina Mahesh,International T20,70,69,843,14.05,NA,0,3,2018,2026
Zon Lin,International T20,55,49,843,20.5609756097561,NA,0,2,2019,2026
L Paul,International T20,78,55,836,19.441860465116278,NA,0,3,2019,2026
L Cardoso,International T20,62,55,830,19.302325581395348,NA,0,3,2021,2026
Meghna Rajan,International T20,26,21,812,58,NA,0,6,2025,2026
Mahirah Izzati Ismail,International T20,91,79,808,11.542857142857143,NA,0,0,2018,2026
Erika Oda,International T20,52,50,807,17.933333333333334,NA,0,1,2019,2026
A Lister,International T20,60,54,807,16.8125,NA,0,4,2021,2026
Ayasha Rahman,International T20,61,61,804,14.105263157894736,NA,0,0,2012,2020
Sana Mir,International T20,106,81,802,14.070175438596491,NA,0,0,2009,2019
Kycia A Knight,International T20,70,65,801,16.6875,NA,0,2,2011,2022
ME Bouchier,International T20,48,41,800,23.529411764705884,NA,0,3,2021,2026
P Molkenboer,International T20,59,54,795,18.068181818181817,NA,0,2,2023,2026
L Piety,International T20,50,46,785,22.428571428571427,NA,0,3,2021,2026
GK Diviya,International T20,62,57,784,17.818181818181817,NA,0,1,2018,2025
LJ Poulton,International T20,40,40,784,20.63157894736842,NA,0,2,2006,2012
V Ooko,International T20,72,66,781,16.617021276595743,NA,0,1,2019,2025
Fiza,International T20,49,45,780,21.08108108108108,NA,0,1,2020,2026
LE Kaushalya,International T20,68,62,780,14.181818181818182,NA,0,1,2009,2018
KJ Garth,International T20,73,50,778,22.88235294117647,NA,0,1,2010,2026
SM Mayers,International T20,37,34,777,25.06451612903226,NA,0,4,2019,2026
M Yanagida,International T20,62,58,777,15.857142857142858,NA,0,3,2019,2026
S Nitschke,International T20,36,35,776,23.515151515151516,NA,0,3,2005,2011
C Uwase,International T20,89,80,772,11.352941176470589,NA,0,1,2022,2026
AL Watkins,International T20,36,36,772,23.393939393939394,NA,0,3,2004,2011
E Iloku,International T20,60,57,770,16.382978723404257,NA,0,0,2019,2026
LC Sthalekar,International T20,54,50,769,21.36111111111111,NA,0,1,2005,2013
MR Aguilleira,International T20,95,72,768,14.49056603773585,NA,0,0,2009,2019
G Wetherall,International T20,50,35,766,27.357142857142858,NA,0,5,2019,2026
MAA Sanjeewani,International T20,86,71,764,14.415094339622641,NA,0,1,2014,2025
RR Seth,International T20,58,56,759,15.18,NA,0,3,2018,2026
M Castineiras,International T20,45,44,756,21.6,NA,2,1,2019,2026
LA Marsh,International T20,67,53,755,16.41304347826087,NA,0,1,2007,2019
Dilara Akter,International T20,47,47,752,16,NA,0,1,2022,2026
EAJ Richardson,International T20,75,56,752,16.347826086956523,NA,0,2,2008,2024
MADD Surangika,International T20,62,53,752,19.789473684210527,NA,0,1,2009,2019
Ayesha Zafar,International T20,50,49,750,16.304347826086957,NA,1,1,2015,2026
S Jimmy,International T20,58,52,750,15.625,NA,0,1,2018,2026
A Aikenhead,International T20,38,34,744,27.555555555555557,NA,0,6,2023,2026
M Bibi,International T20,110,74,744,14.037735849056604,NA,0,0,2019,2026
A Ikuzwe,International T20,113,86,733,10.471428571428572,NA,0,0,2019,2026
Sharmin Akhter,International T20,42,40,732,20.333333333333332,NA,0,2,2012,2026
S Solman,International T20,54,52,730,21.470588235294116,NA,0,2,2019,2026
Zeefa Jilani,International T20,56,52,729,15.1875,NA,0,2,2019,2026
Samjhana Khadka,International T20,63,58,728,14,NA,0,2,2023,2026
PG Raut,International T20,35,31,719,27.653846153846153,NA,0,4,2009,2014
I Chathurani,International T20,30,25,712,47.46666666666667,NA,0,3,2024,2026
G Matome,International T20,74,68,711,15.127659574468085,NA,0,0,2018,2026
Maryam Omar,International T20,47,42,709,19.16216216216216,NA,0,2,2019,2026
N Navaika,International T20,56,49,707,18.128205128205128,NA,0,0,2019,2026
CA Henry,International T20,79,66,700,17.94871794871795,NA,0,1,2013,2026
JL Gunn,International T20,104,67,682,13.918367346938776,NA,0,1,2004,2018
E Sandy,International T20,59,56,681,12.849056603773585,NA,0,2,2019,2026
P Litchfield,International T20,37,32,680,28.333333333333332,NA,0,3,2022,2026
W Hornero-Garcia,International T20,36,34,679,24.25,NA,0,4,2022,2026
GE Plimmer,International T20,54,47,679,16.166666666666668,NA,0,3,2022,2026
KM Myat,International T20,50,46,678,16.95,NA,0,2,2019,2026
BM Halliday,International T20,63,50,676,16.095238095238095,NA,0,0,2021,2026
N Choden,International T20,40,40,675,18.243243243243242,NA,0,2,2019,2026
JN Nkomo,International T20,72,52,674,23.24137931034483,NA,0,1,2019,2026
Shorna Akter,International T20,60,55,674,16.047619047619047,NA,0,1,2023,2026
P Cuinica,International T20,44,42,661,16.94871794871795,NA,0,3,2018,2026
CNIM Joyce,International T20,43,39,661,19.441176470588236,NA,0,1,2008,2018
D Wangmo,International T20,37,37,661,22.79310344827586,NA,0,2,2019,2026
Vinu Kumar,International T20,53,52,648,14.08695652173913,NA,0,1,2022,2026
N Hillman-Bermejo,International T20,24,18,646,71.77777777777777,NA,1,1,2022,2026
PA Chatterji,International T20,83,60,645,14.333333333333334,NA,0,0,2018,2026
E Wachira,International T20,75,62,641,13.081632653061224,NA,0,2,2019,2025
A Dercksen,International T20,47,35,634,28.818181818181817,NA,0,2,2023,2026
B Etim,International T20,62,56,634,14.088888888888889,NA,0,1,2019,2024
Salma Khatun,International T20,95,58,634,15.463414634146341,NA,0,0,2012,2023
B Cooper,International T20,76,66,633,11.105263157894736,NA,0,1,2009,2023
EL Bartram,International T20,46,39,627,21.620689655172413,NA,0,3,2022,2026
BYA Mendis,International T20,56,54,627,11.830188679245284,NA,0,0,2011,2019
PE Mendonca,International T20,49,41,625,19.53125,NA,0,1,2020,2026
JA Stiglitz,International T20,48,43,617,19.28125,NA,0,0,2020,2025
SC Taylor,International T20,27,26,615,27.954545454545453,NA,0,3,2004,2011
M Rathnayake,International T20,48,42,611,16.97222222222222,NA,0,3,2022,2026
CR Pagydyala,International T20,31,28,610,25.416666666666668,NA,0,2,2023,2026
A Argyropoulou,International T20,46,42,606,18.363636363636363,NA,0,2,2022,2026
Chaya Mughal,International T20,66,53,605,13.152173913043478,NA,0,1,2018,2023
Nahida Khan,International T20,54,52,604,13.130434782608695,NA,0,0,2010,2021
G Voll,International T20,19,19,604,33.55555555555556,NA,1,3,2025,2026
S Uwera,International T20,69,63,599,11.092592592592593,NA,0,1,2019,2025
Aminata Kamara,International T20,46,44,598,15.333333333333334,NA,0,1,2018,2025
L Winfield-Hill,International T20,44,35,596,20.551724137931036,NA,0,3,2013,2022
D Dhingra,International T20,36,36,595,17.5,NA,0,4,2022,2026
M Gorases,International T20,90,62,595,12.142857142857142,NA,0,0,2021,2026
K Sciver-Brunt,International T20,112,67,590,15.945945945945946,NA,0,0,2005,2023
S Mosweu,International T20,47,46,589,14.725,NA,0,2,2018,2024
JB Nero,International T20,45,43,589,14.725,NA,0,0,2008,2013
C Mahamalage,International T20,52,40,585,19.5,NA,0,1,2022,2026
GM Harris,International T20,56,36,578,21.40740740740741,NA,0,1,2015,2026
M Mwatile,International T20,67,56,577,14.425,NA,0,1,2021,2026
AS Withanage,International T20,25,25,575,26.136363636363637,NA,0,5,2021,2023
Ritu Moni,International T20,97,76,570,10.363636363636363,NA,0,0,2012,2026
Gull Feroza,International T20,39,39,569,15.805555555555555,NA,0,3,2022,2026
F Samanyika,International T20,48,45,569,13.878048780487806,NA,0,0,2018,2023
P Maya,International T20,105,63,565,11.770833333333334,NA,0,0,2022,2026
L Jack,International T20,56,48,558,15.08108108108108,NA,0,2,2018,2024
IC Gaze,International T20,48,37,557,19.892857142857142,NA,0,3,2022,2026
AM Kamara,International T20,51,47,557,16.38235294117647,NA,0,2,2018,2025
NJ Browne,International T20,54,46,552,16.235294117647058,NA,0,0,2004,2014
CN Nation,International T20,57,44,552,15.333333333333334,NA,0,2,2008,2024
Kanchan Rana,International T20,34,31,551,22.958333333333332,NA,0,2,2022,2026
I Sims,International T20,31,26,550,28.94736842105263,NA,0,2,2024,2026
A Vaidya,International T20,34,28,549,21.96,NA,0,2,2022,2026
Kyshona A Knight,International T20,55,51,546,12.133333333333333,NA,0,0,2013,2022
M Syrioti,International T20,42,33,544,20.923076923076923,NA,0,1,2022,2026
F Eseigbe,International T20,74,60,536,10.938775510204081,NA,0,0,2019,2026
MV Waldron,International T20,88,61,531,11.543478260869565,NA,0,1,2010,2023
RSM Lili'i,International T20,22,22,530,33.125,NA,0,1,2019,2025
S Sriharsha,International T20,32,27,530,24.09090909090909,NA,0,3,2019,2024
V Abuga,International T20,46,43,528,13.538461538461538,NA,0,1,2019,2025
TI Gajanayake,International T20,36,36,523,17.433333333333334,NA,0,2,2022,2026
Q Joseph,International T20,40,33,521,16.28125,NA,0,2,2021,2026
E Kamara,International T20,34,34,521,17.96551724137931,NA,0,1,2023,2025
Ayesha Hasan,International T20,37,36,520,16.25,NA,0,1,2021,2026
I Dulani,International T20,27,24,520,23.636363636363637,NA,1,2,2023,2026
Sanjida Islam,International T20,54,49,520,11.304347826086957,NA,0,1,2012,2020
D Wulandari,International T20,41,31,517,19.884615384615383,NA,0,3,2024,2026
K Fraser,International T20,65,38,515,16.612903225806452,NA,0,1,2019,2026
PZ Kamunya,International T20,82,54,512,10.893617021276595,NA,0,0,2019,2026
K Kunwar,International T20,83,58,510,10.851063829787234,NA,0,0,2019,2026
T Smith,International T20,43,36,510,21.25,NA,0,2,2022,2026
Iram Javed,International T20,64,58,509,9.980392156862745,NA,0,1,2013,2026
P Siaka,International T20,59,42,507,15.363636363636363,NA,0,0,2018,2026
GC Bhogle,International T20,31,30,501,26.36842105263158,NA,0,0,2021,2026
C Magaia,International T20,57,54,496,11.272727272727273,NA,0,1,2018,2026
L Taylor,International T20,38,35,496,15.030303030303031,NA,1,1,2019,2025
CR Seneviratna,International T20,55,47,493,13.324324324324325,NA,0,2,2010,2022
S Kananji,International T20,35,33,491,17.535714285714285,NA,0,1,2023,2026
S Dharnidharka,International T20,87,57,486,13.5,NA,0,1,2019,2026
A Mokgotlhe,International T20,67,52,485,12.435897435897436,NA,0,2,2018,2026
Omaima Sohail,International T20,55,44,481,11.452380952380953,NA,0,0,2018,2024
TT Soe,International T20,56,52,480,10.666666666666666,NA,0,0,2019,2026
K Peddrick,International T20,48,39,479,17.107142857142858,NA,0,2,2021,2026
T Shadrack,International T20,75,68,478,9.372549019607844,NA,0,1,2019,2026
CT Dhururu,International T20,57,43,476,13.6,NA,0,1,2019,2026
A Makri,International T20,46,37,475,13.970588235294118,NA,0,1,2022,2026
IM Vaghela,International T20,47,38,473,15.766666666666667,NA,0,2,2021,2026
Rinitha Rajith,International T20,69,49,472,11.512195121951219,NA,0,1,2022,2026
T Zangmo,International T20,41,39,472,14.75,NA,0,1,2019,2026
M Pascal,International T20,30,25,471,23.55,NA,0,3,2019,2023
SF Daley,International T20,68,53,464,12.210526315789474,NA,0,0,2009,2014
B Rawal,International T20,58,45,463,12.513513513513514,NA,0,0,2019,2026
V Vasquez,International T20,30,27,462,20.08695652173913,NA,1,1,2019,2026
MPM Pathirannehelage,International T20,49,43,458,14.3125,NA,0,0,2021,2026
B Biza,International T20,34,31,453,15.620689655172415,NA,0,0,2024,2026
M McColl,International T20,63,47,453,13.323529411764707,NA,0,1,2019,2026
Khushi Sharma,International T20,68,48,450,11.842105263157896,NA,0,0,2021,2024
S Kolcharam,International T20,44,34,450,16.071428571428573,NA,0,1,2022,2026
Fahima Khatun,International T20,105,70,449,9.354166666666666,NA,0,0,2013,2026
P Mapotsane,International T20,43,33,448,16.59259259259259,NA,0,2,2023,2026
KT Perkins,International T20,55,42,448,17.23076923076923,NA,0,0,2012,2020
Shawaal Zulfiqar,International T20,19,19,447,23.526315789473685,NA,0,2,2023,2026
Eman Asim,International T20,29,22,444,24.666666666666668,NA,0,2,2022,2026
R Muriyalo,International T20,29,28,443,17.03846153846154,NA,0,0,2019,2023
M Zhu,International T20,41,36,441,14.225806451612904,NA,0,1,2023,2026
RD de Sousa,International T20,36,29,440,17.6,NA,0,1,2018,2023
JL Jonassen,International T20,105,43,438,12.882352941176471,NA,0,0,2012,2023
N Joshi,International T20,30,29,437,16.185185185185187,NA,0,0,2024,2026
Y Anggraeni,International T20,20,18,436,27.25,NA,1,1,2019,2022
NY McLean,International T20,39,35,435,15.535714285714286,NA,0,1,2012,2022
K Oala,International T20,22,22,434,22.842105263157894,NA,1,1,2019,2026
C Bull,International T20,40,38,432,12.342857142857143,NA,0,0,2023,2025
H Iwasaki,International T20,42,40,429,10.725,NA,0,1,2022,2026
D Nanayakkara,International T20,52,47,428,10.974358974358974,NA,0,2,2021,2026
Shahreen Bahadur,International T20,46,44,427,11.236842105263158,NA,1,0,2020,2026
S Juma,International T20,37,36,422,14.066666666666666,NA,0,0,2019,2023
PC McGeown,International T20,27,25,422,21.1,NA,0,3,2021,2023
Amna Tariq,International T20,63,55,421,8.591836734693878,NA,0,0,2019,2026
Asmavia Iqbal,International T20,68,54,421,10.023809523809524,NA,0,0,2009,2016
I Chuma,International T20,54,45,421,11.694444444444445,NA,0,0,2018,2026
A Perera,International T20,36,35,420,13.125,NA,0,0,2019,2026
NKF Rada Rani,International T20,60,38,417,18.954545454545453,NA,0,1,2019,2026
F Overdijk,International T20,70,56,414,9.2,NA,0,0,2019,2026
L Ostergaard,International T20,35,34,412,14.206896551724139,NA,0,0,2024,2026
C Uwamahoro,International T20,40,34,411,15.222222222222221,NA,0,0,2019,2024
C Henery,International T20,29,26,410,24.11764705882353,NA,0,3,2023,2025
A Chandel,International T20,49,44,407,12.333333333333334,NA,0,0,2022,2026
G Wareham,International T20,82,34,406,16.24,NA,0,1,2018,2026
C Brits,International T20,19,18,405,27,NA,0,2,2007,2013
J Goswami,International T20,68,46,405,10.945945945945946,NA,0,0,2006,2018
KL Rolton,International T20,15,12,405,50.625,NA,0,2,2005,2009
OU Ranasinghe,International T20,66,51,404,9.619047619047619,NA,0,0,2013,2023
M Mwangi,International T20,47,39,403,12.212121212121213,NA,0,0,2019,2025
K Winda Prastini,International T20,30,24,400,20,NA,0,2,2019,2026
A Hartley,International T20,18,14,398,39.8,NA,0,2,2024,2026
H Doriga,International T20,39,30,394,15.153846153846153,NA,0,1,2022,2026
I Waqavakatoga,International T20,43,40,393,10.342105263157896,NA,0,0,2019,2025
AS Gorad,International T20,34,33,392,12.25,NA,0,0,2021,2026
A Kano,International T20,52,44,392,10.31578947368421,NA,0,1,2019,2026
O Mondlane,International T20,37,37,389,10.513513513513514,NA,0,1,2018,2026
F Utagushimaninde,International T20,17,16,389,25.933333333333334,NA,1,0,2026,2026
Lata Mondal,International T20,53,43,388,11.411764705882353,NA,0,0,2012,2025
H Hotchandani,International T20,51,39,386,12.0625,NA,0,0,2018,2026
AA Patil,International T20,50,35,386,17.545454545454547,NA,0,1,2012,2019
K Tesarikova,International T20,27,27,385,16.73913043478261,NA,0,2,2024,2026
SA Fritz,International T20,26,23,384,19.2,NA,1,1,2008,2014
Juairiya Ferdous,International T20,25,25,384,15.36,NA,0,2,2026,2026
S Naik,International T20,31,28,384,14.76923076923077,NA,0,1,2006,2012
A Sharma,International T20,41,34,383,14.73076923076923,NA,0,1,2006,2014
T Iosefo,International T20,41,32,378,15.12,NA,0,1,2019,2025
A Suwanchonrathi,International T20,48,38,377,11.424242424242424,NA,0,0,2022,2026
AA Alleyne,International T20,69,47,375,11.71875,NA,0,0,2019,2026
YH Bhatia,International T20,26,20,374,19.68421052631579,NA,0,1,2021,2026
A Brindle,International T20,35,28,373,23.3125,NA,0,0,2005,2014
LL Dimba,International T20,26,25,370,16.818181818181817,NA,0,1,2023,2026
A Doddaballapur,International T20,34,30,370,15.416666666666666,NA,0,0,2020,2024
B Shanti,International T20,49,42,370,10.571428571428571,NA,0,0,2021,2026
MLN Sissako,International T20,32,32,370,11.935483870967742,NA,0,2,2021,2025
Ayesha Naseem,International T20,30,27,369,18.45,NA,0,0,2020,2023
N Caruana,International T20,16,16,369,33.54545454545455,NA,0,1,2024,2025
R Immadi,International T20,44,43,369,9.461538461538462,NA,0,0,2019,2026
EC Perry,International T20,31,29,369,16.772727272727273,NA,0,1,2010,2017
S Ecclestone,International T20,113,47,368,17.523809523809526,NA,0,0,2016,2026
M Veringmeier,International T20,22,20,367,19.31578947368421,NA,0,2,2008,2021
Wang Huiying,International T20,38,30,367,19.31578947368421,NA,0,1,2024,2026
A Dirannehelage,International T20,29,24,366,17.428571428571427,NA,0,2,2024,2026
TT Aung,International T20,54,43,360,12,NA,0,0,2019,2026
SV Shetty,International T20,21,21,360,18,NA,0,1,2020,2024
O Batisani,International T20,24,24,358,16.272727272727273,NA,0,1,2018,2022
E van Zyl,International T20,65,51,356,7.739130434782608,NA,0,0,2018,2026
FC Wilson,International T20,30,26,356,22.25,NA,0,0,2010,2021
Getrude Chandiru,International T20,21,20,354,20.823529411764707,NA,0,2,2018,2026
S Gajnabi,International T20,41,35,354,12.206896551724139,NA,0,0,2019,2025
S Khiaoto,International T20,51,37,354,12.206896551724139,NA,0,1,2022,2026
IY Mckeon,International T20,16,16,354,23.6,NA,0,2,2023,2023
D Saxena,International T20,12,12,354,44.25,NA,0,2,2021,2023
Amarpal Kaur,International T20,21,21,352,25.142857142857142,NA,0,0,2023,2025
ZP Ikiua,International T20,19,19,351,23.4,NA,0,1,2023,2025
MBA Lamplough,International T20,46,37,349,12.464285714285714,NA,0,0,2019,2026
K Vijayaraghavan,International T20,64,42,349,10.90625,NA,0,0,2019,2026
SH Lawlor,International T20,21,21,348,18.31578947368421,NA,0,1,2023,2026
O Kgeresi,International T20,56,49,347,7.886363636363637,NA,0,1,2022,2026
A Kato-Stafford,International T20,10,10,346,43.25,NA,0,2,2025,2026
SM Kavanagh,International T20,58,41,345,10.78125,NA,0,0,2011,2022
ABY Smith,International T20,24,23,345,15.681818181818182,NA,0,1,2023,2025
E Thelander,International T20,28,22,345,20.294117647058822,NA,0,2,2022,2026
NN Saidi,International T20,57,37,344,12.74074074074074,NA,0,1,2019,2026
S Tippoch,International T20,75,47,344,10.75,NA,0,0,2018,2023
K Arua,International T20,47,30,341,22.733333333333334,NA,0,0,2018,2024
Marina Iqbal,International T20,42,36,340,10.303030303030303,NA,0,0,2009,2015
A Rameshan,International T20,25,23,340,18.88888888888889,NA,0,0,2022,2026
A Kolan,International T20,28,23,338,19.88235294117647,NA,0,1,2021,2025
FG Kemp,International T20,38,26,336,28,NA,0,1,2022,2026
RP Singh,International T20,43,35,336,10.838709677419354,NA,0,0,2022,2026
SL Gomez,International T20,56,48,333,8.325,NA,0,0,2019,2026
FL Mackay,International T20,30,22,332,19.529411764705884,NA,0,1,2011,2021
P Vastrakar,International T20,72,43,332,13.833333333333334,NA,0,0,2018,2024
A Stocks,International T20,38,33,331,13.24,NA,0,0,2019,2025
C Miles,International T20,18,17,330,25.384615384615383,NA,0,2,2022,2024
Vani Dhanuka,International T20,15,14,329,25.307692307692307,NA,0,1,2026,2026
A Chilia,International T20,59,42,327,9.342857142857143,NA,0,0,2019,2026
NP Dalgaard,International T20,41,35,326,11.642857142857142,NA,0,0,2022,2026
F Kuenburg,International T20,16,16,324,32.4,NA,0,0,2025,2026
AIV Benatar,International T20,16,16,323,24.846153846153847,NA,0,3,2024,2025
S Horley,International T20,17,17,323,20.1875,NA,0,2,2022,2024
MPP San,International T20,56,50,323,8.075,NA,0,0,2019,2026
A Galan,International T20,33,32,322,11.10344827586207,NA,1,0,2021,2026
Z Kamara,International T20,54,44,321,11.464285714285714,NA,0,0,2018,2025
S Kato,International T20,37,32,320,12.307692307692308,NA,0,0,2022,2026
K Joshi,International T20,67,46,319,9.96875,NA,0,0,2021,2026
G Obukor,International T20,22,20,319,18.764705882352942,NA,0,1,2019,2024
K Carney,International T20,30,28,317,15.85,NA,0,1,2022,2025
D Njoroge,International T20,33,25,316,19.75,NA,0,2,2019,2023
S Chinawa,International T20,34,34,313,9.78125,NA,0,0,2023,2026
H Deol,International T20,28,20,311,17.27777777777778,NA,0,1,2019,2025
SI Galagedara,International T20,23,22,309,14.714285714285714,NA,0,0,2009,2012
RD Pangestuti,International T20,43,27,309,15.45,NA,0,0,2019,2026
S Dhadwal,International T20,30,30,308,11.407407407407407,NA,0,1,2020,2024
K Shrestha,International T20,50,37,307,10.233333333333333,NA,0,0,2019,2026
D van Deventer,International T20,25,22,307,19.1875,NA,0,0,2008,2019
H Goto,International T20,45,36,305,9.242424242424242,NA,0,0,2022,2026
C Piparo,International T20,11,10,305,43.57142857142857,NA,0,1,2025,2025
E Gebhard,International T20,12,12,303,33.666666666666664,NA,0,3,2025,2026
PM Weerakkody,International T20,27,26,303,13.173913043478262,NA,0,0,2012,2019
Rizpha Bano,International T20,29,25,302,15.1,NA,0,1,2021,2026
L Goodall,International T20,23,19,302,18.875,NA,0,1,2016,2026
Javed Hina,International T20,42,36,302,10.413793103448276,NA,0,1,2020,2026
MR Machado,International T20,38,24,302,20.133333333333333,NA,0,2,2022,2026
SK Rana,International T20,31,31,301,11.148148148148149,NA,0,1,2021,2026
D Ruynekova,International T20,27,25,301,13.08695652173913,NA,0,0,2024,2026
L Leisner,International T20,27,26,300,13.043478260869565,NA,0,0,2023,2026
BL Morgan,International T20,28,22,300,15,NA,0,0,2005,2011
B Bezuidenhout,International T20,29,26,299,13,NA,0,0,2014,2024
A Brown-Carrera,International T20,28,23,297,19.8,NA,0,2,2022,2026
KK Donovan,International T20,20,18,296,17.41176470588235,NA,0,0,2024,2026
L Pickard,International T20,20,20,295,17.352941176470587,NA,0,1,2025,2026
ZL Win,International T20,57,46,294,7.538461538461538,NA,0,0,2019,2026
Amrita Sasidharan,International T20,15,15,293,19.533333333333335,NA,0,2,2025,2026
CM Greechan,International T20,51,30,293,14.65,NA,0,0,2019,2026
HJ Thomas,International T20,48,23,288,14.4,NA,0,0,2019,2026
S Niyomuhoza,International T20,32,24,287,15.105263157894736,NA,0,1,2023,2026
T Modise,International T20,30,29,286,12.434782608695652,NA,0,1,2019,2023
Pooja Ganesh,International T20,24,23,286,15.88888888888889,NA,0,0,2024,2026
AR Valdez,International T20,21,20,286,16.823529411764707,NA,0,1,2024,2026
L Greig,International T20,28,26,284,15.777777777777779,NA,0,0,2019,2026
LL Htun,International T20,55,43,284,7.675675675675675,NA,0,0,2019,2026
M Ngoche,International T20,18,17,284,20.285714285714285,NA,0,1,2019,2022
SN Shihepo,International T20,107,56,284,8.352941176470589,NA,0,0,2018,2026
ZT Kyaw,International T20,49,40,282,8.545454545454545,NA,0,0,2019,2025
AJ Qwele,International T20,51,34,280,11.2,NA,0,0,2022,2026
R Hubbard,International T20,18,18,279,25.363636363636363,NA,0,1,2019,2026
A Mesarovic,International T20,10,10,278,39.714285714285715,NA,0,2,2024,2025
TS Erichsen,International T20,23,23,276,13.142857142857142,NA,0,0,2022,2026
D Hemalatha,International T20,23,21,276,16.235294117647058,NA,0,0,2018,2024
SM Benade,International T20,19,19,274,16.11764705882353,NA,0,1,2007,2013
KADA Kanchana,International T20,52,43,274,8.5625,NA,0,0,2013,2024
S Choden,International T20,41,35,273,10.5,NA,0,0,2019,2026
Han Lili,International T20,27,22,272,16,NA,0,0,2018,2024
L Keny,International T20,62,43,271,8.46875,NA,0,0,2022,2026
I van Zyl,International T20,67,42,270,10.384615384615385,NA,0,0,2019,2024
B Murekatete,International T20,94,61,269,6.255813953488372,NA,0,0,2021,2026
S Georgota,International T20,45,33,268,10.307692307692308,NA,0,0,2022,2026
Ada Bhasin,International T20,41,36,267,9.88888888888889,NA,0,1,2022,2025
V NIkolova,International T20,27,27,267,9.88888888888889,NA,0,1,2024,2026
A Sutherland,International T20,55,26,267,13.35,NA,0,0,2020,2026
A Ostergaard,International T20,17,17,263,18.785714285714285,NA,0,1,2024,2026
Bijeyata Kumari,International T20,29,28,262,10.48,NA,0,1,2022,2026
E Cleator,International T20,26,19,261,15.352941176470589,NA,0,0,2022,2025
Busra Uca,International T20,37,34,258,7.818181818181818,NA,0,0,2019,2023
S Meghana,International T20,17,16,258,18.428571428571427,NA,0,1,2016,2022
ML Karlsen,International T20,37,33,256,9.481481481481481,NA,0,0,2022,2026
S Wetoto,International T20,23,18,254,18.142857142857142,NA,0,0,2019,2022
S Sadarangani,International T20,41,32,252,10.5,NA,0,0,2020,2025
H Bhullar,International T20,50,45,251,6.275,NA,0,0,2019,2025
S Matijevic,International T20,23,22,251,14.764705882352942,NA,0,0,2022,2026
P Maziya,International T20,31,29,251,10.91304347826087,NA,0,0,2024,2026
ME Violleau,International T20,29,25,251,10.458333333333334,NA,0,0,2021,2023
Viktoria Frey,International T20,26,24,250,11.904761904761905,NA,0,0,2023,2025
JM Fields,International T20,37,20,249,22.636363636363637,NA,0,0,2006,2013
MI Khagoitsa,International T20,51,30,249,10.375,NA,0,0,2021,2025
AI Chudasama,International T20,38,23,248,16.533333333333335,NA,0,1,2023,2026
E Kuncova,International T20,31,28,248,11.80952380952381,NA,0,0,2024,2026
S Lundell,International T20,25,22,248,15.5,NA,0,0,2021,2024
AR Ndiraya,International T20,29,23,248,14.588235294117647,NA,0,0,2019,2024
AC Sabino,International T20,35,26,248,12.4,NA,0,0,2023,2026
J Glasgow,International T20,27,19,247,19,NA,0,1,2023,2026
A Savvani,International T20,40,32,247,10.73913043478261,NA,0,0,2022,2026
LMM Tahuhu,International T20,104,37,247,10.73913043478261,NA,0,0,2011,2026
A Davidson-Soler,International T20,14,10,246,35.142857142857146,NA,0,2,2024,2025
BMA Mbida,International T20,30,30,246,8.2,NA,0,0,2021,2025
Karri Gullem Keen,International T20,22,18,245,15.3125,NA,0,1,2024,2026
Nur Dania Syuhada,International T20,87,44,242,7.5625,NA,0,0,2022,2026
F Sisifo,International T20,25,24,242,12.1,NA,0,0,2019,2025
A Chopra,International T20,18,16,241,17.214285714285715,NA,0,0,2006,2012
M Martinez,International T20,36,31,241,8.310344827586206,NA,0,0,2019,2025
K Ota,International T20,38,27,241,12.68421052631579,NA,0,1,2023,2026
Natalia Pervaiz,International T20,32,28,240,10,NA,0,0,2017,2026
EC Claridge,International T20,13,13,239,18.384615384615383,NA,0,1,2025,2026
RS Glen,International T20,28,20,238,13.222222222222221,NA,0,1,2018,2021
N Gwanzura,International T20,38,31,238,8.814814814814815,NA,0,0,2021,2026
T Luka,International T20,33,32,238,7.67741935483871,NA,0,0,2018,2025
MK Amusa,International T20,15,15,235,15.666666666666666,NA,0,0,2025,2026
TE Britton,International T20,29,27,235,11.19047619047619,NA,0,1,2021,2023
J Intan,International T20,50,38,235,9.4,NA,0,0,2018,2024
IG Sharp,International T20,19,15,234,26,NA,0,1,2025,2026
Khadija Khalil,International T20,56,43,233,6.6571428571428575,NA,0,0,2019,2026
Yusrina Yaakop,International T20,31,28,233,8.961538461538462,NA,0,0,2018,2023
J Sanele,International T20,30,30,232,8.923076923076923,NA,0,0,2022,2025
C Chukwuonye,International T20,40,33,231,8.884615384615385,NA,0,0,2023,2026
P Marange,International T20,64,34,231,12.157894736842104,NA,0,0,2019,2026
L Bull,International T20,45,33,230,10,NA,0,0,2018,2025
Mariamma Hyder,International T20,61,40,229,8.807692307692308,NA,0,0,2019,2026
JM Kerr,International T20,57,29,227,13.352941176470589,NA,0,0,2020,2026
PE Kulume,International T20,64,38,227,9.869565217391305,NA,0,0,2022,2026
M Lollo,International T20,36,28,227,9.458333333333334,NA,0,1,2019,2026
Uswa Syed,International T20,28,19,227,16.214285714285715,NA,0,0,2022,2026
L Tshuma,International T20,55,32,226,9.04,NA,0,0,2021,2026
K Abdulquadri,International T20,22,22,225,11.842105263157896,NA,0,0,2019,2022
Rameesha Shahid,International T20,33,22,225,14.0625,NA,0,0,2023,2026
Wei Haiting,International T20,33,28,225,9,NA,0,0,2024,2026
ASS Fletcher,International T20,115,43,224,8,NA,0,0,2008,2026
AL Seddon,International T20,16,14,224,24.88888888888889,NA,0,0,2023,2023
Qanita Jalil,International T20,51,40,223,6.371428571428571,NA,0,0,2009,2015
A Kontopirakis,International T20,16,15,222,18.5,NA,0,0,2025,2026
M Dlamini,International T20,26,26,221,8.5,NA,0,0,2021,2025
M Smit,International T20,6,6,221,44.2,NA,1,1,2025,2026
AC Brodin,International T20,23,22,220,10,NA,0,0,2021,2026
S Etim,International T20,52,35,220,8.8,NA,0,0,2022,2026
S Vuni,International T20,31,29,220,10,NA,0,0,2022,2025
EL Watson,International T20,34,25,220,10.476190476190476,NA,0,0,2019,2026
R Kanoh,International T20,49,35,219,9.521739130434783,NA,0,0,2019,2025
N Nojic,International T20,29,25,219,12.882352941176471,NA,0,0,2022,2026
GT Bapat,International T20,16,13,218,21.8,NA,0,0,2021,2022
G Shukla,International T20,29,19,218,13.625,NA,0,0,2021,2025
A Mare,International T20,34,30,217,9.041666666666666,NA,0,0,2020,2025
SH Mohamedi,International T20,55,32,217,8.68,NA,0,0,2019,2025
T Trajkovic,International T20,20,19,217,12.764705882352942,NA,0,0,2022,2025
DA Galia,International T20,30,29,216,8.64,NA,0,0,2023,2026
R Poddar,International T20,27,22,216,12,NA,0,1,2023,2026
VR Vanitha,International T20,16,15,216,14.4,NA,0,0,2014,2016
B Ichinkhorloo,International T20,28,28,215,7.962962962962963,NA,0,0,2023,2026
S Lomani,International T20,17,17,215,12.647058823529411,NA,0,0,2019,2025
ME Bessala,International T20,31,31,214,8.23076923076923,NA,0,0,2021,2025
S Khurana,International T20,28,20,214,16.46153846153846,NA,0,0,2024,2026
K Dema,International T20,33,29,213,8.192307692307692,NA,0,0,2019,2026
D Demic,International T20,12,10,213,23.666666666666668,NA,1,0,2025,2026
K Reyneke,International T20,16,12,213,35.5,NA,0,0,2026,2026
DR Gibson,International T20,35,22,212,16.307692307692307,NA,0,0,2023,2026
A Kohli,International T20,47,24,212,11.777777777777779,NA,0,0,2020,2026
S Sinha,International T20,12,11,212,19.272727272727273,NA,0,1,2021,2026
MD Rocha,International T20,26,20,211,11.722222222222221,NA,0,0,2019,2026
SV Collyer,International T20,9,8,210,52.5,NA,0,2,2025,2026
J Pandey,International T20,17,12,210,19.09090909090909,NA,0,0,2021,2023
SK Reddy,International T20,35,23,210,17.5,NA,0,0,2021,2026
Rosie Davis,International T20,14,14,210,17.5,NA,0,0,2023,2024
RS Williams,International T20,25,21,210,10.5,NA,0,0,2022,2024
M Maguire,International T20,49,25,209,13.933333333333334,NA,0,0,2019,2026
F Tunnicliffe,International T20,18,15,209,17.416666666666668,NA,0,2,2018,2026
SS Weerakkody,International T20,58,47,209,7.206896551724138,NA,0,0,2009,2018
O Asika,International T20,28,26,208,9.043478260869565,NA,0,0,2019,2023
S Pandey,International T20,62,28,208,13,NA,0,0,2014,2023
Aina Najwa,International T20,66,44,207,8.625,NA,0,0,2018,2026
YS To,International T20,24,21,207,10.894736842105264,NA,0,0,2019,2026
P Agboya,International T20,40,30,206,8.24,NA,0,0,2022,2025
GEM Brealey,International T20,15,14,206,15.846153846153847,NA,0,1,2023,2026
SM Dhanusri,International T20,38,24,206,14.714285714285714,NA,0,0,2018,2026
DI Dusabemungu,International T20,21,20,206,10.842105263157896,NA,0,0,2019,2021
Nur Arianna Natsya,International T20,88,53,206,5.421052631578948,NA,0,0,2019,2026
MLG Silva,International T20,46,28,206,8.583333333333334,NA,0,1,2022,2026
M Turay,International T20,43,29,206,7.923076923076923,NA,0,0,2021,2025
A Andriani,International T20,26,18,205,18.636363636363637,NA,0,1,2019,2024
Jiaping Li,International T20,37,34,205,7.068965517241379,NA,0,0,2023,2026
R Rodrigo,International T20,27,24,205,9.318181818181818,NA,0,1,2022,2025
PSR Gurusinghe,International T20,43,34,203,6.34375,NA,0,0,2019,2026
Saira Jabeen,International T20,15,14,203,16.916666666666668,NA,0,1,2026,2026
PN Agarwal,International T20,20,18,202,14.428571428571429,NA,0,1,2024,2026
Huang Zhuo,International T20,18,17,202,13.466666666666667,NA,0,0,2019,2024
PY Lavine,International T20,15,14,202,15.538461538461538,NA,0,1,2009,2010
Y Choden,International T20,33,31,200,6.896551724137931,NA,0,0,2019,2025
F Conteh,International T20,26,24,200,10.526315789473685,NA,0,0,2023,2025
KML Nonu,International T20,27,21,200,12.5,NA,0,1,2019,2025
Ruchitha Venkatesh,International T20,76,39,200,8.333333333333334,NA,0,0,2019,2026
S Cholasseri,International T20,18,18,199,11.705882352941176,NA,0,0,2022,2024
KR Frost,International T20,14,8,199,33.166666666666664,NA,0,1,2024,2026
NMP Suwandewi,International T20,67,28,199,12.4375,NA,0,0,2019,2026
S Laomi,International T20,122,43,198,6.6,NA,0,0,2018,2026
A Mohamed,International T20,32,25,198,11,NA,0,0,2022,2026
Seika Sumi,International T20,33,27,198,9.9,NA,0,0,2023,2026
JC Cullen,International T20,30,23,197,10.944444444444445,NA,0,1,2019,2026
L Idambo,International T20,68,36,197,7.035714285714286,NA,0,0,2019,2025
Tuba Hassan,International T20,54,28,197,10.944444444444445,NA,0,0,2022,2026
E Vukusic,International T20,4,4,197,98.5,NA,0,2,2024,2024
TB Pawde,International T20,19,16,196,14,NA,0,0,2024,2026
R Pavlickova,International T20,27,25,195,7.8,NA,0,0,2024,2026
Seungmin Song,International T20,12,12,195,19.5,NA,0,1,2018,2024
LR Doolan,International T20,33,23,194,9.7,NA,0,0,2008,2013
D Unhale,International T20,9,9,194,24.25,NA,0,0,2025,2025
MA Swedy,International T20,25,16,193,16.083333333333332,NA,0,1,2021,2024
M Ariokot,International T20,48,33,192,10.666666666666666,NA,0,0,2023,2026
JA Rymer,International T20,18,18,192,12.8,NA,0,1,2022,2026
S Ismail,International T20,119,45,191,7.074074074074074,NA,0,0,2007,2026
S Stephen,International T20,21,18,191,12.733333333333333,NA,0,1,2025,2026
LO Telea,International T20,28,23,191,8.304347826086957,NA,0,0,2019,2024
CE Jacob,International T20,15,15,190,13.571428571428571,NA,0,0,2025,2026
Cai Yuzhi,International T20,38,28,189,8.217391304347826,NA,0,0,2024,2026
MDN Hansika,International T20,20,20,189,9.45,NA,0,0,2013,2018
AB Kaur,International T20,23,14,189,23.625,NA,0,1,2023,2026
T Putthawong,International T20,111,27,189,13.5,NA,0,0,2019,2026
D Hazell,International T20,85,32,188,8.952380952380953,NA,0,0,2009,2018
HNK Jensen,International T20,53,30,188,8.545454545454545,NA,0,0,2014,2023
J King,International T20,15,13,188,17.09090909090909,NA,0,0,2019,2021
V Igbinedion,International T20,16,13,187,17,NA,0,0,2023,2026
C Muthoni,International T20,37,21,187,10.38888888888889,NA,0,1,2023,2024
EMC Fowler,International T20,22,13,186,18.6,NA,0,0,2022,2025
L Krvaric,International T20,14,14,185,15.416666666666666,NA,0,1,2024,2026
M King,International T20,13,12,184,23,NA,0,1,2018,2022
Sameera Khan,International T20,50,30,184,11.5,NA,0,0,2020,2026
NK Bagenda,International T20,22,18,183,12.2,NA,0,0,2019,2022
H Karunaratne,International T20,25,19,183,12.2,NA,0,0,2016,2026
AL Mundundo,International T20,30,26,183,8.318181818181818,NA,0,0,2022,2026
A Bierwisch,International T20,33,20,182,13,NA,0,0,2019,2025
L Chilia,International T20,26,19,182,11.375,NA,0,0,2019,2025
SL Quintyne,International T20,45,27,182,10.705882352941176,NA,0,0,2011,2016
F Guirrugo,International T20,15,14,181,25.857142857142858,NA,0,2,2018,2022
A Vessik,International T20,24,22,181,9.526315789473685,NA,0,0,2024,2026
Zi Mei,International T20,21,19,181,12.066666666666666,NA,0,0,2023,2025
S Bhaskar,International T20,14,13,180,18,NA,0,0,2019,2021
M Kearvell,International T20,7,7,179,35.8,NA,0,0,2025,2026
AN Kelly,International T20,71,30,179,7.16,NA,0,0,2022,2026
S Krisheta,International T20,16,14,179,13.76923076923077,NA,0,0,2025,2026
L Little,International T20,42,24,178,12.714285714285714,NA,0,0,2019,2026
Nahida Akter,International T20,113,47,178,7.12,NA,0,0,2015,2026
AAIP Bastari,International T20,6,5,177,177,NA,0,2,2019,2019
MD Botha,International T20,22,13,177,17.7,NA,0,0,2025,2025
WK Lai,International T20,55,39,177,5.53125,NA,0,0,2019,2026
F Malefula,International T20,15,15,177,14.75,NA,0,1,2023,2025
Sidra Nawaz,International T20,56,29,177,8.045454545454545,NA,0,0,2014,2023
IE Mulhovo,International T20,28,25,176,7.04,NA,0,0,2022,2026
M Ndhambi,International T20,32,22,176,8.8,NA,0,0,2019,2025
AS Wikman,International T20,11,9,175,25,NA,0,1,2025,2025
M Polimeri,International T20,45,28,174,7.909090909090909,NA,0,0,2022,2026
O Kamchomphu,International T20,143,55,173,4.435897435897436,NA,0,0,2018,2026
S Miyaji,International T20,13,13,173,21.625,NA,0,0,2019,2022
M Nikolic,International T20,21,19,173,12.357142857142858,NA,0,0,2022,2025
T Bhatia,International T20,53,23,172,9.052631578947368,NA,0,0,2018,2022
D Busingye,International T20,11,10,172,19.11111111111111,NA,0,1,2019,2019
CE Dean,International T20,58,19,172,15.636363636363637,NA,0,0,2022,2026
ST Frohnmayer,International T20,31,25,172,7.478260869565218,NA,0,0,2019,2024
S Hojholt,International T20,15,15,172,13.23076923076923,NA,0,0,2025,2026
S Jafta,International T20,73,27,172,11.466666666666667,NA,0,0,2019,2026
TD Smartt,International T20,58,26,172,8.6,NA,0,1,2009,2018
W Moutswi,International T20,30,22,171,12.214285714285714,NA,0,0,2023,2026
O Omonkhobhio,International T20,24,23,171,8.55,NA,0,0,2021,2026
D Medagoda,International T20,26,16,170,15.454545454545455,NA,0,0,2025,2026
A Aitken-Drummond,International T20,27,18,169,11.266666666666667,NA,0,0,2018,2024
Jahanara Alam,International T20,83,52,169,6.2592592592592595,NA,0,0,2012,2024
Khadija Imtiaz,International T20,43,35,169,6.5,NA,0,0,2020,2026
MSN Ekani,International T20,26,26,168,7,NA,0,0,2021,2025
V Jesrani,International T20,17,16,167,10.4375,NA,0,0,2020,2022
Eyman Fatima,International T20,17,15,166,13.833333333333334,NA,0,1,2025,2026
EAS Ferrary,International T20,13,11,166,15.090909090909092,NA,0,1,2024,2025
A Kanukuntla,International T20,23,15,166,13.833333333333334,NA,0,0,2025,2026
S Sheridan,International T20,11,10,166,18.444444444444443,NA,0,0,2025,2026
Abeera Waris,International T20,25,23,164,8.2,NA,0,0,2022,2026
F Bulpitt,International T20,18,18,164,9.11111111111111,NA,0,0,2019,2026
CP Jack,International T20,13,12,164,13.666666666666666,NA,0,0,2009,2010
Zhang Chan,International T20,16,15,164,12.615384615384615,NA,0,1,2018,2019
T Kolcunova,International T20,17,15,163,10.866666666666667,NA,0,1,2024,2026
DM Kimmince,International T20,44,11,162,16.2,NA,0,0,2008,2020
M Mavunga,International T20,17,13,162,14.727272727272727,NA,0,0,2022,2026
AL Hodgkinson,International T20,8,7,161,23,NA,0,1,2011,2012
C Owen,International T20,10,9,160,26.666666666666668,NA,0,1,2018,2019
S Agazuma,International T20,19,16,159,13.25,NA,0,0,2019,2021
Kaushini Nuthyangana,International T20,27,19,159,13.25,NA,0,0,2022,2026
K McGill,International T20,34,21,158,9.294117647058824,NA,0,0,2018,2022
L Tastuki,International T20,23,18,158,10.533333333333333,NA,0,0,2019,2023
C Aweko,International T20,122,45,157,6.038461538461538,NA,0,0,2018,2026
H Eulenkamp,International T20,16,16,157,10.466666666666667,NA,0,0,2022,2024
Z Franova,International T20,25,19,157,9.235294117647058,NA,0,0,2024,2026
K Sequiera,International T20,9,7,157,26.166666666666668,NA,0,0,2025,2026
PJ Stahelin,International T20,17,16,157,10.466666666666667,NA,0,1,2019,2026
F Tanguy,International T20,33,22,157,8.263157894736842,NA,0,0,2019,2026
AE Smith,International T20,14,13,156,15.6,NA,0,0,2007,2010
M Biu,International T20,30,26,155,7.380952380952381,NA,0,0,2022,2025
AL Montenegro,International T20,10,10,155,19.375,NA,0,1,2018,2019
NR Ribeiro,International T20,4,4,155,51.666666666666664,NA,0,1,2018,2018
HM Rowe,International T20,47,20,155,15.5,NA,0,0,2015,2024
EJ Tice,International T20,25,19,155,11.923076923076923,NA,0,0,2011,2015
KM Molapo,International T20,22,22,154,7.333333333333333,NA,0,0,2023,2026
P Mujaji,International T20,28,21,154,8.105263157894736,NA,0,0,2021,2024
HW Rambaldo,International T20,10,9,154,19.25,NA,0,0,2008,2011
A Mohammed,International T20,117,41,152,7.238095238095238,NA,0,0,2008,2021
LS Mulivai,International T20,12,12,152,16.88888888888889,NA,0,0,2019,2019
NJ Carey,International T20,38,18,151,30.2,NA,0,0,2018,2026
Rabeya Khan,International T20,59,36,151,7.947368421052632,NA,0,0,2019,2026
S Vaia,International T20,19,15,151,10.785714285714286,NA,0,0,2023,2025
R Webster,International T20,31,19,151,10.785714285714286,NA,0,0,2022,2025
E Moiane,International T20,10,9,150,16.666666666666668,NA,0,0,2018,2019
Pech Pisa,International T20,15,14,150,10.714285714285714,NA,0,0,2022,2025
R Haiong,International T20,40,36,149,5.730769230769231,NA,0,0,2019,2026
A Ilahi,International T20,17,17,149,10.642857142857142,NA,0,0,2024,2026
S Ingabire,International T20,32,21,149,8.277777777777779,NA,0,0,2019,2023
A Reddy,International T20,54,24,149,8.764705882352942,NA,0,0,2018,2026
Zhang Mei,International T20,10,9,149,18.625,NA,0,0,2019,2019
C Zhou,International T20,14,13,149,11.461538461538462,NA,0,0,2019,2023
F Irakoze,International T20,45,24,148,8.705882352941176,NA,0,0,2019,2026
H Leko,International T20,14,14,148,12.333333333333334,NA,0,0,2024,2026
C Agafili,International T20,12,11,147,13.363636363636363,NA,0,0,2024,2025
A Dcosta,International T20,38,26,147,7.7368421052631575,NA,0,0,2022,2026
T Lafai,International T20,23,16,147,11.307692307692308,NA,0,0,2019,2023
I Vrignaud,International T20,18,14,146,14.6,NA,0,0,2019,2026
VCE Wattenberg,International T20,11,11,146,16.22222222222222,NA,0,0,2008,2011
Gong Yuting,International T20,34,22,145,8.529411764705882,NA,0,0,2024,2026
NC Monteiro,International T20,70,35,144,6.857142857142857,NA,0,0,2018,2026
Roma Thapa,International T20,40,22,144,9.6,NA,0,0,2019,2026
Apsari Begam,International T20,35,17,143,11.916666666666666,NA,0,0,2019,2024
S Galabova,International T20,27,26,143,6.5,NA,0,0,2024,2026
BF Smith,International T20,10,9,143,17.875,NA,0,1,2018,2024
K De La Mare,International T20,20,18,142,10.142857142857142,NA,0,0,2023,2026
D Foerster,International T20,55,26,142,11.833333333333334,NA,0,0,2018,2024
CS Nascimento,International T20,50,26,142,6.761904761904762,NA,0,0,2022,2026
M Vumiliya,International T20,61,35,142,8.352941176470589,NA,0,0,2019,2023
T Dissanayake,International T20,7,6,141,28.2,NA,0,1,2025,2025
M Perisic,International T20,21,20,141,7.421052631578948,NA,0,0,2024,2026
V Mahajan,International T20,15,13,140,11.666666666666666,NA,0,0,2025,2025
AB Slebsager,International T20,33,22,140,10,NA,0,0,2022,2026
I Goordial-John,International T20,15,12,139,11.583333333333334,NA,0,0,2025,2025
Hiu Ying Cheung,International T20,71,39,139,4.793103448275862,NA,0,0,2019,2026
G Ilarionova,International T20,19,16,139,9.266666666666667,NA,0,0,2024,2026
G Ingabire,International T20,24,17,139,9.928571428571429,NA,0,0,2024,2026
A Mossop,International T20,13,10,139,34.75,NA,0,0,2025,2026
Zaida James,International T20,32,17,139,11.583333333333334,NA,0,0,2023,2026
Javeria Rauf,International T20,13,12,137,12.454545454545455,NA,0,0,2012,2021
Kainat Imtiaz,International T20,21,17,137,12.454545454545455,NA,0,0,2010,2022
JA Miranda,International T20,16,16,137,10.538461538461538,NA,0,0,2018,2026
L Ramjit,International T20,14,9,137,27.4,NA,0,0,2019,2022
M Robinson,International T20,15,12,137,19.571428571428573,NA,0,0,2022,2026
Ganesh Pooja,International T20,16,13,136,12.363636363636363,NA,0,0,2022,2023
J Kominkova,International T20,24,20,136,7.555555555555555,NA,0,0,2024,2026
Sweeta Corda,International T20,15,14,136,13.6,NA,0,0,2025,2026
M Bayram,International T20,11,10,135,16.875,NA,0,0,2025,2026
JKC Claxton,International T20,20,15,135,12.272727272727273,NA,0,0,2025,2026
PRCS Kumarihami,International T20,19,19,135,7.9411764705882355,NA,0,0,2009,2015
T Mpandakwaya,International T20,20,15,135,11.25,NA,0,0,2018,2025
A Obulor,International T20,30,23,135,7.9411764705882355,NA,0,0,2019,2023
RA Reilly,International T20,16,12,135,12.272727272727273,NA,0,0,2024,2025
MF Fahey,International T20,8,7,134,22.333333333333332,NA,0,0,2006,2010
S Glenn,International T20,73,20,134,16.75,NA,0,0,2019,2025
L Udeh,International T20,50,27,134,6.7,NA,0,0,2022,2026
Christina Baret,International T20,21,16,133,10.23076923076923,NA,0,0,2018,2023
UCKA Dona,International T20,33,22,133,8.866666666666667,NA,0,0,2018,2025
Jagrat Dubey,International T20,25,17,133,12.090909090909092,NA,0,0,2023,2026
AF Aoina,International T20,27,21,132,6.947368421052632,NA,0,0,2022,2025
M Sankoh,International T20,18,15,132,8.8,NA,0,0,2018,2022
RS Vandort,International T20,22,14,132,12,NA,0,1,2013,2018
Aarti Priya,International T20,25,21,131,7.705882352941177,NA,0,0,2023,2026
Abhilasha Singh,International T20,15,9,131,16.375,NA,0,0,2021,2025
M Anthony,International T20,6,5,131,65.5,NA,0,0,2019,2019
S Bhardwaj,International T20,31,26,131,5.458333333333333,NA,0,0,2023,2026
R Dhar,International T20,18,11,131,18.714285714285715,NA,0,1,2006,2018
N Kingsley,International T20,17,15,131,10.916666666666666,NA,0,0,2025,2026
TC Mataora,International T20,12,10,131,16.375,NA,0,0,2024,2025
H Simpson-Parker,International T20,23,18,131,7.277777777777778,NA,0,0,2022,2025
Sun Meng Yao,International T20,7,7,131,21.833333333333332,NA,0,0,2019,2024
Aleena Khan,International T20,26,23,130,5.909090909090909,NA,0,0,2020,2023
Likitha Yadav,International T20,18,18,129,9.923076923076923,NA,0,0,2024,2026
G Madanayake,International T20,15,15,129,8.6,NA,0,0,2025,2026
JAN Ngono,International T20,22,22,129,7.166666666666667,NA,0,0,2021,2025
SJ Tsukigawa,International T20,19,16,129,9.214285714285714,NA,0,0,2006,2011
S Jayakodi,International T20,25,19,128,8.533333333333333,NA,0,0,2024,2026
K Pandya,International T20,19,16,128,8.533333333333333,NA,0,0,2024,2026
DG Perez,International T20,8,8,128,18.285714285714285,NA,0,0,2024,2026
KDU Prabodhani,International T20,106,44,128,6.4,NA,0,0,2009,2024
Vaishnave Mahesh,International T20,104,40,128,5.12,NA,0,0,2019,2026
SW Kinyua,International T20,12,11,127,12.7,NA,0,0,2019,2022
S Lita D'Sa,International T20,35,25,127,5.291666666666667,NA,0,0,2023,2026
S Loubser,International T20,43,23,127,7.470588235294118,NA,0,0,2007,2014
Nayab Razwan,International T20,19,19,127,7.470588235294118,NA,0,0,2024,2026
K Brock-Nielsen,International T20,27,22,126,6.631578947368421,NA,0,0,2023,2026
C de Lange,International T20,92,33,126,6,NA,0,0,2019,2026
AM Healey,International T20,17,15,126,9,NA,0,0,2019,2021
SE Rowe,International T20,22,10,126,21,NA,0,0,2010,2013
S Dunukedeniya,International T20,30,18,125,9.615384615384615,NA,0,1,2024,2026
G Keles,International T20,16,14,125,12.5,NA,0,1,2023,2026
Khusboo Kandpal,International T20,21,17,125,9.615384615384615,NA,0,0,2023,2026
HML Madushani,International T20,10,8,125,17.857142857142858,NA,0,1,2010,2016
MR Meshram,International T20,11,9,125,17.857142857142858,NA,0,0,2012,2018
S Paldon,International T20,18,16,125,8.928571428571429,NA,0,0,2019,2026
Ragne Hallik,International T20,17,15,125,8.928571428571429,NA,0,0,2023,2026
S Sarandeva,International T20,24,24,125,5.208333333333333,NA,0,1,2024,2026
M Stevanovic,International T20,8,8,125,17.857142857142858,NA,0,0,2026,2026
M Wai Siu,International T20,101,35,125,8.928571428571429,NA,0,0,2019,2026
WNA Bucuane,International T20,19,18,124,7.294117647058823,NA,0,0,2025,2026
A Littlejohns,International T20,20,15,124,10.333333333333334,NA,0,0,2022,2025
A Adekunle,International T20,43,24,123,7.6875,NA,0,0,2023,2026
W Liengprasert,International T20,39,19,123,10.25,NA,0,0,2018,2021
I Toua,International T20,63,26,123,7.6875,NA,0,0,2018,2026
AZ Dean,International T20,7,7,122,17.428571428571427,NA,0,1,2019,2019
GS Sequeira,International T20,3,3,122,122,NA,0,2,2025,2025
M Batnasan,International T20,20,20,121,7.5625,NA,0,0,2024,2026
A Igbobie,International T20,34,21,121,6.722222222222222,NA,0,0,2019,2024
Javed Hira,International T20,9,8,121,24.2,NA,0,0,2020,2020
G Kodali,International T20,40,27,121,6.368421052631579,NA,0,0,2019,2026
EN Lynch,International T20,50,31,121,6.05,NA,0,0,2019,2025
HM Tiffen,International T20,9,8,121,17.285714285714285,NA,0,0,2004,2009
H Celik,International T20,12,7,120,30,NA,0,1,2025,2026
S Hussein,International T20,13,12,120,12,NA,0,0,2018,2019
BMSM Kumari,International T20,109,38,120,5,NA,0,0,2015,2026
KA Blackwell,International T20,6,6,119,39.666666666666664,NA,0,0,2005,2008
LM Kasperek,International T20,52,24,119,6.2631578947368425,NA,0,0,2015,2024
C Lokuge,International T20,15,15,119,9.153846153846153,NA,0,0,2025,2026
Farwa Baber,International T20,7,7,118,23.6,NA,0,0,2026,2026
S Magar,International T20,24,16,118,9.833333333333334,NA,0,0,2019,2022
D McGahey,International T20,6,6,118,19.666666666666668,NA,0,0,2023,2023
JM Watkin,International T20,9,8,118,16.857142857142858,NA,0,1,2018,2018
RE Slater,International T20,42,24,117,6.882352941176471,NA,0,0,2022,2026
E Chiralile,International T20,20,20,117,6.882352941176471,NA,0,0,2025,2026
SJ Coyte,International T20,47,21,117,13,NA,0,0,2010,2016
SF Jerome,International T20,50,21,117,9.75,NA,0,0,2021,2026
Pen Samon,International T20,16,15,117,9,NA,0,0,2022,2025
G Cengiz,International T20,10,10,116,16.571428571428573,NA,0,1,2023,2025
SG Luijke,International T20,8,8,116,16.571428571428573,NA,0,1,2025,2026
ECB Moore,International T20,25,14,116,11.6,NA,0,0,2024,2026
LJ Payas,International T20,13,10,116,16.571428571428573,NA,0,1,2024,2025
G Uwase,International T20,45,26,116,5.523809523809524,NA,0,0,2023,2026
R Malhotra,International T20,22,14,115,19.166666666666668,NA,0,0,2006,2012
Nisha Ali,International T20,5,5,115,23,NA,0,1,2018,2018
R Ntono,International T20,16,16,115,7.1875,NA,0,0,2018,2021
Emylia Eliani,International T20,10,10,115,14.375,NA,0,0,2018,2019
RG Somashekhar,International T20,21,16,115,12.777777777777779,NA,0,0,2021,2025
F Najjumba,International T20,16,13,114,12.666666666666666,NA,0,0,2018,2022
Nasra Mohamedi,International T20,16,12,114,11.4,NA,0,0,2019,2025
S Rani,International T20,9,9,114,12.666666666666666,NA,0,0,2023,2024
Bella Poon,International T20,19,19,113,6.277777777777778,NA,0,0,2019,2023
LK Ebsary,International T20,14,12,113,14.125,NA,0,0,2009,2012
S Hickman,International T20,7,7,113,56.5,NA,0,1,2019,2022
J Kowa,International T20,32,19,113,8.692307692307692,NA,0,0,2018,2024
P Shetty,International T20,27,20,113,7.0625,NA,0,0,2022,2025
K Canavarci,International T20,13,13,112,8.615384615384615,NA,0,0,2023,2026
BS Fulmali,International T20,15,13,112,12.444444444444445,NA,0,0,2019,2026
M Durdevac,International T20,6,5,111,55.5,NA,0,1,2025,2026
S Kambalapalli,International T20,8,8,111,15.857142857142858,NA,0,1,2026,2026
D Samarawickrama,International T20,15,9,111,15.857142857142858,NA,0,0,2021,2023
A Stephenson,International T20,6,5,111,27.75,NA,0,1,2019,2019
M Artur,International T20,43,22,110,5.5,NA,0,0,2021,2026
S Pakhrin,International T20,11,8,110,13.75,NA,0,0,2023,2026
Poorvaja Jagdeesha,International T20,20,17,110,7.857142857142857,NA,0,0,2022,2025
A Salomao,International T20,44,31,110,5,NA,0,0,2018,2026
N Symmons,International T20,3,3,110,36.666666666666664,NA,0,1,2010,2010
H Dhavina,International T20,57,27,109,4.954545454545454,NA,0,0,2018,2026
Mina Baek,International T20,7,7,109,21.8,NA,0,1,2018,2019
B Waluma,International T20,27,27,109,4.739130434782608,NA,0,0,2023,2025
Ezgi Nur Kilic,International T20,16,12,108,9,NA,0,0,2023,2026
HIS Mendis,International T20,8,8,108,18,NA,0,0,2018,2019
AA Moiane,International T20,23,20,108,6,NA,0,0,2022,2026
EH Rendler,International T20,8,8,108,15.428571428571429,NA,0,0,2019,2019
T Salcedo,International T20,17,17,108,7.2,NA,0,0,2018,2024
S Chaturongrattana,International T20,76,20,107,8.23076923076923,NA,0,0,2022,2026
EFB Estrada,International T20,14,14,107,11.88888888888889,NA,0,0,2019,2026
S Molineux,International T20,51,16,107,8.23076923076923,NA,0,0,2018,2026
B Mpedi,International T20,24,18,107,7.133333333333334,NA,0,0,2018,2023
T De Silva,International T20,30,26,106,5.888888888888889,NA,0,0,2024,2026
T Gedarage,International T20,15,15,106,7.571428571428571,NA,0,0,2024,2026
D Koralalage,International T20,30,19,106,7.571428571428571,NA,0,0,2024,2026
TH Semau,International T20,29,23,106,5.3,NA,0,0,2022,2025
Vathana Sreemurugavel,International T20,19,19,106,7.571428571428571,NA,0,0,2018,2024
A Fujikawa,International T20,34,20,105,11.666666666666666,NA,0,0,2022,2026
Suzan Turan,International T20,11,9,105,15,NA,0,0,2025,2026
Isabel Walker,International T20,6,6,104,52,NA,0,0,2026,2026
E Lanser,International T20,6,6,104,20.8,NA,0,1,2010,2011
Mengting Liu,International T20,29,22,104,6.117647058823529,NA,0,0,2023,2025
S Raveendrakumar,International T20,17,14,104,10.4,NA,0,0,2019,2026
Riyaa Bhasin,International T20,31,25,104,5.2,NA,0,0,2022,2026
MEMO Scott-Hayward,International T20,22,20,104,6.117647058823529,NA,0,0,2008,2014
N Shangase,International T20,19,10,104,14.857142857142858,NA,0,0,2019,2026
A Shrubsole,International T20,79,19,104,11.555555555555555,NA,0,0,2008,2020
Sinae Kim,International T20,12,11,104,9.454545454545455,NA,0,0,2018,2024
M Vervitsioti,International T20,46,25,104,5.2,NA,0,0,2022,2026
V Iriho,International T20,14,13,103,8.583333333333334,NA,0,0,2019,2019
SB Martinez,International T20,14,13,103,8.583333333333334,NA,0,0,2019,2026
F Pessima,International T20,32,18,103,7.923076923076923,NA,0,0,2021,2025
L Sormus,International T20,25,20,103,5.722222222222222,NA,0,0,2023,2025
S Talamarla,International T20,14,10,103,11.444444444444445,NA,0,0,2025,2026
L Wykes-Templeman,International T20,17,17,103,6.866666666666666,NA,0,0,2022,2023
NM Anil,International T20,9,8,102,12.75,NA,0,1,2022,2022
Emily Sirs,International T20,11,9,102,14.571428571428571,NA,0,1,2025,2025
NT Raghunandan,International T20,6,6,102,17,NA,0,0,2026,2026
Rameen Shamim,International T20,19,10,102,14.571428571428571,NA,0,0,2019,2026
Aanvi Kishore,International T20,7,6,101,20.2,NA,0,1,2026,2026
Alina Aslam,International T20,25,17,101,7.769230769230769,NA,0,0,2024,2026
WM Delgado,International T20,15,11,101,11.222222222222221,NA,0,0,2019,2026
A Lumbe,International T20,11,11,101,10.1,NA,0,0,2025,2026
J Post,International T20,27,19,101,7.769230769230769,NA,0,0,2018,2022
D Tekyildirim,International T20,10,7,101,25.25,NA,0,0,2025,2026
FA Zavala,International T20,14,12,101,8.416666666666666,NA,0,0,2022,2025
Chan Ka Man,International T20,84,33,100,5.555555555555555,NA,0,0,2019,2025
D Devnarain,International T20,22,11,100,16.666666666666668,NA,0,0,2008,2016
NT Gruny,International T20,8,7,100,20,NA,0,1,2019,2019
Jayasooriya,International T20,23,18,100,6.25,NA,0,0,2022,2026
F Moya,International T20,15,14,100,7.6923076923076925,NA,0,0,2018,2026
P Senjug,International T20,14,12,100,8.333333333333334,NA,0,0,2024,2026
JKD Andreano,International T20,36,32,99,3.193548387096774,NA,0,0,2019,2026
SYD Chan,International T20,30,18,99,7.071428571428571,NA,0,0,2023,2026
NA Conejeros,International T20,9,9,99,14.142857142857142,NA,0,0,2018,2019
O Erdenebaatar,International T20,22,22,99,5.5,NA,0,0,2024,2025
AC Mushangwe,International T20,21,9,99,16.5,NA,0,0,2019,2022
Nayab Alizai,International T20,12,12,99,8.25,NA,0,0,2019,2024
MA Nyabela,International T20,22,21,99,4.95,NA,0,0,2023,2026
TS Omary,International T20,27,12,99,12.375,NA,0,0,2019,2025
VB Viyala,International T20,21,18,99,7.615384615384615,NA,0,0,2024,2026
SP de Alwis,International T20,10,9,98,10.88888888888889,NA,0,0,2010,2011
Gillian Chilia,International T20,29,15,98,8.909090909090908,NA,0,0,2023,2026
T Araliya,International T20,26,13,97,13.857142857142858,NA,0,0,2021,2025
SK Dolawatte,International T20,24,17,97,6.466666666666667,NA,0,0,2009,2013
Kerry Fraser,International T20,17,12,97,10.777777777777779,NA,0,0,2023,2026
Natalie Clarke,International T20,20,10,97,12.125,NA,0,0,2025,2026
Sadaf Shamas,International T20,16,14,97,6.928571428571429,NA,0,0,2023,2026
S Yildirim,International T20,6,4,97,32.333333333333336,NA,0,1,2025,2025
E Anyipo,International T20,60,25,96,5.333333333333333,NA,0,0,2019,2025
S Ostergaard,International T20,34,18,96,6.4,NA,0,0,2023,2026
R Overman,International T20,22,17,96,6.857142857142857,NA,0,0,2022,2026
FLV Pula,International T20,12,9,96,16,NA,0,0,2019,2019
A Cossa,International T20,18,13,95,11.875,NA,0,1,2018,2021
RM Farrell,International T20,54,14,95,11.875,NA,0,0,2009,2016
S Kavindi,International T20,6,6,95,19,NA,0,0,2026,2026
Ly Saomakara,International T20,11,10,95,9.5,NA,0,0,2022,2025
Maria Jasvi,International T20,60,39,95,3.9583333333333335,NA,0,0,2019,2026
P Roy,International T20,15,10,95,10.555555555555555,NA,0,0,2009,2011
LDVV Silva,International T20,6,6,95,15.833333333333334,NA,0,0,2010,2010
NM Cherriath,International T20,16,12,94,11.75,NA,0,0,2021,2022
MSC Erasito,International T20,29,25,94,4.2727272727272725,NA,0,0,2022,2025
Mia Arda,International T20,20,9,94,13.428571428571429,NA,0,1,2022,2024
A Sootaga,International T20,18,13,94,10.444444444444445,NA,0,0,2023,2025
LA Bourne,International T20,12,10,93,10.333333333333334,NA,0,0,2019,2019
LR Down,International T20,13,9,93,13.285714285714286,NA,0,0,2020,2022
Jing Yang,International T20,18,16,93,7.153846153846154,NA,0,0,2023,2024
T Khabo,International T20,19,19,93,5.470588235294118,NA,0,0,2018,2026
T Mulepati,International T20,11,11,93,10.333333333333334,NA,0,0,2025,2026
RP Yadav,International T20,91,26,93,5.470588235294118,NA,0,0,2018,2026
N Liyanage,International T20,24,13,92,7.666666666666667,NA,0,0,2024,2026
Maryyam Ashraf,International T20,35,24,92,6.133333333333334,NA,0,0,2019,2024
Panna Ghosh,International T20,40,23,92,10.222222222222221,NA,0,0,2012,2020
AM Peterson,International T20,33,18,92,6.133333333333334,NA,0,0,2015,2020
A Prince,International T20,22,15,92,7.666666666666667,NA,0,0,2022,2025
Adama Kamara,International T20,11,9,91,15.166666666666666,NA,0,0,2018,2021
D Bhatta,International T20,21,13,91,7.583333333333333,NA,0,0,2019,2024
HL Colvin,International T20,50,13,91,13,NA,0,0,2007,2013
KE Ebrahim,International T20,39,20,91,8.272727272727273,NA,0,0,2010,2021
Habeeba Bader,International T20,17,15,91,7.583333333333333,NA,0,0,2019,2025
Ntombizodwa Mkhatshwa,International T20,24,24,91,3.7916666666666665,NA,0,0,2021,2025
B Nwobodo,International T20,9,7,91,15.166666666666666,NA,0,0,2019,2019
W Ofamoli,International T20,12,12,91,9.1,NA,0,0,2019,2019
C Ostergaard,International T20,29,20,91,11.375,NA,0,0,2024,2026
NA Pratt,International T20,5,5,91,18.2,NA,0,0,2018,2018
Rabbjyot Rajput,International T20,24,17,91,7.583333333333333,NA,0,0,2023,2026
Regina Suddahazai,International T20,11,9,91,18.2,NA,0,0,2023,2023
I Suhun,International T20,24,22,91,4.7894736842105265,NA,0,0,2022,2025
KV Vakuruivalu,International T20,30,22,91,7,NA,0,0,2022,2025
N Benjamin,International T20,33,15,90,10,NA,0,0,2023,2026
R Butler,International T20,7,7,90,15,NA,0,0,2018,2019
P Chilongia,International T20,19,10,90,18,NA,0,0,2022,2026
A Kitayama,International T20,9,9,90,10,NA,0,1,2019,2019
NJ Thrupp,International T20,3,3,90,90,NA,0,1,2021,2021
DP Vaidya,International T20,17,8,90,22.5,NA,0,0,2014,2023
K Awuah,International T20,10,10,89,9.88888888888889,NA,0,0,2022,2026
R Irera,International T20,86,30,89,9.88888888888889,NA,0,0,2023,2026
AISD Kainoco,International T20,20,19,89,4.944444444444445,NA,0,0,2022,2024
T Maika,International T20,14,12,89,8.9,NA,0,0,2023,2025
Samantha Singham,International T20,7,7,89,17.8,NA,0,0,2018,2019
VM Andrew,International T20,6,6,88,17.6,NA,0,1,2023,2023
Aneeta Santhosh,International T20,10,10,88,9.777777777777779,NA,0,0,2024,2024
Farial Zia Safdar,International T20,15,15,88,6.285714285714286,NA,0,0,2019,2022
E Gouge,International T20,33,14,88,9.777777777777779,NA,0,0,2019,2026
Irdina Beh Nabil,International T20,26,17,88,8,NA,0,0,2023,2026
Keziah Miriam Sabin,International T20,18,10,88,22,NA,0,1,2024,2025
T Legaabile,International T20,24,16,88,6.769230769230769,NA,0,0,2018,2022
G Mallett,International T20,28,10,88,17.6,NA,0,0,2019,2025
C Murrombe,International T20,22,19,88,4.888888888888889,NA,0,0,2018,2021
TG Norris,International T20,17,11,88,11,NA,0,0,2021,2026
V Stolle,International T20,28,14,88,8,NA,0,0,2019,2026
V Frank,International T20,10,8,87,17.4,NA,0,0,2018,2019
MPA Miranda,International T20,5,5,87,29,NA,0,0,2026,2026
A Nookala,International T20,48,30,87,4.142857142857143,NA,0,0,2019,2025
L Phiri,International T20,39,15,87,7.25,NA,0,0,2019,2026
Urooj Mumtaz,International T20,9,9,87,12.428571428571429,NA,0,0,2009,2010
A Akhigbe,International T20,16,15,86,7.818181818181818,NA,0,0,2024,2026
U Bayarjavkhlan,International T20,20,16,86,6.615384615384615,NA,0,0,2024,2026
M Bestani,International T20,11,8,86,14.333333333333334,NA,0,0,2025,2026
LD Chukkapalli-Llinares,International T20,9,5,86,21.5,NA,0,0,2024,2026
Sajjida Shah,International T20,8,8,86,12.285714285714286,NA,0,0,2009,2010
R Salia,International T20,11,11,86,7.818181818181818,NA,0,0,2022,2026
MT Waqanisau,International T20,16,15,86,6.615384615384615,NA,0,0,2024,2025
A Bester,International T20,16,13,85,7.7272727272727275,NA,0,0,2023,2023
K Kapadia,International T20,28,17,84,5.6,NA,0,0,2021,2026
CT McNally,International T20,8,7,84,16.8,NA,0,0,2024,2024
RB Osabel,International T20,19,19,84,5.6,NA,0,0,2019,2025
S Rana,International T20,31,15,84,14,NA,0,0,2014,2025
Sonam,International T20,34,21,84,4.9411764705882355,NA,0,0,2022,2026
O Matsolo,International T20,32,21,83,5.928571428571429,NA,0,0,2018,2025
K Meso,International T20,12,9,83,20.75,NA,0,1,2024,2026
R Muir,International T20,4,4,83,27.666666666666668,NA,0,1,2024,2024
F Parkinson,International T20,25,11,83,8.3,NA,0,0,2018,2025
B Phelenyane,International T20,24,22,83,3.9523809523809526,NA,0,0,2018,2026
V Redkar,International T20,4,4,83,27.666666666666668,NA,0,0,2025,2025
NJ Shaw,International T20,22,15,83,11.857142857142858,NA,0,0,2004,2010
N Sibanda,International T20,68,17,83,8.3,NA,0,0,2019,2026
A Zimunu,International T20,13,8,83,13.833333333333334,NA,0,0,2025,2026
M Kanno,International T20,9,9,82,10.25,NA,0,0,2019,2019
L Moises,International T20,54,19,82,8.2,NA,0,0,2019,2026
B Pierre,International T20,12,9,82,9.11111111111111,NA,0,0,2021,2026
R Avdylaj,International T20,19,14,81,6.230769230769231,NA,0,0,2019,2025
Amelia Jones,International T20,9,6,81,20.25,NA,0,0,2025,2026
O Ranedoumoun,International T20,24,20,81,4.764705882352941,NA,0,0,2023,2025
C Crowe,International T20,19,14,80,6.666666666666667,NA,0,0,2022,2026
SS Grimmond,International T20,15,14,80,7.2727272727272725,NA,0,0,2019,2023
RJ Rolls,International T20,2,2,80,40,NA,0,0,2004,2006
N Tokizawa,International T20,9,7,80,11.428571428571429,NA,0,0,2019,2019
Umm-e-Hani,International T20,19,12,80,10,NA,0,0,2023,2026
ET Williams,International T20,11,9,80,13.333333333333334,NA,0,0,2024,2025
Xu Qian,International T20,35,21,80,4.444444444444445,NA,0,0,2018,2025
H Agarwal,International T20,24,20,79,4.647058823529412,NA,0,0,2021,2025
G Ayan,International T20,14,13,79,7.181818181818182,NA,0,0,2023,2026
JG Kimaro,International T20,18,13,79,7.9,NA,0,0,2025,2025
DL Mejia,International T20,7,7,79,11.285714285714286,NA,0,1,2024,2024
Mirab Razwan,International T20,33,24,79,4.157894736842105,NA,0,0,2022,2026
Shaila Sharmin,International T20,16,10,79,8.777777777777779,NA,0,0,2013,2019
A Canning,International T20,48,17,78,7.090909090909091,NA,0,0,2021,2026
M Dailesi,International T20,12,10,78,9.75,NA,0,0,2018,2019
SI Jahani,International T20,3,3,78,78,NA,0,0,2022,2022
KS Kasse,International T20,36,18,78,6.5,NA,0,0,2023,2026
Mutaiba Ansar,International T20,11,10,78,9.75,NA,0,0,2019,2022
C Mutasa,International T20,11,11,78,11.142857142857142,NA,0,0,2024,2026
EA Osborne,International T20,59,18,78,8.666666666666666,NA,0,0,2009,2016
LAR Bommareddy,International T20,24,16,77,7,NA,0,0,2024,2026
Chen Xinyu,International T20,23,18,77,5.923076923076923,NA,0,0,2023,2026
A Gurung,International T20,43,27,77,4.052631578947368,NA,0,0,2019,2026
HWA Landheer,International T20,61,27,77,5.5,NA,0,0,2019,2026
J Newland,International T20,11,7,77,12.833333333333334,NA,0,0,2024,2025
M Valner,International T20,28,22,77,4.052631578947368,NA,0,0,2023,2026
SK Chandhrasekar,International T20,7,7,76,15.2,NA,0,0,2019,2019
R Gnanaraj,International T20,8,8,76,9.5,NA,0,0,2024,2024
N Laguea,International T20,8,7,76,15.2,NA,0,0,2024,2025
S Sigaiwasa,International T20,17,15,76,5.428571428571429,NA,0,0,2023,2025
A Taylor,International T20,27,21,76,5.066666666666666,NA,0,0,2024,2026
Chado Om,International T20,25,14,75,9.375,NA,0,0,2023,2026
Kainat Qazi,International T20,16,13,75,6.818181818181818,NA,0,0,2019,2025
B Shetty,International T20,17,11,75,10.714285714285714,NA,0,0,2020,2022
A Thorpe,International T20,34,13,75,7.5,NA,0,0,2022,2026
A Uwimbabazi,International T20,14,10,75,12.5,NA,0,0,2019,2022
A Wanjira,International T20,21,17,75,6.25,NA,0,0,2023,2025
Aishani Kishore,International T20,8,6,74,18.5,NA,0,0,2025,2026
EM Bermingham,International T20,31,17,74,5.6923076923076925,NA,0,0,2010,2017
R Choden,International T20,27,15,74,8.222222222222221,NA,0,0,2019,2026
EGS Kana,International T20,26,23,74,3.3636363636363638,NA,0,0,2023,2025
H Kerge,International T20,26,20,74,4.625,NA,0,0,2024,2026
M Khokhar,International T20,9,9,74,8.222222222222221,NA,0,0,2019,2021
TA Lavia,International T20,14,12,74,7.4,NA,0,0,2025,2025
K Srandeva,International T20,23,19,74,4.933333333333334,NA,0,0,2024,2026
GES Sullivan,International T20,8,7,74,10.571428571428571,NA,0,0,2025,2025
E Chauveau,International T20,6,4,72,36,NA,0,0,2019,2019
E Kallous,International T20,23,16,72,6.545454545454546,NA,0,0,2024,2026
Mashael Waqas,International T20,9,9,72,9,NA,0,0,2025,2026
GL Mushi,International T20,11,7,72,18,NA,0,0,2019,2025
Seri Chang,International T20,12,12,72,6.545454545454546,NA,0,0,2018,2024
AB Sharma,International T20,3,3,72,24,NA,0,0,2026,2026
C Abel,International T20,31,12,71,10.142857142857142,NA,0,0,2023,2026
V Mansale,International T20,47,21,71,4.4375,NA,0,0,2019,2025
AF Mapu,International T20,18,13,71,6.454545454545454,NA,0,0,2024,2025
E de Souza,International T20,14,12,70,6.363636363636363,NA,0,0,2021,2022
N Erdenebat,International T20,8,8,70,8.75,NA,0,0,2025,2026
E Khaliunaa,International T20,24,23,70,3.6842105263157894,NA,0,0,2023,2026
S MacMahon,International T20,27,14,70,7.777777777777778,NA,0,0,2019,2025
CI Manidom,International T20,20,19,70,4.117647058823529,NA,0,0,2021,2025
L Maritz,International T20,26,15,70,7.777777777777778,NA,0,0,2018,2021
R Misra,International T20,6,5,70,17.5,NA,0,0,2023,2023
Nashra Sandhu,International T20,92,32,70,4.666666666666667,NA,0,0,2017,2026
M Ortiz,International T20,7,7,70,10,NA,0,0,2024,2024
AC Septien,International T20,11,11,70,7,NA,0,0,2018,2024
IS Singuran,International T20,6,6,70,14,NA,0,0,2022,2022
K Terry,International T20,6,6,70,14,NA,0,0,2019,2019
AE Vicentin,International T20,4,4,70,17.5,NA,0,0,2018,2018
F Agaimalo,International T20,11,9,69,11.5,NA,0,0,2022,2023
AA Deshpande,International T20,8,7,69,11.5,NA,0,0,2011,2014
Emma Patel,International T20,16,14,69,6.9,NA,0,0,2023,2023
K John,International T20,5,5,69,13.8,NA,0,0,2018,2018
RP Johnston,International T20,15,11,69,6.2727272727272725,NA,0,0,2019,2023
E Millington,International T20,15,11,69,7.666666666666667,NA,0,0,2023,2026
D Mukarurangwa,International T20,10,8,69,9.857142857142858,NA,0,0,2019,2021
RE Nyangendo,International T20,13,9,69,8.625,NA,0,0,2022,2022
SNL Siegers,International T20,82,25,69,4.928571428571429,NA,0,0,2018,2026
F Song,International T20,10,9,69,9.857142857142858,NA,0,0,2019,2019
Soniya Dabir,International T20,13,9,68,11.333333333333334,NA,0,0,2010,2014
S Hassall,International T20,18,16,68,5.666666666666667,NA,0,0,2024,2025
N Mabila,International T20,18,18,68,4,NA,0,0,2021,2025
B Manuel,International T20,22,16,68,4.533333333333333,NA,0,0,2023,2025
P Pheko,International T20,20,19,68,3.7777777777777777,NA,0,0,2018,2026
Thae Thae Po,International T20,33,17,68,8.5,NA,0,0,2023,2025
DS Vlachopoulou,International T20,21,10,68,8.5,NA,0,0,2023,2024
Jiyeon Park,International T20,11,11,67,7.444444444444445,NA,0,0,2018,2024
MDT Kamini,International T20,3,2,67,33.5,NA,0,1,2008,2013
T Kobeli,International T20,18,18,67,3.9411764705882355,NA,0,0,2018,2025
RO Mazumba,International T20,17,12,67,8.375,NA,0,0,2023,2026
Ma Ruike,International T20,38,17,67,5.583333333333333,NA,0,0,2024,2026
H Nguyen,International T20,11,9,67,16.75,NA,0,0,2025,2026
Shorifa Khatun,International T20,12,9,67,13.4,NA,0,0,2023,2024
C Sosa,International T20,36,21,67,5.153846153846154,NA,0,0,2019,2026
S Venkataraman,International T20,18,11,67,6.7,NA,0,0,2018,2021
E Brelivet,International T20,17,11,66,7.333333333333333,NA,0,0,2019,2023
L Dalbina,International T20,10,8,66,13.2,NA,0,0,2023,2024
CM de Groot,International T20,8,7,66,9.428571428571429,NA,0,0,2008,2011
Diana Baig,International T20,59,27,66,4.714285714285714,NA,0,0,2015,2026
NL Mtomba,International T20,6,6,66,13.2,NA,0,0,2025,2026
KL Pulford,International T20,12,8,66,11,NA,0,0,2009,2010
I Ranaweera,International T20,91,31,66,5.5,NA,0,0,2012,2026
G Batagoda,International T20,17,9,65,7.222222222222222,NA,0,0,2021,2023
S Kaneria,International T20,4,4,65,16.25,NA,0,0,2025,2025
R Khullar,International T20,11,9,65,8.125,NA,0,0,2025,2026
L Moore,International T20,7,7,65,10.833333333333334,NA,0,0,2025,2026
EC Muller,International T20,21,12,65,5.909090909090909,NA,0,0,2023,2026
YB Rodriguez,International T20,14,14,65,4.642857142857143,NA,0,0,2018,2026
TRR Sharfudheen,International T20,18,18,65,3.823529411764706,NA,0,0,2024,2026
D Staddon,International T20,12,11,65,7.222222222222222,NA,0,0,2021,2022
HL Tau,International T20,20,11,65,13,NA,0,0,2023,2026
ETV Vaaetasi,International T20,11,9,65,16.25,NA,0,0,2022,2024
Batool Fatima,International T20,45,17,64,5.818181818181818,NA,0,0,2009,2014
F Fyneface,International T20,12,10,64,9.142857142857142,NA,0,0,2019,2019
Mirab Sajjad,International T20,10,10,64,8,NA,0,0,2025,2026
BD Pare,International T20,17,11,64,6.4,NA,0,0,2019,2025
S Praveen,International T20,5,4,64,16,NA,0,0,2025,2025
B Shotorova,International T20,19,19,64,3.5555555555555554,NA,0,0,2024,2026
J Souckova,International T20,14,10,64,8,NA,0,0,2025,2026
M del Valle,International T20,8,5,64,12.8,NA,0,1,2019,2022
Angela Busa,International T20,19,17,63,4.2,NA,0,0,2023,2025
T Ariuntsetseg,International T20,16,16,63,4.2,NA,0,0,2023,2024
R Hawkins,International T20,16,10,63,7.875,NA,0,0,2018,2019
Iqra Sahar,International T20,83,29,63,3.7058823529411766,NA,0,0,2021,2026
Nary Thapa,International T20,11,8,63,12.6,NA,0,0,2019,2019
LK O'Reilly,International T20,32,15,63,7,NA,0,0,2013,2018
SA Panayan,International T20,26,19,63,4.846153846153846,NA,0,0,2021,2025
S Paul,International T20,8,8,63,7.875,NA,0,0,2022,2022
K Robert,International T20,5,5,63,15.75,NA,0,0,2026,2026
Sania Khan,International T20,25,18,63,7.875,NA,0,0,2010,2016
Sasha Azmi,International T20,27,15,63,7.875,NA,0,0,2018,2022
MIW van den Raad,International T20,23,12,63,7,NA,0,0,2023,2026
KG Anderson,International T20,4,4,62,15.5,NA,0,0,2023,2023
SJ Elliott,International T20,14,10,62,7.75,NA,0,0,2005,2011
AK Gonerara,International T20,29,22,62,3.4444444444444446,NA,0,0,2022,2025
RMAU Grimmond,International T20,6,5,62,12.4,NA,0,0,2025,2026
PS Kanankege,International T20,42,16,62,6.2,NA,0,0,2021,2026
TMA Leslie,International T20,21,19,62,3.875,NA,0,0,2021,2024
K Mataora,International T20,8,6,62,20.666666666666668,NA,0,0,2023,2025
Mohammed Jimia,International T20,6,6,62,10.333333333333334,NA,0,0,2022,2024
R Oa,International T20,36,15,62,6.888888888888889,NA,0,0,2018,2023
R Padunglerd,International T20,40,16,62,5.636363636363637,NA,0,0,2018,2021
A Tagilala,International T20,10,8,62,8.857142857142858,NA,0,0,2019,2019
M Tsarsi,International T20,5,5,62,20.666666666666668,NA,0,0,2018,2018
D Dzimau,International T20,12,10,61,8.714285714285714,NA,0,0,2018,2019
D Kataina,International T20,10,9,61,7.625,NA,0,0,2023,2025
L Kumari,International T20,6,6,61,10.166666666666666,NA,0,0,2009,2015
JM Nthenya,International T20,8,8,61,10.166666666666666,NA,0,0,2024,2024
Sabreen Zaki,International T20,9,7,61,10.166666666666666,NA,0,0,2019,2025
SC Selman,International T20,96,26,61,8.714285714285714,NA,0,0,2008,2023
M Tarimiala,International T20,46,17,61,6.1,NA,0,0,2019,2026
J Tugsjargal,International T20,17,16,61,4.357142857142857,NA,0,0,2024,2026
R Turay,International T20,6,5,61,12.2,NA,0,0,2023,2024
M Vua,International T20,12,12,61,5.083333333333333,NA,0,0,2019,2019
Aisya Eleesa,International T20,82,26,60,3.5294117647058822,NA,0,0,2018,2026
D Ndipo,International T20,5,5,60,30,NA,0,0,2018,2018
MJG Nielsen,International T20,44,13,60,12,NA,0,0,2012,2016
T Saville,International T20,5,4,60,20,NA,0,0,2025,2025
PA Wadenpohl,International T20,25,16,60,5.454545454545454,NA,0,0,2019,2022
RA Mair,International T20,48,15,59,9.833333333333334,NA,0,0,2019,2026
M Carlot,International T20,26,18,59,4.916666666666667,NA,0,0,2019,2024
SS Connell,International T20,78,20,59,9.833333333333334,NA,0,0,2014,2024
Frida Larsen,International T20,3,3,59,29.5,NA,0,0,2026,2026
LAGL Kirby,International T20,9,8,59,7.375,NA,0,0,2008,2020
EL Kirkman,International T20,13,8,59,8.428571428571429,NA,0,0,2023,2025
M Klaas,International T20,74,20,59,4.538461538461538,NA,0,0,2010,2026
EMA McLeod,International T20,3,3,59,19.666666666666668,NA,0,0,2025,2025
R Ova,International T20,31,17,59,3.6875,NA,0,0,2022,2026
CA Salomons,International T20,5,5,59,11.8,NA,0,0,2008,2011
Zara Mohammad,International T20,18,12,59,9.833333333333334,NA,0,0,2024,2026
Dok Da Nit,International T20,15,15,58,4.461538461538462,NA,0,0,2022,2025
Harper Chalmers,International T20,7,6,58,11.6,NA,0,0,2026,2026
A Khaka,International T20,89,23,58,9.666666666666666,NA,0,0,2012,2026
M Kudimba,International T20,10,8,58,11.6,NA,0,0,2023,2024
D Murphy,International T20,28,12,58,7.25,NA,0,0,2022,2025
Rubya Haider,International T20,6,6,58,9.666666666666666,NA,0,0,2023,2024
Saniyah Zia,International T20,13,10,58,7.25,NA,0,0,2019,2023
PJ Scholfield,International T20,5,5,58,14.5,NA,0,0,2024,2025
SF Sirah,International T20,21,18,58,4.142857142857143,NA,0,0,2022,2026
Sultana Khatun,International T20,25,14,58,8.285714285714286,NA,0,0,2023,2026
S Yordanova,International T20,7,7,58,11.6,NA,0,0,2025,2026
LM Babirye,International T20,11,11,57,5.181818181818182,NA,0,0,2022,2022
A Ladron,International T20,6,5,57,11.4,NA,0,0,2018,2019
E Major,International T20,5,5,57,19,NA,0,0,2019,2019
M Matine,International T20,10,10,57,5.7,NA,0,0,2018,2019
RS Quyn,International T20,25,19,57,4.071428571428571,NA,0,0,2020,2024
RK Willis,International T20,16,13,57,5.7,NA,0,0,2018,2019
CJ Ana,International T20,9,9,56,6.222222222222222,NA,0,0,2023,2023
CMG Atkins,International T20,19,13,56,5.6,NA,0,0,2006,2011
HH Aung,International T20,47,25,56,3.111111111111111,NA,0,0,2019,2026
J Efosa,International T20,15,13,56,7,NA,0,0,2019,2021
S Kijiana,International T20,12,12,56,5.6,NA,0,0,2024,2025
M Ochieng,International T20,18,11,56,7,NA,0,0,2019,2022
Pratika Rawal,International T20,4,4,56,14,NA,0,0,2026,2026
F Serwaa,International T20,5,5,56,11.2,NA,0,0,2022,2022
B Taylan,International T20,5,5,56,11.2,NA,0,0,2023,2023
ZL Thoon,International T20,20,13,56,8,NA,0,0,2019,2025
B Tlali,International T20,12,12,56,5.090909090909091,NA,0,0,2025,2026
MR Vila,International T20,5,5,56,14,NA,0,0,2024,2024
KM Chingaipe,International T20,19,13,55,4.583333333333333,NA,0,0,2023,2025
Khadeeja Fatima,International T20,7,5,55,11,NA,0,0,2026,2026
J Maguire,International T20,40,14,55,7.857142857142857,NA,0,0,2022,2026
ME Nijman,International T20,6,6,55,13.75,NA,0,0,2009,2011
O Amarjargal,International T20,26,23,54,2.8421052631578947,NA,0,0,2024,2026
I Costaz-Puyou,International T20,5,3,54,Inf,NA,0,0,2019,2019
AEMP Durayalage,International T20,11,10,54,6,NA,0,0,2022,2023
ZB Ender,International T20,7,6,54,18,NA,0,0,2025,2026
W Ginindza,International T20,18,18,54,3,NA,0,0,2021,2025
EK Hubbard,International T20,14,7,54,10.8,NA,0,0,2022,2024
CD Mboe,International T20,10,10,54,5.4,NA,0,0,2021,2024
T Parisi-mesimeri,International T20,31,16,54,6,NA,0,0,2022,2026
Rongyu Zhao,International T20,7,7,54,9,NA,0,0,2023,2023
R Samson,International T20,64,24,54,4.153846153846154,NA,0,0,2019,2026
PN Sproul,International T20,4,4,54,18,NA,0,0,2026,2026
K Thomson,International T20,6,4,54,13.5,NA,0,0,2009,2011
Zheng Lili,International T20,15,12,54,4.5,NA,0,0,2019,2024
M Abadjieva,International T20,17,14,53,4.416666666666667,NA,0,0,2025,2026
G Anujin,International T20,27,26,53,2.12,NA,0,0,2023,2026
R Cenik,International T20,10,6,53,10.6,NA,0,0,2025,2026
D Golechha,International T20,29,15,53,5.3,NA,0,0,2022,2026
P Maruariki,International T20,6,5,53,10.6,NA,0,0,2023,2023
EJCLRC Rainford-Brent,International T20,7,7,53,8.833333333333334,NA,0,0,2008,2010
B Wani,International T20,12,10,53,5.888888888888889,NA,0,0,2024,2025
Hilva Noor,International T20,6,3,52,26,NA,0,0,2024,2024
MT Jacob,International T20,20,14,52,6.5,NA,0,0,2024,2026
LE Lomani,International T20,16,14,52,3.7142857142857144,NA,0,0,2022,2024
A Minny,International T20,5,4,52,13,NA,0,0,2007,2008
KN Mirchandani,International T20,9,6,52,8.666666666666666,NA,0,0,2019,2021
Noor Hayati Zakaria,International T20,22,14,52,7.428571428571429,NA,0,0,2018,2024
P Seldon,International T20,13,12,52,4.7272727272727275,NA,0,0,2019,2022
M Shehani,International T20,14,10,52,5.2,NA,0,0,2018,2025
MK Villiers,International T20,19,6,52,17.333333333333332,NA,0,0,2019,2024
S Yenamandra,International T20,16,13,52,4.333333333333333,NA,0,0,2024,2026
E Annor,International T20,10,10,51,5.1,NA,0,0,2022,2026
Joyleen Kaur,International T20,34,13,51,5.1,NA,0,0,2024,2026
K Kavindi,International T20,22,6,51,17,NA,0,0,2023,2026
S Merican,International T20,26,18,51,3,NA,0,0,2023,2025
AR Saquilon,International T20,11,11,51,4.636363636363637,NA,0,0,2022,2023
ZN Shabalala,International T20,10,10,51,5.666666666666667,NA,0,0,2025,2025
A Tector,International T20,8,5,51,12.75,NA,0,0,2026,2026
Yuliana,International T20,11,9,51,8.5,NA,0,0,2019,2019
CL Bagaoisan,International T20,14,14,50,3.5714285714285716,NA,0,0,2019,2023
C Chatonzwa,International T20,16,11,50,8.333333333333334,NA,0,0,2019,2026
OP Eguakun,International T20,12,12,50,5,NA,0,0,2025,2026
S Haggo,International T20,13,9,50,10,NA,0,0,2019,2023
A Mileusnic,International T20,8,8,50,8.333333333333334,NA,0,0,2022,2023
Sadamali Bhakshala,International T20,22,13,50,4.545454545454546,NA,0,0,2023,2025
D Tucker,International T20,14,10,50,8.333333333333334,NA,0,0,2022,2023
Vritti Dahiya,International T20,9,6,50,12.5,NA,0,0,2025,2026
Chen Yue,International T20,6,5,50,12.5,NA,0,0,2019,2023
E Brathwaite,International T20,3,3,49,16.333333333333332,NA,0,0,2026,2026
R Castillo,International T20,24,18,49,4.454545454545454,NA,0,0,2023,2026
DL Graham,International T20,24,16,49,3.769230769230769,NA,0,0,2021,2023
Humaira Tasneem,International T20,16,12,49,4.9,NA,0,0,2018,2019
EU Kejarukua,International T20,46,17,49,6.125,NA,0,0,2018,2026
Pooja Kumari,International T20,13,11,49,4.454545454545454,NA,0,0,2021,2023
MA Sifuna,International T20,11,6,49,9.8,NA,0,0,2022,2024
Taj Nehar,International T20,10,9,49,5.444444444444445,NA,0,0,2024,2026
CH van Koolwijk,International T20,18,11,49,5.444444444444445,NA,0,0,2023,2025
C Wijesinghe,International T20,29,11,49,7,NA,0,0,2024,2026
E Guehoada,International T20,22,17,48,8,NA,0,0,2023,2025
M Mabvuka,International T20,6,6,48,8,NA,0,0,2018,2018
SA Sathiya,International T20,20,9,48,8,NA,0,0,2022,2026
MH Ushanga,International T20,39,20,48,4,NA,0,0,2021,2025
Yuanyuan Cai,International T20,9,9,48,12,NA,0,0,2023,2023
LM Armas,International T20,7,5,47,9.4,NA,0,0,2021,2023
N D'souza,International T20,10,7,47,6.714285714285714,NA,0,0,2018,2019
S Dabholkatr,International T20,19,10,47,7.833333333333333,NA,0,0,2025,2026
KK Grewal,International T20,4,4,47,15.666666666666666,NA,0,0,2023,2023
M Kandanala,International T20,6,4,47,11.75,NA,0,0,2019,2022
LN McCarthy,International T20,28,14,47,4.2727272727272725,NA,0,0,2010,2016
AM Maqsood,International T20,78,23,47,3.357142857142857,NA,0,0,2018,2026
C Perry,International T20,35,14,47,4.2727272727272725,NA,0,0,2022,2025
M Phiase,International T20,40,18,47,3.6153846153846154,NA,0,0,2023,2026
V Vira,International T20,36,16,47,5.875,NA,0,0,2023,2026
Wang Luo Wanyu,International T20,6,6,47,9.4,NA,0,0,2018,2019
Y Wangmo,International T20,7,7,47,9.4,NA,0,0,2019,2021
Abeer Maryam,International T20,14,14,46,3.2857142857142856,NA,0,0,2022,2026
H Atkinson,International T20,7,6,46,9.2,NA,0,0,2024,2026
YS Blagg,International T20,14,9,46,11.5,NA,0,0,2024,2025
F Cagnewa,International T20,3,3,46,15.333333333333334,NA,0,0,2025,2025
AN Davidson-Richards,International T20,8,5,46,11.5,NA,0,0,2018,2022
A Emch,International T20,11,6,46,15.333333333333334,NA,0,0,2023,2026
S Malwatta,International T20,27,14,46,4.181818181818182,NA,0,0,2021,2026
E Marx,International T20,16,6,46,11.5,NA,0,0,2023,2026
I Nandakumar,International T20,66,20,46,4.6,NA,0,0,2022,2026
Ramya Krishnamurthy,International T20,3,2,46,23,NA,0,0,2025,2025
Reehana Khan,International T20,23,11,46,6.571428571428571,NA,0,0,2018,2021
M Rodan,International T20,8,8,46,6.571428571428571,NA,0,0,2023,2024
M Terblanche,International T20,2,2,46,23,NA,0,0,2008,2008
U Thimeshani,International T20,8,7,46,7.666666666666667,NA,0,0,2019,2020
Xiuli Jin,International T20,9,8,46,5.75,NA,0,0,2023,2023
Dilini Ishara,International T20,11,10,45,4.5,NA,0,0,2026,2026
E Duffy,International T20,21,5,45,22.5,NA,0,0,2022,2026
JS Eguid,International T20,15,15,45,3.2142857142857144,NA,0,0,2019,2025
Eman Naseer,International T20,3,3,45,22.5,NA,0,0,2026,2026
B Madimabe,International T20,29,18,45,3.2142857142857144,NA,0,0,2018,2023
A Mazvishaya,International T20,29,9,45,45,NA,0,0,2019,2026
Nuzhat Tasnia,International T20,18,9,45,7.5,NA,0,0,2012,2014
C Raack,International T20,22,8,45,15,NA,0,0,2018,2022
GC Silva,International T20,8,6,45,11.25,NA,0,0,2018,2019
IECM Wong,International T20,20,8,45,9,NA,0,0,2022,2026
KL Britt,International T20,2,2,44,22,NA,0,0,2007,2008
S Channa,International T20,9,5,44,14.666666666666666,NA,0,0,2022,2022
T Kazanci,International T20,10,10,44,6.285714285714286,NA,0,0,2019,2020
AJ Kenealy,International T20,24,14,44,5.5,NA,0,0,2008,2018
MV Lehmann,International T20,13,10,44,4.888888888888889,NA,0,0,2025,2026
A Le Ray,International T20,12,9,44,6.285714285714286,NA,0,0,2024,2026
Nur Qalysha,International T20,16,12,44,4.888888888888889,NA,0,0,2026,2026
Roheed Akhtar,International T20,14,10,44,6.285714285714286,NA,0,0,2024,2025
Sana Butt,International T20,22,15,44,3.3846153846153846,NA,0,0,2024,2026
M Short,International T20,9,4,44,11,NA,0,0,2019,2019
E Toguchi-Quinn,International T20,32,17,44,3.6666666666666665,NA,0,0,2023,2026
Zumika Azmi,International T20,12,10,44,7.333333333333333,NA,0,0,2018,2022
Ananya Srinivasan,International T20,20,10,43,8.6,NA,0,0,2025,2026
J Andujar,International T20,7,5,43,14.333333333333334,NA,0,0,2026,2026
MK Chaudhary,International T20,16,12,43,4.3,NA,0,0,2019,2025
N Kuruppu,International T20,5,5,43,8.6,NA,0,0,2025,2026
AS Warnakulasuriya,International T20,7,4,43,14.333333333333334,NA,0,0,2022,2023
M Yoshioka,International T20,10,7,43,7.166666666666667,NA,0,0,2022,2023
JT Arimas,International T20,12,12,42,3.8181818181818183,NA,0,0,2019,2023
S Dzimau,International T20,13,12,42,3.8181818181818183,NA,0,0,2018,2019
MP Enright,International T20,4,4,42,10.5,NA,0,0,2019,2019
Kang Choi,International T20,7,7,42,7,NA,0,0,2018,2019
B Namuunzul,International T20,20,16,42,3.5,NA,0,0,2023,2025
N Niranjana,International T20,14,8,42,7,NA,0,0,2012,2016
IGASF Pratiwi,International T20,6,4,42,14,NA,0,0,2024,2024
A Steyn,International T20,5,3,42,21,NA,0,0,2014,2014
K Tereza,International T20,8,7,42,10.5,NA,0,0,2025,2025
S Tudorache,International T20,15,12,42,3.8181818181818183,NA,0,0,2022,2023
Zhang Yanling,International T20,6,5,42,10.5,NA,0,0,2018,2019
Aiman Anwer,International T20,37,14,41,5.125,NA,0,0,2016,2023
M Modric,International T20,14,9,41,4.555555555555555,NA,0,0,2024,2026
Nur Izzatul Syafiqa,International T20,14,9,41,6.833333333333333,NA,0,0,2024,2026
Saee Parkhi,International T20,16,9,41,5.125,NA,0,0,2024,2026
S Sajana,International T20,14,8,41,10.25,NA,0,0,2024,2024
R Shimwamana,International T20,36,10,41,6.833333333333333,NA,0,0,2024,2026
AH Thomson,International T20,17,10,41,5.125,NA,0,0,2019,2024
R Airee,International T20,10,5,40,20,NA,0,0,2025,2025
E Baota,International T20,5,5,40,10,NA,0,0,2022,2022
E Bisht,International T20,42,14,40,5,NA,0,0,2011,2019
S Divya,International T20,11,9,40,6.666666666666667,NA,0,0,2025,2026
V Hamunyela,International T20,76,20,40,6.666666666666667,NA,0,0,2018,2026
M Kaukura,International T20,6,5,40,8,NA,0,0,2023,2023
I Koroma,International T20,12,7,40,5.714285714285714,NA,0,0,2018,2023
C Murray,International T20,67,17,40,3.6363636363636362,NA,0,0,2018,2026
JS Ndanu,International T20,26,18,40,2.857142857142857,NA,0,0,2023,2025
F Odhiambo,International T20,56,19,40,5,NA,0,0,2019,2024
RA Ofori,International T20,8,8,40,8,NA,0,0,2022,2023
U Peace,International T20,24,14,40,4.444444444444445,NA,0,0,2024,2026
Rachel Delaney,International T20,10,8,40,10,NA,0,0,2018,2022
CM Saldanha,International T20,34,13,40,5.714285714285714,NA,0,0,2024,2026
Thea Larsen,International T20,3,3,40,13.333333333333334,NA,0,0,2026,2026
R Venter,International T20,5,5,40,8,NA,0,0,2019,2019
Zayneb Fazli,International T20,8,7,40,6.666666666666667,NA,0,0,2024,2025
F Copley,International T20,11,3,39,39,NA,0,0,2019,2024
GL Adams,International T20,2,2,39,19.5,NA,0,0,2024,2024
L Chipanga,International T20,25,16,39,3.5454545454545454,NA,0,0,2019,2026
IT Guha,International T20,22,6,39,7.8,NA,0,0,2004,2011
T Kale,International T20,23,14,39,4.333333333333333,NA,0,0,2020,2026
AM King,International T20,34,9,39,13,NA,0,0,2022,2026
O Lefaga,International T20,13,7,39,5.571428571428571,NA,0,0,2025,2025
CSN Mbelel,International T20,13,12,39,4.333333333333333,NA,0,0,2024,2025
A Monjane,International T20,7,6,39,13,NA,0,0,2019,2019
P Neighbour,International T20,5,2,39,39,NA,0,0,2025,2026
Ntombizonke MKhatshwa,International T20,14,14,39,3,NA,0,0,2021,2023
OS Oyronke,International T20,9,7,39,6.5,NA,0,0,2019,2019
S Ozkunduz,International T20,10,6,39,9.75,NA,0,0,2025,2026
D Pavelic,International T20,6,4,39,13,NA,0,0,2025,2026
E Pokana,International T20,13,5,39,13,NA,0,0,2019,2025
D de Souza,International T20,10,4,39,19.5,NA,0,0,2018,2019
A van Schoor,International T20,1,1,39,Inf,NA,0,0,2019,2019
Viola Komeda,International T20,12,7,39,7.8,NA,0,0,2026,2026
D Joseph,International T20,7,7,38,5.428571428571429,NA,0,0,2022,2025
I Muntean,International T20,15,11,38,5.428571428571429,NA,0,0,2023,2026
Sara,International T20,6,6,38,7.6,NA,0,0,2025,2026
A Stoilova,International T20,13,11,38,3.8,NA,0,0,2024,2026
JM Willathgamuwa,International T20,10,5,38,7.6,NA,0,0,2023,2025
A Alfonso,International T20,18,13,37,3.3636363636363638,NA,0,0,2024,2026
U Chetry,International T20,7,4,37,9.25,NA,0,0,2024,2024
A Dalzell,International T20,24,6,37,6.166666666666667,NA,0,0,2023,2026
MM Dekeling,International T20,27,11,37,5.285714285714286,NA,0,0,2023,2026
M Eshun,International T20,11,11,37,3.7,NA,0,0,2022,2026
C George,International T20,7,5,37,9.25,NA,0,0,2021,2023
Hon Sovannary,International T20,11,11,37,3.7,NA,0,0,2022,2023
A Kanada,International T20,8,7,37,6.166666666666667,NA,0,0,2019,2022
SC Kittimani,International T20,5,5,37,7.4,NA,0,0,2023,2023
Moe Ei Phyu,International T20,8,6,37,9.25,NA,0,0,2025,2026
RT Nielsen,International T20,5,4,37,12.333333333333334,NA,0,0,2022,2023
Shakirah Sadick,International T20,8,6,37,9.25,NA,0,0,2022,2025
C van der Westhuizen,International T20,12,6,37,7.4,NA,0,0,2008,2010
JC Bieni,International T20,6,4,36,12,NA,0,0,2026,2026
Elyza Wall,International T20,6,6,36,6,NA,0,0,2025,2026
Eri Iko,International T20,4,4,36,9,NA,0,0,2019,2019
LM Massawe,International T20,13,5,36,12,NA,0,0,2021,2026
M Landsman,International T20,1,1,36,36,NA,0,0,2024,2024
Maira Khan,International T20,5,5,36,7.2,NA,0,0,2022,2022
T Martic,International T20,17,15,36,2.769230769230769,NA,0,0,2022,2024
Raghvi Bist,International T20,2,2,36,36,NA,0,0,2024,2024
K Tanuvasa,International T20,8,5,36,9,NA,0,0,2019,2022
N Zholudz,International T20,12,11,36,3.272727272727273,NA,0,0,2024,2024
T Basile,International T20,24,14,35,2.9166666666666665,NA,0,0,2021,2026
IK Cheema,International T20,9,4,35,11.666666666666666,NA,0,0,2025,2026
ELC Flanagan,International T20,7,7,35,5,NA,0,0,2011,2014
B Freeman,International T20,11,10,35,3.888888888888889,NA,0,0,2019,2023
JC Gonzalez,International T20,9,7,35,5,NA,0,0,2018,2019
T Holder,International T20,9,6,35,7,NA,0,0,2022,2023
M Jevdjenovic,International T20,11,6,35,8.75,NA,0,0,2024,2026
Kyte Gullem Keen,International T20,21,14,35,3.5,NA,0,0,2024,2026
I Majdancic,International T20,6,3,35,11.666666666666666,NA,0,0,2025,2026
T Motlhabaphuti,International T20,16,14,35,3.888888888888889,NA,0,0,2021,2023
M Nanayakkara,International T20,3,1,35,35,NA,0,0,2025,2025
Nazatul Hidayah Husna,International T20,9,7,35,5.833333333333333,NA,0,0,2025,2026
KE Pounsett,International T20,8,6,35,5.833333333333333,NA,0,0,2021,2022
Sargam Patel,International T20,9,4,35,11.666666666666666,NA,0,0,2024,2026
SA Smale,International T20,2,2,35,17.5,NA,0,0,2024,2024
P Vigineswari,International T20,6,6,35,7,NA,0,0,2018,2022
JL Aras,International T20,11,4,34,34,NA,0,0,2023,2026
F Chenda,International T20,7,7,34,4.857142857142857,NA,0,0,2026,2026
B Ercegovcevic,International T20,12,8,34,5.666666666666667,NA,0,0,2024,2026
J George,International T20,6,6,34,6.8,NA,0,0,2023,2023
SD Hussein,International T20,18,11,34,3.7777777777777777,NA,0,0,2023,2026
A Iopu,International T20,5,4,34,8.5,NA,0,0,2023,2023
MSE Linares,International T20,7,6,34,8.5,NA,0,0,2019,2022
Nazia Sadiq,International T20,3,3,34,11.333333333333334,NA,0,0,2009,2009
CS Terblanche,International T20,5,4,34,11.333333333333334,NA,0,0,2007,2008
JA Whelan,International T20,8,6,34,6.8,NA,0,0,2008,2010
EA Beamish,International T20,6,5,33,8.25,NA,0,0,2008,2009
K Chigora,International T20,15,8,33,8.25,NA,0,0,2024,2026
Elina Rama,International T20,2,2,33,16.5,NA,0,0,2026,2026
R Endo,International T20,8,8,33,5.5,NA,0,0,2019,2019
P Kaveao,International T20,6,6,33,6.6,NA,0,0,2023,2023
APC Kilowan,International T20,11,6,33,8.25,NA,0,0,2007,2009
L Mabhero,International T20,34,8,33,11,NA,0,0,2023,2026
Melissa Pienaar,International T20,7,7,33,6.6,NA,0,0,2026,2026
Nurin Imanina,International T20,9,7,33,8.25,NA,0,0,2026,2026
Reema Naseer,International T20,7,7,33,4.714285714285714,NA,0,0,2025,2026
AM Samaroo,International T20,5,5,33,11,NA,0,0,2009,2012
M Uliao,International T20,5,4,33,11,NA,0,0,2023,2023
S Walaza,International T20,41,16,33,2.75,NA,0,0,2019,2026
Wan Nor Zulaika,International T20,28,9,33,5.5,NA,0,0,2018,2023
SM Arooja,International T20,16,14,32,2.2857142857142856,NA,0,0,2024,2026
A Cheung,International T20,8,8,32,4,NA,0,0,2023,2026
NAJ George,International T20,3,3,32,10.666666666666666,NA,0,0,2008,2008
M Gill,International T20,5,3,32,16,NA,0,0,2021,2021
K Gaud,International T20,22,5,32,16,NA,0,0,2025,2026
Naina Metty Saju,International T20,24,8,32,4.571428571428571,NA,0,0,2025,2026
LK Newton,International T20,3,3,32,10.666666666666666,NA,0,0,2004,2006
Nur Dania Aqeelah,International T20,2,2,32,Inf,NA,0,0,2018,2018
N Sharma,International T20,13,8,32,4.571428571428571,NA,0,0,2018,2019
OT Wallerson,International T20,8,5,32,6.4,NA,0,0,2019,2023
Yan Zuying,International T20,15,10,32,3.5555555555555554,NA,0,0,2024,2025
NK Ariani,International T20,46,12,31,3.1,NA,0,0,2023,2026
L Bigula,International T20,4,3,31,10.333333333333334,NA,0,0,2025,2026
S Centeno,International T20,3,3,31,10.333333333333334,NA,0,0,2019,2019
NJ Coffey,International T20,2,2,31,15.5,NA,0,0,2008,2008
MV Fare,International T20,20,9,31,6.2,NA,0,0,2019,2026
Fatima Mukadam,International T20,5,3,31,10.333333333333334,NA,0,0,2026,2026
CS Fraser,International T20,23,10,31,6.2,NA,0,0,2020,2025
S Kailath,International T20,13,10,31,3.4444444444444446,NA,0,0,2019,2021
A Katoa,International T20,3,3,31,10.333333333333334,NA,0,0,2025,2025
MM Mabathoana,International T20,20,19,31,1.7222222222222223,NA,0,0,2023,2026
TJ Mahe,International T20,10,10,31,3.1,NA,0,0,2023,2026
AS Miranda,International T20,14,10,31,3.1,NA,0,0,2024,2025
T Ramabitsa,International T20,11,11,31,3.4444444444444446,NA,0,0,2018,2025
K Ramharack,International T20,61,15,31,5.166666666666667,NA,0,0,2019,2026
H Sawanneh,International T20,21,9,31,4.428571428571429,NA,0,0,2023,2025
A Tomar,International T20,6,6,31,5.166666666666667,NA,0,0,2024,2026
S Verma,International T20,19,6,31,10.333333333333334,NA,0,0,2013,2016
F Wright,International T20,4,3,31,15.5,NA,0,0,2024,2024
J Abwom,International T20,11,4,30,10,NA,0,0,2022,2025
MN Ani,International T20,7,4,30,10,NA,0,0,2025,2025
L Anyait,International T20,23,11,30,6,NA,0,0,2023,2024
EA Burns,International T20,5,1,30,Inf,NA,0,0,2019,2019
H Chamto,International T20,26,11,30,3.3333333333333335,NA,0,0,2023,2026
J Chirila,International T20,4,3,30,30,NA,0,0,2025,2025
T Chopra,International T20,17,8,30,7.5,NA,0,0,2022,2026
Emily Merrien,International T20,16,12,30,3.75,NA,0,0,2022,2024
Farhat Afroz,International T20,7,7,30,4.285714285714286,NA,0,0,2025,2026
Farima Safi,International T20,7,6,30,6,NA,0,0,2022,2023
M Frey,International T20,14,11,30,3.3333333333333335,NA,0,0,2024,2025
MGMCP Gunawardene,International T20,5,4,30,10,NA,0,0,2015,2016
JF Jimenez,International T20,5,4,30,7.5,NA,0,0,2024,2024
G Kamalini,International T20,5,4,30,10,NA,0,0,2025,2026
J Logtenberg,International T20,2,2,30,15,NA,0,0,2007,2007
SJ Ludmila,International T20,4,4,30,15,NA,0,0,2022,2022
Lujaina,International T20,18,9,30,3.3333333333333335,NA,0,0,2025,2026
NA Moodley,International T20,9,5,30,7.5,NA,0,0,2014,2015
B Ndipo,International T20,12,9,30,4.285714285714286,NA,0,0,2018,2019
M Juma,International T20,11,7,30,6,NA,0,0,2023,2024
V Phiri,International T20,27,16,30,3.3333333333333335,NA,0,0,2018,2026
S Saengsakaorat,International T20,10,5,30,10,NA,0,0,2018,2018
Sejal Vinod,International T20,17,8,30,6,NA,0,0,2025,2026
AA Singh,International T20,7,5,30,7.5,NA,0,0,2021,2024
Taful Elkhair,International T20,12,7,30,5,NA,0,0,2024,2026
EO Asante,International T20,10,10,29,2.9,NA,0,0,2022,2026
D Baldwin,International T20,5,4,29,7.25,NA,0,0,2019,2019
AM Beairsto,International T20,3,3,29,14.5,NA,0,0,2021,2021
H Bosnic,International T20,5,3,29,14.5,NA,0,0,2025,2026
EJ Carson,International T20,37,11,29,4.833333333333333,NA,0,0,2022,2025
T Cerdas,International T20,4,4,29,9.666666666666666,NA,0,0,2019,2019
DDH Duvane,International T20,6,4,29,14.5,NA,0,0,2022,2022
GA Elwiss,International T20,14,5,29,9.666666666666666,NA,0,0,2011,2019
B Gaanamong,International T20,12,8,29,5.8,NA,0,0,2018,2019
KL Gordon,International T20,14,4,29,14.5,NA,0,0,2018,2026
S Iushchenko,International T20,15,10,29,4.833333333333333,NA,0,0,2023,2025
VJ Lind,International T20,2,2,29,14.5,NA,0,0,2009,2009
Lopamudra,International T20,27,18,29,2.230769230769231,NA,0,0,2022,2026
C Martin,International T20,3,3,29,9.666666666666666,NA,0,0,2019,2019
MA Moore,International T20,3,3,29,14.5,NA,0,0,2024,2024
H Mumford,International T20,16,7,29,7.25,NA,0,0,2024,2025
P Pratt,International T20,20,10,29,4.142857142857143,NA,0,0,2025,2025
D Rice,International T20,5,5,29,5.8,NA,0,0,2019,2019
T Rodriguez,International T20,10,7,29,5.8,NA,0,0,2019,2021
M Schutt,International T20,126,17,29,3.2222222222222223,NA,0,0,2013,2026
Shivani Sati,International T20,21,14,29,2.6363636363636362,NA,0,0,2023,2026
Sumayya Abdul,International T20,6,6,29,5.8,NA,0,0,2019,2024
AS Tanke,International T20,5,5,29,5.8,NA,0,0,2008,2010
N Tykhonravova,International T20,14,12,29,2.6363636363636362,NA,0,0,2023,2025
M Vuruna,International T20,8,8,29,3.625,NA,0,0,2019,2019
Aashita Gupta,International T20,8,7,28,5.6,NA,0,0,2024,2025
I Alumo,International T20,31,9,28,4,NA,0,0,2021,2023
Asma Shifa,International T20,15,12,28,3.111111111111111,NA,0,0,2023,2025
R Asumadu,International T20,9,9,28,4,NA,0,0,2022,2023
RV Auora,International T20,12,10,28,4,NA,0,0,2024,2025
A Castrejon,International T20,4,4,28,9.333333333333334,NA,0,0,2019,2019
CE Coulter Reilly,International T20,12,9,28,4.666666666666667,NA,0,0,2024,2026
PS Etienne,International T20,13,5,28,14,NA,0,0,2010,2012
DLN Kenfack,International T20,4,4,28,7,NA,0,0,2021,2021
RA Lister,International T20,11,9,28,3.111111111111111,NA,0,0,2021,2026
N Magagula,International T20,8,8,28,4.666666666666667,NA,0,0,2021,2022
L Mbendera,International T20,4,4,28,7,NA,0,0,2019,2019
M Moalosi,International T20,6,5,28,9.333333333333334,NA,0,0,2018,2018
DAL Paramitha,International T20,38,10,28,3.111111111111111,NA,0,0,2019,2026
P Raghunath,International T20,13,7,28,9.333333333333334,NA,0,0,2024,2025
R Searle,International T20,2,2,28,14,NA,0,0,2018,2018
Shahanaz Parvin,International T20,2,2,28,14,NA,0,0,2013,2013
Smriti Anand,International T20,4,3,28,9.333333333333334,NA,0,0,2024,2024
CH Abeyratne,International T20,17,16,27,2.076923076923077,NA,0,0,2022,2025
M Alugunoolla,International T20,8,7,27,4.5,NA,0,0,2021,2023
AMN Andersen,International T20,6,6,27,4.5,NA,0,0,2022,2023
LK Bennett,International T20,10,6,27,5.4,NA,0,0,2011,2019
RA Birch,International T20,4,4,27,6.75,NA,0,0,2004,2008
S Brunsgaard,International T20,3,3,27,9,NA,0,0,2023,2023
E Ellermaa,International T20,23,17,27,2.076923076923077,NA,0,0,2024,2026
J Erdenesuvd,International T20,16,13,27,2.25,NA,0,0,2023,2025
E Fernandez,International T20,10,8,27,3.857142857142857,NA,0,0,2018,2019
MHS James,International T20,5,5,27,9,NA,0,0,2026,2026
P Malemikia,International T20,26,9,27,4.5,NA,0,0,2021,2025
P Mazuze,International T20,9,8,27,3.375,NA,0,0,2019,2021
M Moiten,International T20,4,4,27,6.75,NA,0,0,2024,2024
SR Patil,International T20,27,9,27,4.5,NA,0,0,2023,2026
N Patron Fuentes,International T20,18,12,27,2.7,NA,0,0,2022,2025
C Sewsunker,International T20,5,5,27,5.4,NA,0,0,2022,2022
S Radhakrishnan,International T20,6,5,27,5.4,NA,0,0,2019,2019
AC Stanacu,International T20,3,3,27,13.5,NA,0,0,2022,2022
MJ Tumukunde,International T20,13,7,27,4.5,NA,0,0,2023,2024
M Yousaf,International T20,12,8,27,4.5,NA,0,0,2019,2019
EL Arlott,International T20,6,3,26,26,NA,0,0,2025,2025
P Choudhary,International T20,11,10,26,2.888888888888889,NA,0,0,2024,2026
M Desmond,International T20,25,10,26,4.333333333333333,NA,0,0,2019,2022
NC Dodd,International T20,6,4,26,8.666666666666666,NA,0,0,2015,2018
D Gangwani,International T20,4,3,26,13,NA,0,0,2023,2023
J Gray,International T20,7,7,26,3.7142857142857144,NA,0,0,2014,2016
L Holmgaard,International T20,20,7,26,8.666666666666666,NA,0,0,2024,2026
M Marin,International T20,20,13,26,2.888888888888889,NA,0,0,2022,2026
NL Jacinta Si Ping,International T20,30,14,26,2.6,NA,0,0,2018,2025
A Kourkoulou,International T20,19,12,26,2.888888888888889,NA,0,0,2025,2026
D Lohia,International T20,20,6,26,8.666666666666666,NA,0,0,2024,2026
L Martin,International T20,7,5,26,8.666666666666666,NA,0,0,2025,2026
N Mlaba,International T20,83,12,26,4.333333333333333,NA,0,0,2019,2026
Muskan Naseeb,International T20,11,7,26,5.2,NA,0,0,2022,2025
M Ogawa,International T20,9,4,26,13,NA,0,0,2022,2026
Sanchin Singh,International T20,8,4,26,6.5,NA,0,0,2022,2023
LN Shabalala,International T20,11,11,26,2.6,NA,0,0,2025,2025
Silda Joy,International T20,10,10,26,2.6,NA,0,0,2024,2026
L Smith,International T20,6,4,26,8.666666666666666,NA,0,0,2019,2019
T Thorpe,International T20,15,11,26,3.25,NA,0,0,2025,2025
JE Titmuss,International T20,9,6,26,4.333333333333333,NA,0,0,2019,2019
AK Yadav,International T20,8,8,26,5.2,NA,0,0,2025,2025
JO Alumbro,International T20,7,7,25,3.5714285714285716,NA,0,0,2019,2023
MS Beresford,International T20,34,12,25,4.166666666666667,NA,0,0,2019,2025
KA Bhatti,International T20,6,6,25,4.166666666666667,NA,0,0,2019,2019
R Chetan,International T20,4,4,25,6.25,NA,0,0,2018,2018
MFD Douma,International T20,20,16,25,1.6666666666666667,NA,0,0,2021,2025
C Gardener,International T20,4,3,25,12.5,NA,0,0,2024,2024
Hadia Siddiqui,International T20,21,10,25,2.7777777777777777,NA,0,0,2023,2026
S Kotte,International T20,64,13,25,6.25,NA,0,0,2019,2026
MAM Lewis,International T20,1,1,25,25,NA,0,0,2004,2004
T Makusha,International T20,9,5,25,8.333333333333334,NA,0,0,2025,2026
T Marumani,International T20,4,4,25,12.5,NA,0,0,2024,2024
JR Medianesta,International T20,19,10,25,4.166666666666667,NA,0,0,2024,2026
J Nyirankundineza,International T20,53,16,25,3.5714285714285716,NA,0,0,2019,2024
R Pasipanodya,International T20,8,7,25,3.5714285714285716,NA,0,0,2024,2026
S Phakathi,International T20,4,4,25,8.333333333333334,NA,0,0,2025,2025
L Rika,International T20,11,9,25,5,NA,0,0,2019,2019
S Sharma,International T20,18,8,25,3.5714285714285716,NA,0,0,2012,2015
S Thapa,International T20,13,8,25,5,NA,0,0,2023,2025
P Timong,International T20,3,2,25,12.5,NA,0,0,2024,2024
VN Watts,International T20,4,3,25,8.333333333333334,NA,0,0,2014,2014
Zay Hua Tan,International T20,10,9,25,3.125,NA,0,0,2022,2023
H Ayoka,International T20,4,4,24,6,NA,0,0,2019,2019
D Bhaskara,International T20,9,6,24,8,NA,0,0,2022,2022
P Dlamini,International T20,6,5,24,8,NA,0,0,2021,2022
M Faisal,International T20,6,6,24,4.8,NA,0,0,2023,2024
Grace Cottier,International T20,4,2,24,Inf,NA,0,0,2026,2026
Hina Hussain,International T20,15,11,24,2.6666666666666665,NA,0,0,2019,2022
Ishma Tanjim,International T20,4,3,24,8,NA,0,0,2024,2024
A Konhu,International T20,4,4,24,6,NA,0,0,2025,2025
A le Breton,International T20,5,2,24,12,NA,0,0,2013,2013
II Mabunda,International T20,6,5,24,6,NA,0,0,2022,2023
K McKenna,International T20,7,5,24,12,NA,0,0,2014,2014
L Malino,International T20,33,13,24,2.6666666666666665,NA,0,0,2023,2026
KV Mehta,International T20,11,7,24,3.4285714285714284,NA,0,0,2023,2024
C Mendy,International T20,3,3,24,8,NA,0,0,2022,2022
MCR Mohedano,International T20,6,6,24,4,NA,0,0,2024,2024
YM Murrure,International T20,12,8,24,4.8,NA,0,0,2025,2025
Najwa Akram,International T20,11,11,24,2.4,NA,0,0,2022,2026
RD Penalba,International T20,9,9,24,2.6666666666666665,NA,0,0,2022,2024
T Pueye,International T20,8,7,24,4,NA,0,0,2018,2026
U Raymond-Hoey,International T20,9,7,24,3.4285714285714284,NA,0,0,2019,2024
S Samuels,International T20,15,9,24,3.4285714285714284,NA,0,0,2023,2025
H Sawaneh,International T20,11,7,24,3.4285714285714284,NA,0,0,2023,2025
I Shukla,International T20,19,12,24,2.4,NA,0,0,2019,2024
M Trajkovic,International T20,17,6,24,4.8,NA,0,0,2024,2026
T Zilfidou,International T20,3,2,24,24,NA,0,0,2021,2022
N Chabula,International T20,7,7,23,3.2857142857142856,NA,0,0,2026,2026
Chan Sau Har,International T20,19,8,23,3.2857142857142856,NA,0,0,2023,2026
F Chipare,International T20,29,8,23,3.8333333333333335,NA,0,0,2022,2026
N Gamaliyele,International T20,9,6,23,7.666666666666667,NA,0,0,2018,2023
LI Haoye,International T20,14,6,23,5.75,NA,0,0,2018,2019
J Hicks,International T20,31,10,23,4.6,NA,0,0,2022,2026
A Kshirsagar,International T20,7,6,23,4.6,NA,0,0,2024,2024
CM Madsen,International T20,8,3,23,11.5,NA,0,0,2024,2026
B Maes Loch,International T20,8,3,23,11.5,NA,0,0,2021,2021
T Malinga,International T20,14,14,23,2.5555555555555554,NA,0,0,2021,2025
M Mehta,International T20,3,2,23,11.5,NA,0,0,2012,2014
R Morita,International T20,4,4,23,7.666666666666667,NA,0,0,2024,2025
M Ribeiro,International T20,61,15,23,2.090909090909091,NA,0,0,2021,2026
M Saastamoinen,International T20,9,5,23,5.75,NA,0,0,2025,2025
NW Sariani,International T20,56,11,23,2.5555555555555554,NA,0,0,2019,2025
Su Jin Kim,International T20,10,7,23,4.6,NA,0,0,2018,2024
S Toomaga,International T20,5,5,23,11.5,NA,0,0,2023,2023
Tshering Choden,International T20,16,5,23,5.75,NA,0,0,2023,2026
P Agrawal,International T20,21,17,22,2.75,NA,0,0,2022,2025
Aysha Waheed,International T20,6,6,22,4.4,NA,0,0,2019,2019
I Bist,International T20,14,5,22,11,NA,0,0,2023,2025
TJE Chiracheque,International T20,5,5,22,4.4,NA,0,0,2021,2021
G Dempsey,International T20,20,6,22,7.333333333333333,NA,0,0,2021,2024
J Edmiston,International T20,5,1,22,Inf,NA,0,0,2025,2025
K Ivanova,International T20,5,5,22,5.5,NA,0,0,2026,2026
RJ Kember,International T20,3,3,22,7.333333333333333,NA,0,0,2007,2007
S Kolcunova,International T20,18,14,22,3.142857142857143,NA,0,0,2024,2025
LY Loch Srey,International T20,12,10,22,2.4444444444444446,NA,0,0,2022,2025
TMM Newton,International T20,15,8,22,5.5,NA,0,0,2015,2021
Nik Nur Atiela,International T20,34,7,22,5.5,NA,0,0,2018,2024
T Piakura,International T20,8,6,22,4.4,NA,0,0,2023,2024
A Rautela,International T20,9,8,22,4.4,NA,0,0,2022,2025
ER Ribeiro,International T20,6,4,22,5.5,NA,0,0,2018,2021
Samiha Konuganti,International T20,12,5,22,7.333333333333333,NA,0,0,2026,2026
S Usabyimana,International T20,16,7,22,4.4,NA,0,0,2024,2025
M Will,International T20,1,1,22,Inf,NA,0,0,2019,2019
T Abdulquadri,International T20,20,5,21,10.5,NA,0,0,2019,2022
MA Cano,International T20,2,2,21,Inf,NA,0,0,2026,2026
R Ciric,International T20,3,2,21,10.5,NA,0,0,2022,2022
TS Granger,International T20,14,3,21,21,NA,0,0,2019,2021
CA Greloni,International T20,12,8,21,3,NA,0,0,2021,2023
SS Ilahi,International T20,12,7,21,3,NA,0,0,2024,2026
K Inakale,International T20,31,11,21,3.5,NA,0,0,2024,2026
Leitu Leong,International T20,14,10,21,2.625,NA,0,0,2023,2025
M Mangru,International T20,11,5,21,7,NA,0,0,2024,2026
JY Masaya,International T20,10,5,21,7,NA,0,0,2023,2026
SAN Maypriani,International T20,52,15,21,3,NA,0,0,2022,2026
N Micheline,International T20,4,4,21,7,NA,0,0,2019,2019
S Pecaud,International T20,7,3,21,7,NA,0,0,2019,2021
JT Pooranakaran,International T20,23,12,21,2.625,NA,0,0,2022,2025
R Rhaburn,International T20,6,6,21,4.2,NA,0,0,2019,2019
Sara Vivek,International T20,12,7,21,3.5,NA,0,0,2025,2026
Syeda Aroob Shah,International T20,15,7,21,5.25,NA,0,0,2019,2024
AS Taai,International T20,7,6,21,4.2,NA,0,0,2009,2010
AS van Beuge,International T20,14,7,21,7,NA,0,0,2019,2024
Y Verma,International T20,8,7,21,3.5,NA,0,0,2020,2020
KAC Wong,International T20,2,2,21,Inf,NA,0,0,2025,2025
Zoe Isabela Wong,International T20,4,4,21,5.25,NA,0,0,2026,2026
Amna Khan,International T20,5,5,20,5,NA,0,0,2022,2022
V Avdylaj,International T20,42,22,20,1.8181818181818181,NA,0,0,2019,2024
R Boyce,International T20,6,5,20,4,NA,0,0,2018,2019
RM Burns,International T20,2,2,20,10,NA,0,0,2022,2022
SB Chamundaiah,International T20,23,8,20,10,NA,0,0,2020,2023
M Daniels,International T20,40,12,20,5,NA,0,0,2010,2019
D Dlamini,International T20,12,11,20,1.8181818181818181,NA,0,0,2021,2023
O Essiz,International T20,5,5,20,4,NA,0,0,2023,2023
S Forbes,International T20,7,6,20,5,NA,0,0,2022,2026
DS Gamage,International T20,9,6,20,4,NA,0,0,2021,2024
N Gwebu,International T20,11,11,20,1.8181818181818181,NA,0,0,2021,2025
O Hamrikova,International T20,9,8,20,2.5,NA,0,0,2025,2025
S Kakai,International T20,12,5,20,6.666666666666667,NA,0,0,2019,2022
S Kizito,International T20,31,13,20,2.2222222222222223,NA,0,0,2022,2026
MM Letsoalo,International T20,48,12,20,3.3333333333333335,NA,0,0,2007,2016
S Lote,International T20,7,6,20,4,NA,0,0,2019,2019
Miria Raio,International T20,8,6,20,4,NA,0,0,2025,2025
P Munsanda,International T20,6,6,20,6.666666666666667,NA,0,0,2026,2026
Nimra Ghazanfar,International T20,9,9,20,2.2222222222222223,NA,0,0,2025,2026
Ouen Sophy,International T20,12,9,20,2.857142857142857,NA,0,0,2022,2023
Pooja Shah,International T20,1,1,20,Inf,NA,0,0,2024,2024
E Richard,International T20,8,6,20,5,NA,0,0,2025,2025
Sadia Iqbal,International T20,68,17,20,2.5,NA,0,0,2019,2026
J Sainda,International T20,8,5,20,4,NA,0,0,2019,2019
LM Sims,International T20,8,2,20,10,NA,0,0,2024,2024
M Tom,International T20,48,8,20,4,NA,0,0,2018,2026
A Tovar,International T20,9,6,20,3.3333333333333335,NA,0,0,2018,2019
Y van der Westhuizen,International T20,12,5,20,4,NA,0,0,2011,2014
N Dlamini,International T20,5,4,19,4.75,NA,0,0,2022,2022
ZK Jeremiah,International T20,19,4,19,19,NA,0,0,2019,2022
S Gokhale,International T20,41,10,19,3.8,NA,0,0,2022,2025
CA Gurrey,International T20,2,2,19,9.5,NA,0,0,2019,2019
ZM Hamisi,International T20,5,4,19,4.75,NA,0,0,2024,2024
V Kai,International T20,4,4,19,6.333333333333333,NA,0,0,2025,2025
O Keitsemang,International T20,44,17,19,1.3571428571428572,NA,0,0,2018,2025
Khadija Tul Kubra,International T20,49,13,19,3.1666666666666665,NA,0,0,2012,2020
A Meyenborg,International T20,30,12,19,3.8,NA,0,0,2019,2026
K Mohanoe,International T20,6,6,19,3.8,NA,0,0,2024,2024
M Mokoatsela,International T20,9,9,19,2.375,NA,0,0,2023,2024
I Muhawenimana,International T20,62,14,19,2.375,NA,0,0,2019,2025
Nahan Arif,International T20,4,4,19,6.333333333333333,NA,0,0,2020,2020
Najiha Alvi,International T20,9,5,19,4.75,NA,0,0,2023,2026
Nor Syahira,International T20,4,1,19,19,NA,0,0,2018,2018
E Nyaaba,International T20,7,6,19,3.8,NA,0,0,2022,2023
L Qiao,International T20,27,6,19,6.333333333333333,NA,0,0,2022,2026
Riya Sharma,International T20,38,13,19,2.375,NA,0,0,2025,2026
R Sewwandi,International T20,9,3,19,19,NA,0,0,2025,2026
N Tanwar,International T20,2,2,19,9.5,NA,0,0,2011,2011
V Volfova,International T20,7,7,19,4.75,NA,0,0,2024,2025
E Waithaka,International T20,12,4,19,4.75,NA,0,0,2019,2024
AW Wambua,International T20,4,3,19,6.333333333333333,NA,0,0,2024,2024
Ananya Sarma,International T20,14,11,18,1.6363636363636365,NA,0,0,2023,2025
JM Apio,International T20,13,6,18,3.6,NA,0,0,2018,2019
DM Braat,International T20,10,5,18,6,NA,0,0,2008,2022
N De Bromhead,International T20,5,5,18,3.6,NA,0,0,2026,2026
ECM Egodagamage,International T20,5,3,18,6,NA,0,0,2026,2026
FC Ellingworth,International T20,8,6,18,4.5,NA,0,0,2023,2024
Em Rotana,International T20,7,7,18,3,NA,0,0,2022,2025
PB Flannery,International T20,1,1,18,18,NA,0,0,2004,2004
A Gisdaki,International T20,8,5,18,9,NA,0,0,2022,2024
Haliam Kwon,International T20,12,10,18,2,NA,0,0,2018,2024
R Kanai,International T20,10,8,18,4.5,NA,0,0,2019,2023
Latsha Haleemath,International T20,6,6,18,3,NA,0,0,2019,2024
M Madhavan,International T20,16,5,18,9,NA,0,0,2025,2026
Malyun Hassan,International T20,7,4,18,6,NA,0,0,2025,2026
Mansi Parmar,International T20,9,5,18,3.6,NA,0,0,2025,2026
Marufa Akter,International T20,52,13,18,2.5714285714285716,NA,0,0,2022,2026
K Moingoto,International T20,4,4,18,4.5,NA,0,0,2025,2025
M Nguni,International T20,5,5,18,6,NA,0,0,2026,2026
Nonoha Yasumoto,International T20,37,10,18,3,NA,0,0,2023,2026
LA Olagiure,International T20,8,7,18,4.5,NA,0,0,2022,2023
CFF Oudolf,International T20,2,2,18,9,NA,0,0,2008,2009
E Prokic,International T20,19,11,18,3.6,NA,0,0,2023,2026
Rabia Sahan,International T20,5,5,18,6,NA,0,0,2023,2023
R Raheja,International T20,4,2,18,18,NA,0,0,2024,2024
FR Riquelme,International T20,5,5,18,3.6,NA,0,0,2018,2018
V Tafea,International T20,8,5,18,6,NA,0,0,2023,2023
GP Tom,International T20,37,6,18,6,NA,0,0,2022,2026
AS Patil,International T20,16,3,17,8.5,NA,0,0,2023,2023
JD Badillo,International T20,6,6,17,2.8333333333333335,NA,0,0,2022,2022
O Bell,International T20,24,7,17,5.666666666666667,NA,0,0,2022,2026
D Brown,International T20,41,5,17,17,NA,0,0,2021,2026
LM Christensen,International T20,7,4,17,4.25,NA,0,0,2022,2024
ELT de Lange,International T20,6,5,17,4.25,NA,0,0,2010,2011
K Demetrova,International T20,3,3,17,17,NA,0,0,2022,2022
RF Duvane,International T20,9,4,17,5.666666666666667,NA,0,0,2022,2023
A Fillie,International T20,23,8,17,3.4,NA,0,0,2023,2025
P Ganeshan,International T20,21,9,17,2.8333333333333335,NA,0,0,2023,2026
Heang Karoney,International T20,5,5,17,4.25,NA,0,0,2022,2022
Hyejin Park,International T20,10,7,17,2.8333333333333335,NA,0,0,2018,2024
L Jie,International T20,10,5,17,17,NA,0,0,2019,2019
A Karmacharya,International T20,23,10,17,2.125,NA,0,0,2022,2024
Mahewish Khan,International T20,3,3,17,5.666666666666667,NA,0,0,2019,2019
MBT Montero,International T20,5,5,17,3.4,NA,0,0,2026,2026
KP Navgire,International T20,6,4,17,5.666666666666667,NA,0,0,2022,2022
Navneet Bamrah,International T20,11,8,17,2.8333333333333335,NA,0,0,2023,2024
M Ndipo,International T20,6,5,17,3.4,NA,0,0,2026,2026
J Nell,International T20,3,3,17,8.5,NA,0,0,2010,2010
CV Oyarce,International T20,12,11,17,1.7,NA,0,0,2019,2026
Phoup Srey Pheak,International T20,14,11,17,1.7,NA,0,0,2022,2025
TS Sekhukhune,International T20,44,7,17,5.666666666666667,NA,0,0,2018,2026
I Seneviratne,International T20,6,4,17,8.5,NA,0,0,2019,2019
M Shiraishi,International T20,6,5,17,3.4,NA,0,0,2019,2019
F Singhateh,International T20,4,4,17,4.25,NA,0,0,2022,2022
SR Thadani,International T20,26,7,17,5.666666666666667,NA,0,0,2021,2026
I Zigante,International T20,7,5,17,4.25,NA,0,0,2024,2024
KS Ahuja,International T20,3,2,16,16,NA,0,0,2023,2023
Almas Akram,International T20,4,3,16,5.333333333333333,NA,0,0,2009,2009
S Bhandari,International T20,9,6,16,3.2,NA,0,0,2021,2025
A Bose,International T20,18,8,16,2.6666666666666665,NA,0,0,2020,2022
C Bwanali,International T20,21,12,16,1.7777777777777777,NA,0,0,2025,2026
AJA Campos,International T20,7,6,16,3.2,NA,0,0,2019,2019
R Chanda,International T20,7,5,16,3.2,NA,0,0,2026,2026
HA Daluwatta,International T20,11,7,16,5.333333333333333,NA,0,0,2024,2026
Damini Ramesh,International T20,23,11,16,2,NA,0,0,2022,2024
E Eduard,International T20,12,6,16,5.333333333333333,NA,0,0,2019,2019
M Enkhzul,International T20,16,13,16,2,NA,0,0,2023,2024
Fatima Abbas,International T20,2,2,16,8,NA,0,0,2025,2025
G Ford,International T20,10,7,16,3.2,NA,0,0,2025,2026
FA Galvez,International T20,9,8,16,4,NA,0,0,2018,2019
U Iftikhar,International T20,14,4,16,4,NA,0,0,2019,2023
J Kgang,International T20,9,8,16,3.2,NA,0,0,2021,2021
Kim Rang,International T20,4,4,16,4,NA,0,0,2024,2024
Kiyo Fujikawa,International T20,12,6,16,4,NA,0,0,2019,2024
WGAKK Kulasuriya,International T20,40,12,16,5.333333333333333,NA,0,0,2015,2025
S Lackay,International T20,5,4,16,8,NA,0,0,2018,2018
DA Lewis,International T20,5,4,16,4,NA,0,0,2008,2009
S Linden,International T20,9,6,16,2.6666666666666665,NA,0,0,2021,2022
Mahnoor Akram,International T20,5,4,16,4,NA,0,0,2022,2024
IS Mananelage,International T20,7,4,16,5.333333333333333,NA,0,0,2018,2019
S Mardones,International T20,7,6,16,2.6666666666666665,NA,0,0,2023,2026
D Marikova-Moodley,International T20,12,4,16,5.333333333333333,NA,0,0,2026,2026
M Modise,International T20,6,3,16,8,NA,0,0,2026,2026
Mirjana Mratinkovic,International T20,3,3,16,5.333333333333333,NA,0,0,2022,2022
H Nou,International T20,12,4,16,5.333333333333333,NA,0,0,2019,2019
K Ogola,International T20,25,8,16,3.2,NA,0,0,2022,2024
H Okcu,International T20,5,5,16,4,NA,0,0,2023,2023
Pan Ei Phyu,International T20,21,7,16,5.333333333333333,NA,0,0,2023,2026
M Patel,International T20,2,2,16,8,NA,0,0,2019,2019
SEA Ruck,International T20,37,9,16,4,NA,0,0,2009,2013
M Samake,International T20,6,6,16,4,NA,0,0,2019,2019
A Scantlebury,International T20,3,2,16,8,NA,0,0,2022,2022
M Sheriff,International T20,13,8,16,2.6666666666666665,NA,0,0,2019,2025
Snigdha Malhotra,International T20,7,4,16,4,NA,0,0,2026,2026
Sumaiya Siddiqi,International T20,15,4,16,8,NA,0,0,2012,2015
C Vecchi,International T20,5,5,16,4,NA,0,0,2019,2019
HM Watson,International T20,8,3,16,16,NA,0,0,2004,2008
SA Akenji,International T20,9,6,15,3,NA,0,0,2023,2025
KN Alexander,International T20,6,4,15,7.5,NA,0,0,2008,2010
Ankita Mehta,International T20,3,3,15,15,NA,0,0,2026,2026
MJ Bulow,International T20,2,2,15,7.5,NA,0,0,2006,2007
A Cespedes,International T20,6,5,15,3.75,NA,0,0,2019,2024
E Chance,International T20,12,8,15,3,NA,0,0,2019,2021
TLT Colati,International T20,5,4,15,5,NA,0,0,2022,2022
CJ Connor,International T20,2,2,15,15,NA,0,0,2004,2005
DP David,International T20,13,7,15,3,NA,0,0,2010,2012
K Eftimova,International T20,5,4,15,5,NA,0,0,2026,2026
A Griffin,International T20,8,6,15,3,NA,0,0,2025,2026
S Guambe,International T20,6,2,15,15,NA,0,0,2021,2022
S Hector,International T20,8,4,15,7.5,NA,0,0,2025,2026
HR Huddleston,International T20,16,3,15,7.5,NA,0,0,2014,2020
P Jain,International T20,17,8,15,2.142857142857143,NA,0,0,2021,2022
Jantralia,International T20,4,1,15,Inf,NA,0,0,2019,2019
S Lieury,International T20,5,2,15,7.5,NA,0,0,2019,2019
R Limema,International T20,22,18,15,1.5,NA,0,0,2023,2026
PKM Mahawattage,International T20,11,6,15,15,NA,0,0,2023,2023
L Mamba,International T20,14,12,15,3.75,NA,0,0,2023,2025
M Pacheco,International T20,10,7,15,2.142857142857143,NA,0,0,2018,2019
IL Parks,International T20,3,3,15,Inf,NA,0,0,2024,2024
JS Pooranakaran,International T20,43,24,15,1,NA,0,0,2022,2025
S Prakash,International T20,12,9,15,2.5,NA,0,0,2022,2024
E Predescu,International T20,7,4,15,5,NA,0,0,2022,2022
HAM Samuddika,International T20,19,9,15,3,NA,0,0,2012,2015
DA Sasrikayoni,International T20,1,1,15,Inf,NA,0,0,2024,2024
CM Scott,International T20,6,4,15,3.75,NA,0,0,2019,2022
N Shree Charani,International T20,33,5,15,7.5,NA,0,0,2025,2026
A Sulistianingsih,International T20,7,5,15,3.75,NA,0,0,2019,2019
CC van Slobbe,International T20,5,5,15,7.5,NA,0,0,2018,2018
N Vichara,International T20,3,3,15,5,NA,0,0,2025,2025
S Vig,International T20,6,3,15,5,NA,0,0,2021,2021
L Wesley,International T20,7,5,15,3.75,NA,0,0,2026,2026
E Willcocks,International T20,5,5,15,3.75,NA,0,0,2019,2023
Zhang Xiangxue,International T20,11,5,15,3.75,NA,0,0,2018,2024
Z Akpinar,International T20,2,2,14,7,NA,0,0,2025,2025
A Akurut,International T20,10,6,14,3.5,NA,0,0,2024,2026
E Armas,International T20,7,7,14,2.8,NA,0,0,2019,2022
T Banda,International T20,4,4,14,3.5,NA,0,0,2026,2026
AK Bangura,International T20,14,7,14,2.8,NA,0,0,2025,2025
J Black,International T20,4,3,14,7,NA,0,0,2024,2024
RH Candy,International T20,10,4,14,7,NA,0,0,2007,2013
M Cargouet,International T20,17,7,14,2,NA,0,0,2019,2022
A Ciric,International T20,6,4,14,3.5,NA,0,0,2022,2022
NK Crafton,International T20,5,3,14,4.666666666666667,NA,0,0,2024,2025
CC Dalton,International T20,4,4,14,3.5,NA,0,0,2015,2016
MEC de Fouw,International T20,6,4,14,4.666666666666667,NA,0,0,2008,2018
CJ Dias,International T20,14,7,14,14,NA,0,0,2024,2026
SM Don,International T20,5,5,14,2.8,NA,0,0,2026,2026
ASCLD Faria,International T20,5,2,14,7,NA,0,0,2026,2026
P Gauna,International T20,2,1,14,Inf,NA,0,0,2019,2019
Hafsaa Abdhulla,International T20,6,6,14,2.8,NA,0,0,2019,2024
N Ihmeling,International T20,3,3,14,4.666666666666667,NA,0,0,2025,2025
N Jagadish,International T20,15,5,14,7,NA,0,0,2020,2022
IR James,International T20,1,1,14,14,NA,0,0,2025,2025
JG Kaur,International T20,8,4,14,3.5,NA,0,0,2022,2022
DM Kavinisseri,International T20,4,1,14,Inf,NA,0,0,2022,2024
MP Kulkarni,International T20,10,4,14,7,NA,0,0,2026,2026
M Madara,International T20,14,5,14,14,NA,0,0,2025,2026
Mahrukh Imtiaz,International T20,3,2,14,7,NA,0,0,2021,2021
C Milner,International T20,5,3,14,4.666666666666667,NA,0,0,2022,2023
G Morales,International T20,12,7,14,2.8,NA,0,0,2019,2024
NKD Murtiari,International T20,5,2,14,Inf,NA,0,0,2024,2024
SZ Peles,International T20,8,7,14,2.3333333333333335,NA,0,0,2024,2026
Pia Sharma,International T20,4,3,14,7,NA,0,0,2026,2026
Poonam Yadav,International T20,72,11,14,2.8,NA,0,0,2013,2022
Prachi Kumari,International T20,19,10,14,2,NA,0,0,2023,2026
D Prins,International T20,2,2,14,14,NA,0,0,2010,2010
F Qian,International T20,11,6,14,3.5,NA,0,0,2026,2026
L Rajadurai,International T20,4,3,14,7,NA,0,0,2025,2025
M Ramafifi,International T20,20,9,14,2,NA,0,0,2018,2022
S Rath,International T20,2,2,14,7,NA,0,0,2013,2013
Sadia Yousuf,International T20,51,13,14,1.4,NA,0,0,2010,2017
ZS Amanda,International T20,3,1,14,14,NA,0,0,2021,2021
L Shetty,International T20,10,3,14,7,NA,0,0,2025,2026
Sneha Shankar,International T20,6,6,14,2.3333333333333335,NA,0,0,2024,2024
M Stolt,International T20,11,6,14,2.3333333333333335,NA,0,0,2025,2026
S Akiteng,International T20,73,11,13,1.8571428571428572,NA,0,0,2022,2026
Al Maseera Jahangir,International T20,10,4,13,3.25,NA,0,0,2023,2025
V Araa,International T20,44,5,13,6.5,NA,0,0,2018,2024
E Bogdanova,International T20,6,6,13,2.1666666666666665,NA,0,0,2023,2025
M Chabula,International T20,7,6,13,2.6,NA,0,0,2026,2026
N Chaihan,International T20,17,7,13,2.6,NA,0,0,2024,2026
J Chytiri,International T20,3,1,13,13,NA,0,0,2022,2022
C Cirlig,International T20,14,5,13,2.6,NA,0,0,2023,2026
SRH Curtis,International T20,8,4,13,3.25,NA,0,0,2014,2017
SD Diwan Ali,International T20,15,9,13,1.8571428571428572,NA,0,0,2024,2026
JA Faustino,International T20,9,3,13,6.5,NA,0,0,2018,2019
RM Hill,International T20,10,2,13,Inf,NA,0,0,2019,2023
Hor Siv na,International T20,14,12,13,1.4444444444444444,NA,0,0,2022,2025
M Hundal,International T20,19,8,13,2.6,NA,0,0,2023,2026
C Jennings,International T20,17,6,13,3.25,NA,0,0,2019,2025
R Khasana,International T20,5,5,13,3.25,NA,0,0,2018,2018
S Kunaratnam,International T20,7,6,13,4.333333333333333,NA,0,0,2022,2023
E Kusuda-Nairn,International T20,25,6,13,3.25,NA,0,0,2023,2026
SRE Lara,International T20,5,1,13,Inf,NA,0,0,2026,2026
S Mannan,International T20,10,3,13,4.333333333333333,NA,0,0,2022,2023
AB Martinez,International T20,13,9,13,1.8571428571428572,NA,0,0,2019,2026
SR McAnanama-Brereton,International T20,26,8,13,3.25,NA,0,0,2019,2024
Prajna Jagdeesha,International T20,13,6,13,3.25,NA,0,0,2022,2023
HRA Rainey,International T20,43,10,13,2.1666666666666665,NA,0,0,2018,2026
S Ramautar,International T20,7,4,13,6.5,NA,0,0,2019,2019
Renuka Singh,International T20,65,9,13,4.333333333333333,NA,0,0,2021,2026
Rida Syeda,International T20,5,5,13,2.6,NA,0,0,2022,2022
Rithika Rajith,International T20,10,3,13,6.5,NA,0,0,2022,2024
Rithika Sriram,International T20,5,4,13,4.333333333333333,NA,0,0,2026,2026
R Rohmalia,International T20,2,1,13,13,NA,0,0,2024,2024
Tashiba Mirza,International T20,16,5,13,3.25,NA,0,0,2022,2024
MI Tato,International T20,12,4,13,4.333333333333333,NA,0,0,2019,2019
G Urjindulam,International T20,17,15,13,0.9285714285714286,NA,0,0,2023,2026
I van der Woning,International T20,37,8,13,2.6,NA,0,0,2021,2026
Nilusha Waruwangodage,International T20,10,5,13,13,NA,0,0,2024,2026
K Watson,International T20,1,1,13,13,NA,0,0,2019,2019
Zeel Patel,International T20,7,6,13,3.25,NA,0,0,2025,2025
R Achando,International T20,11,2,12,Inf,NA,0,0,2021,2025
SJ Andrews,International T20,16,3,12,Inf,NA,0,0,2006,2010
L Apolinasio,International T20,2,2,12,6,NA,0,0,2022,2022
Ayesha Akter,International T20,1,1,12,12,NA,0,0,2013,2013
H Badjie,International T20,4,4,12,6,NA,0,0,2022,2022
R Bowley,International T20,6,5,12,2.4,NA,0,0,2023,2024
L Brouwers,International T20,8,4,12,12,NA,0,0,2009,2011
I Edwards,International T20,20,7,12,6,NA,0,0,2025,2026
N Ekanayake,International T20,32,6,12,4,NA,0,0,2022,2025
WHD Fernando,International T20,4,4,12,3,NA,0,0,2009,2010
N Gallagher,International T20,2,2,12,12,NA,0,0,2023,2023
M Gaur,International T20,24,6,12,2.4,NA,0,0,2019,2024
RS Gayakwad,International T20,58,9,12,12,NA,0,0,2014,2023
TW Hamid,International T20,1,1,12,Inf,NA,0,0,2024,2024
Hamza Niyaz,International T20,4,4,12,3,NA,0,0,2019,2024
Heal Theara,International T20,12,10,12,2,NA,0,0,2022,2025
M Holmes,International T20,5,3,12,12,NA,0,0,2025,2025
FC Jonas,International T20,39,8,12,12,NA,0,0,2022,2024
S Khadka,International T20,9,1,12,12,NA,0,0,2019,2019
CA Konadu,International T20,6,6,12,2,NA,0,0,2022,2023
Maheen Aamir,International T20,2,2,12,6,NA,0,0,2026,2026
Ma Luz Barcelona,International T20,14,11,12,1.2,NA,0,0,2019,2026
M May,International T20,5,5,12,2.4,NA,0,0,2021,2022
M Mohasane,International T20,5,4,12,4,NA,0,0,2018,2018
Nanthita Boonsukham,International T20,7,3,12,12,NA,0,0,2022,2022
Nipuni Nadeera,International T20,5,5,12,3,NA,0,0,2025,2026
JW Ogle-Thomas,International T20,2,2,12,6,NA,0,0,2013,2013
KKC Priyadarshani,International T20,7,5,12,3,NA,0,0,2022,2022
M Ratuki,International T20,8,7,12,1.7142857142857142,NA,0,0,2023,2024
OF Rios,International T20,5,5,12,2.4,NA,0,0,2019,2024
L Samani,International T20,7,7,12,1.7142857142857142,NA,0,0,2019,2019
D Samarasunghe,International T20,6,4,12,12,NA,0,0,2021,2022
BO Shastri,International T20,3,3,12,6,NA,0,0,2025,2025
ATS Silva,International T20,21,6,12,2.4,NA,0,0,2025,2026
Susan George,International T20,5,5,12,3,NA,0,0,2026,2026
N Thekiso,International T20,7,6,12,2,NA,0,0,2025,2026
Tripti Gore,International T20,6,5,12,2.4,NA,0,0,2024,2025
E Ungerman,International T20,18,7,12,4,NA,0,0,2024,2026
Nadeesha Waruwangodage,International T20,6,3,12,6,NA,0,0,2024,2026
R Adotei,International T20,2,2,11,5.5,NA,0,0,2026,2026
Amalin Sorfina,International T20,15,4,11,3.6666666666666665,NA,0,0,2018,2026
BG Armstrong,International T20,1,1,11,11,NA,0,0,2023,2023
Ashwini Govinda,International T20,15,9,11,2.75,NA,0,0,2023,2026
V Bislomovic,International T20,4,3,11,3.6666666666666665,NA,0,0,2023,2023
R Chaudhary,International T20,19,9,11,2.75,NA,0,0,2025,2026
M Chereches,International T20,4,4,11,2.75,NA,0,0,2023,2023
Chloe Dillon,International T20,3,3,11,3.6666666666666665,NA,0,0,2026,2026
AC Dei Castelli,International T20,5,4,11,5.5,NA,0,0,2026,2026
SIP Fernando,International T20,40,10,11,2.75,NA,0,0,2014,2025
Y Fourie,International T20,10,2,11,11,NA,0,0,2014,2018
H Santhoshkumar,International T20,6,5,11,3.6666666666666665,NA,0,0,2026,2026
S Immadi,International T20,22,6,11,2.75,NA,0,0,2024,2026
Iqra Ishaq,International T20,10,5,11,3.6666666666666665,NA,0,0,2019,2023
G Joseph,International T20,5,2,11,11,NA,0,0,2019,2019
A Joshi,International T20,2,2,11,11,NA,0,0,2024,2024
G Jyothis,International T20,1,1,11,11,NA,0,0,2023,2023
N Kakor,International T20,13,5,11,11,NA,0,0,2024,2026
AB Lyngby,International T20,2,2,11,5.5,NA,0,0,2022,2022
L Mating,International T20,3,3,11,5.5,NA,0,0,2026,2026
Meghana Lakayil,International T20,5,2,11,11,NA,0,0,2026,2026
CJ Metcalfe,International T20,25,5,11,11,NA,0,0,2009,2018
MZR Mohedano,International T20,7,6,11,1.8333333333333333,NA,0,0,2024,2024
SK Naidu,International T20,6,2,11,11,NA,0,0,2014,2014
Nur Nadihirah,International T20,14,7,11,1.5714285714285714,NA,0,0,2018,2019
Nur Qaireen,International T20,2,2,11,5.5,NA,0,0,2026,2026
L Pemhiwa,International T20,5,4,11,3.6666666666666665,NA,0,0,2024,2026
Y Reynolds,International T20,2,1,11,11,NA,0,0,2019,2019
MJ Salazar,International T20,6,6,11,1.8333333333333333,NA,0,0,2023,2026
DGK Small,International T20,5,2,11,11,NA,0,0,2008,2010
Suabika Manivannan,International T20,12,5,11,2.75,NA,0,0,2024,2026
MA Tsemane,International T20,13,11,11,1.2222222222222223,NA,0,0,2023,2025
S Tuhadeleni,International T20,38,5,11,11,NA,0,0,2023,2026
Ying Zhou,International T20,5,4,11,2.75,NA,0,0,2018,2019
Zhao Yihan,International T20,20,6,11,5.5,NA,0,0,2025,2026
R Abdulrasak,International T20,27,8,10,2,NA,0,0,2022,2025
KM Amoe,International T20,12,8,10,1.4285714285714286,NA,0,0,2022,2025
Ashmal Hashmi,International T20,9,9,10,1.25,NA,0,0,2025,2026
Ashwini Balaji,International T20,19,3,10,3.3333333333333335,NA,0,0,2024,2026
SD Bahadur,International T20,6,1,10,10,NA,0,0,2021,2022
HMCM Bandara,International T20,2,2,10,5,NA,0,0,2009,2009
K Buchan,International T20,2,2,10,10,NA,0,0,2022,2022
K Damane,International T20,1,1,10,10,NA,0,0,2023,2023
J Dearman,International T20,6,4,10,2.5,NA,0,0,2019,2019
H Dhaliwal,International T20,11,7,10,1.4285714285714286,NA,0,0,2019,2021
DGDR Dharmasiri,International T20,3,3,10,5,NA,0,0,2012,2012
Divya Kandpal,International T20,18,8,10,2,NA,0,0,2023,2026
Dunja Miskovic,International T20,3,2,10,5,NA,0,0,2026,2026
G Fernando,International T20,7,5,10,2.5,NA,0,0,2022,2023
KS Gautam,International T20,3,1,10,10,NA,0,0,2026,2026
LP Griffiths,International T20,5,2,10,5,NA,0,0,2011,2011
JC Guardia,International T20,7,5,10,2,NA,0,0,2018,2019
M Kanojia,International T20,4,3,10,3.3333333333333335,NA,0,0,2012,2012
AK Maguire,International T20,24,7,10,3.3333333333333335,NA,0,0,2023,2026
Malyun Yusuf,International T20,8,3,10,10,NA,0,0,2025,2026
J Mclean,International T20,3,2,10,10,NA,0,0,2021,2021
R Merrien,International T20,5,3,10,3.3333333333333335,NA,0,0,2024,2026
Mounica Chowdary,International T20,6,6,10,2,NA,0,0,2024,2025
V Mwansa,International T20,5,4,10,3.3333333333333335,NA,0,0,2026,2026
Payal Kothar,International T20,4,3,10,3.3333333333333335,NA,0,0,2026,2026
Peng Liangyu,International T20,6,2,10,10,NA,0,0,2025,2025
JJ Peter,International T20,12,5,10,5,NA,0,0,2018,2023
AR Poulter,International T20,4,3,10,5,NA,0,0,2024,2025
C Rhaburn,International T20,5,3,10,5,NA,0,0,2019,2019
S Robinson,International T20,5,3,10,5,NA,0,0,2019,2019
Roopa Nagraj,International T20,3,2,10,5,NA,0,0,2018,2018
M Sambou,International T20,4,4,10,2.5,NA,0,0,2022,2022
Sanah Abbas,International T20,8,2,10,5,NA,0,0,2026,2026
MI Shakim,International T20,4,3,10,5,NA,0,0,2021,2021
N Verma,International T20,2,1,10,Inf,NA,0,0,2021,2021
SY Win,International T20,25,5,10,3.3333333333333335,NA,0,0,2019,2026
A Aguilar,International T20,8,5,9,1.8,NA,0,0,2018,2019
Aisha Rahman,International T20,5,4,9,3,NA,0,0,2020,2022
Alice Davis,International T20,7,4,9,2.25,NA,0,0,2023,2024
Amaya Rajapaksha,International T20,10,3,9,4.5,NA,0,0,2025,2026
Attia Diwan Ali,International T20,11,6,9,1.5,NA,0,0,2025,2026
LA Coleman,International T20,2,1,9,9,NA,0,0,2008,2008
A Dastgir,International T20,4,4,9,3,NA,0,0,2021,2022
HC Du Toit,International T20,3,1,9,Inf,NA,0,0,2022,2022
F Elizabet,International T20,3,2,9,4.5,NA,0,0,2025,2025
Emma Miller,International T20,5,1,9,9,NA,0,0,2023,2023
ST Eyyunni,International T20,6,3,9,9,NA,0,0,2022,2024
A Fernandez,International T20,9,7,9,1.8,NA,0,0,2018,2019
KRS Fernando,International T20,3,2,9,4.5,NA,0,0,2010,2013
F Galan,International T20,8,3,9,9,NA,0,0,2023,2026
MAJ Goszko,International T20,1,1,9,9,NA,0,0,2006,2006
Hee Jung Lee,International T20,9,6,9,1.5,NA,0,0,2018,2024
JL Hunter,International T20,32,5,9,4.5,NA,0,0,2010,2014
Hyeji Jeong,International T20,2,2,9,9,NA,0,0,2018,2018
KV Jain,International T20,9,3,9,4.5,NA,0,0,2014,2014
Karuna Bhandari,International T20,21,5,9,2.25,NA,0,0,2019,2021
S Khoza,International T20,3,3,9,3,NA,0,0,2022,2022
L Klokgieters,International T20,4,2,9,4.5,NA,0,0,2018,2019
J Kokam,International T20,3,3,9,3,NA,0,0,2023,2026
M Lewis,International T20,5,4,9,2.25,NA,0,0,2019,2019
Lydia Katsimari,International T20,3,3,9,4.5,NA,0,0,2026,2026
N Mamba,International T20,10,9,9,1,NA,0,0,2025,2025
C Mangulama,International T20,8,5,9,2.25,NA,0,0,2026,2026
M Marchello-Nizia,International T20,11,7,9,9,NA,0,0,2019,2022
Mariam Hasan,International T20,5,3,9,4.5,NA,0,0,2010,2012
VLV Mataki,International T20,2,2,9,4.5,NA,0,0,2022,2022
AC Mol,International T20,3,2,9,4.5,NA,0,0,2009,2011
SL Munroe,International T20,21,3,9,9,NA,0,0,2010,2015
C Pavely,International T20,2,2,9,4.5,NA,0,0,2024,2024
PS Punia,International T20,3,3,9,3,NA,0,0,2019,2019
Purvi Kumari,International T20,4,2,9,Inf,NA,0,0,2024,2025
P Rawat,International T20,6,2,9,9,NA,0,0,2026,2026
Sangita Rai,International T20,15,3,9,4.5,NA,0,0,2021,2024
FA Sargent,International T20,16,1,9,9,NA,0,0,2023,2025
Sinan Wen,International T20,4,1,9,9,NA,0,0,2025,2025
K Suwanchonrathi,International T20,1,1,9,Inf,NA,0,0,2026,2026
M Tilau,International T20,10,8,9,2.25,NA,0,0,2019,2019
S Toffoletto,International T20,17,5,9,4.5,NA,0,0,2022,2026
N Toleva,International T20,18,13,9,0.9,NA,0,0,2024,2025
A Wellington,International T20,8,2,9,9,NA,0,0,2017,2018
Adriana Vasquez,International T20,3,3,8,4,NA,0,0,2019,2019
R Aththidi,International T20,5,1,8,Inf,NA,0,0,2021,2021
AD Avianty,International T20,2,2,8,4,NA,0,0,2019,2019
Awa Bobb,International T20,3,3,8,2.6666666666666665,NA,0,0,2022,2022
DG Bassey,International T20,1,1,8,8,NA,0,0,2026,2026
F Bawa,International T20,4,4,8,4,NA,0,0,2022,2022
P Bhandari,International T20,4,3,8,2.6666666666666665,NA,0,0,2023,2023
E Carvalho,International T20,4,4,8,2.6666666666666665,NA,0,0,2018,2019
O Chare,International T20,2,1,8,Inf,NA,0,0,2026,2026
N Chilia,International T20,11,3,8,4,NA,0,0,2022,2023
RL D'Souza,International T20,13,10,8,0.8,NA,0,0,2025,2026
A Das,International T20,23,10,8,2.6666666666666665,NA,0,0,2012,2014
T Dlamini,International T20,14,11,8,0.8,NA,0,0,2023,2025
TM Faimalo,International T20,4,3,8,8,NA,0,0,2023,2023
L Filer,International T20,12,4,8,2.6666666666666665,NA,0,0,2024,2025
K Frank,International T20,12,5,8,2,NA,0,0,2023,2024
A Gunasekar,International T20,3,3,8,4,NA,0,0,2024,2024
S Ishaque,International T20,3,1,8,8,NA,0,0,2023,2023
E Kabwere,International T20,11,6,8,2,NA,0,0,2025,2025
J Kaur,International T20,2,1,8,8,NA,0,0,2019,2019
T Konate,International T20,6,6,8,1.6,NA,0,0,2019,2019
AM Kupito,International T20,12,5,8,1.6,NA,0,0,2022,2023
N Mabuza,International T20,14,14,8,0.8,NA,0,0,2021,2023
T Mansale,International T20,2,1,8,8,NA,0,0,2022,2023
M Mohapi,International T20,1,1,8,8,NA,0,0,2026,2026
K Molina,International T20,3,2,8,8,NA,0,0,2019,2019
F Mutua,International T20,2,1,8,Inf,NA,0,0,2019,2019
SA Nono,International T20,6,6,8,2,NA,0,0,2024,2024
Nurilyaa Natasya,International T20,4,3,8,4,NA,0,0,2022,2022
CT Octivano,International T20,3,3,8,2.6666666666666665,NA,0,0,2019,2019
Ruba Rashid,International T20,5,5,8,1.6,NA,0,0,2022,2022
Sean Chan Boromey,International T20,5,5,8,1.6,NA,0,0,2023,2023
T Skordili,International T20,8,4,8,2.6666666666666665,NA,0,0,2022,2026
JC Sokomanu,International T20,8,4,8,4,NA,0,0,2019,2019
Tasmia Rubab,International T20,7,4,8,8,NA,0,0,2024,2026
L Thobela,International T20,3,3,8,4,NA,0,0,2022,2023
Y Thompson,International T20,6,2,8,4,NA,0,0,2019,2019
L Ufitinema,International T20,2,1,8,Inf,NA,0,0,2024,2024
Wa Thone Nadi,International T20,8,2,8,8,NA,0,0,2023,2026
Afida Afthab,International T20,32,5,7,7,NA,0,0,2022,2026
J Alaare,International T20,3,2,7,7,NA,0,0,2022,2022
Alexandra Vasquez,International T20,4,4,7,1.75,NA,0,0,2019,2019
Aliza Saleem,International T20,5,2,7,3.5,NA,0,0,2022,2024
Amna Jamal,International T20,4,2,7,3.5,NA,0,0,2019,2019
A Amuzu,International T20,1,1,7,7,NA,0,0,2026,2026
Y Bist,International T20,1,1,7,7,NA,0,0,2025,2025
M Coulibaly,International T20,5,5,7,1.4,NA,0,0,2019,2019
M De Gante,International T20,4,2,7,3.5,NA,0,0,2019,2019
SA Dias,International T20,4,3,7,3.5,NA,0,0,2021,2025
VS D'Souza,International T20,6,3,7,3.5,NA,0,0,2021,2026
T Elikana,International T20,10,5,7,1.75,NA,0,0,2024,2025
NE Farrant,International T20,18,4,7,7,NA,0,0,2013,2021
B Frank,International T20,8,4,7,3.5,NA,0,0,2019,2019
K Gray,International T20,3,2,7,3.5,NA,0,0,2021,2021
S Hanson,International T20,4,2,7,3.5,NA,0,0,2023,2024
P Haryanti,International T20,13,7,7,1,NA,0,0,2019,2019
A Hlubi,International T20,12,1,7,7,NA,0,0,2023,2026
PM Inglis,International T20,9,3,7,2.3333333333333335,NA,0,0,2025,2026
KD Jayawant,International T20,2,2,7,7,NA,0,0,2022,2022
S Kemigisha,International T20,2,2,7,3.5,NA,0,0,2018,2018
Maria Serfioti,International T20,11,4,7,7,NA,0,0,2023,2026
OC Moiane,International T20,5,4,7,1.75,NA,0,0,2021,2021
J Mora,International T20,3,2,7,3.5,NA,0,0,2019,2019
O Morgan,International T20,6,3,7,Inf,NA,0,0,2022,2026
AT Nascimento,International T20,12,4,7,2.3333333333333335,NA,0,0,2018,2021
S Nunna,International T20,8,5,7,1.4,NA,0,0,2022,2025
S Pattenden,International T20,19,13,7,1.1666666666666667,NA,0,0,2023,2026
AK Peters,International T20,7,3,7,7,NA,0,0,2017,2018
C Popa,International T20,12,7,7,1.1666666666666667,NA,0,0,2022,2023
A Pramanik,International T20,3,1,7,7,NA,0,0,2021,2021
RT Raghavan,International T20,5,5,7,1.4,NA,0,0,2026,2026
MC Rodriguez,International T20,1,1,7,7,NA,0,0,2019,2019
S Rokuad,International T20,3,3,7,3.5,NA,0,0,2025,2025
V Romani,International T20,12,8,7,1.1666666666666667,NA,0,0,2024,2026
O Sekilekutu,International T20,4,4,7,1.75,NA,0,0,2022,2022
Shafia Hassan,International T20,9,2,7,3.5,NA,0,0,2018,2019
N Simelum,International T20,2,1,7,Inf,NA,0,0,2025,2025
Simrah Mirza,International T20,8,7,7,1.1666666666666667,NA,0,0,2022,2025
Soha Naveed,International T20,5,5,7,1.4,NA,0,0,2024,2024
Tithy Sarkar,International T20,2,1,7,Inf,NA,0,0,2012,2012
Fareeha Mehmood,International T20,3,2,7,3.5,NA,0,0,2018,2018
M Upadhayay,International T20,27,8,7,2.3333333333333335,NA,0,0,2025,2026
A Uribe,International T20,4,4,7,3.5,NA,0,0,2018,2018
T Wigradianti,International T20,3,3,7,2.3333333333333335,NA,0,0,2019,2019
Wu Juan,International T20,10,4,7,1.75,NA,0,0,2019,2019
J Ajiambo,International T20,26,8,6,2,NA,0,0,2023,2025
Amelia Griffiths,International T20,4,2,6,3,NA,0,0,2026,2026
R Andreea,International T20,8,4,6,1.5,NA,0,0,2023,2023
AJF Angeles,International T20,2,2,6,6,NA,0,0,2019,2019
K Anjali Sarvani,International T20,6,2,6,6,NA,0,0,2022,2023
RKK Appuhangige,International T20,2,2,6,3,NA,0,0,2026,2026
Archara Supriya,International T20,15,6,6,3,NA,0,0,2023,2026
S Barton,International T20,13,2,6,6,NA,0,0,2024,2025
KM Beams,International T20,18,2,6,6,NA,0,0,2014,2017
B Bhadriraju,International T20,7,4,6,1.5,NA,0,0,2022,2022
S Bist,International T20,11,3,6,2,NA,0,0,2023,2026
NE Bolton,International T20,2,1,6,6,NA,0,0,2014,2016
E Bourgaize,International T20,13,6,6,1.5,NA,0,0,2023,2026
SK Burke,International T20,7,2,6,6,NA,0,0,2004,2008
M Chaudhary,International T20,6,3,6,6,NA,0,0,2021,2021
P Chiwaya,International T20,4,3,6,2,NA,0,0,2019,2019
NP Doshi,International T20,1,1,6,6,NA,0,0,2026,2026
M Elikana,International T20,2,2,6,3,NA,0,0,2025,2025
M Esquivel,International T20,5,5,6,1.2,NA,0,0,2021,2021
G Fontenla,International T20,7,2,6,3,NA,0,0,2026,2026
JF Galapin,International T20,2,2,6,3,NA,0,0,2023,2023
Ghulam Fatima,International T20,5,3,6,3,NA,0,0,2018,2022
ES Grammenou,International T20,8,3,6,3,NA,0,0,2023,2024
BAM Heath,International T20,4,3,6,2,NA,0,0,2023,2024
Nur Aishah,International T20,8,2,6,Inf,NA,0,0,2023,2024
S Johnson,International T20,4,3,6,2,NA,0,0,2024,2024
M Joshi,International T20,8,3,6,Inf,NA,0,0,2016,2019
M Kachingo,International T20,6,5,6,1.2,NA,0,0,2026,2026
R Kaltongga,International T20,5,2,6,6,NA,0,0,2022,2022
C Kanta,International T20,8,1,6,Inf,NA,0,0,2023,2025
N Kaqea,International T20,3,3,6,2,NA,0,0,2025,2025
Y Korniienko,International T20,3,1,6,Inf,NA,0,0,2024,2024
E Laini,International T20,2,1,6,6,NA,0,0,2025,2025
B Leephatthana,International T20,4,1,6,Inf,NA,0,0,2022,2023
B Lekau,International T20,5,4,6,1.5,NA,0,0,2018,2018
Lyu Ping,International T20,5,4,6,3,NA,0,0,2018,2019
Madeeha Zuberi,International T20,13,8,6,1.5,NA,0,0,2019,2024
M Mani,International T20,4,2,6,6,NA,0,0,2023,2023
Maria Penna,International T20,11,6,6,1.5,NA,0,0,2026,2026
T Mato,International T20,2,2,6,6,NA,0,0,2023,2023
M Matobole,International T20,2,2,6,3,NA,0,0,2018,2018
GR Menezes,International T20,8,5,6,1.5,NA,0,0,2021,2024
T Mwangi,International T20,2,2,6,6,NA,0,0,2019,2019
L Polaki,International T20,7,5,6,1.2,NA,0,0,2026,2026
Rabiya Shah,International T20,15,5,6,3,NA,0,0,2010,2015
NCB Ramirez,International T20,6,5,6,2,NA,0,0,2019,2019
SK Ravuri,International T20,17,3,6,Inf,NA,0,0,2022,2025
Razia Ali Zade,International T20,6,5,6,1.5,NA,0,0,2019,2019
Rida Zainab,International T20,4,2,6,3,NA,0,0,2021,2022
Rithika Rajesh,International T20,5,3,6,3,NA,0,0,2026,2026
SMR Ruelas,International T20,2,2,6,6,NA,0,0,2024,2024
NJM Salima,International T20,10,5,6,1.5,NA,0,0,2025,2025
A Samildeen,International T20,6,3,6,2,NA,0,0,2022,2024
NM Sheikh,International T20,7,2,6,Inf,NA,0,0,2023,2024
Shohely Akhter,International T20,13,4,6,6,NA,0,0,2013,2022
H Sin Yee,International T20,6,4,6,2,NA,0,0,2022,2023
S Smith,International T20,7,4,6,3,NA,0,0,2018,2019
A Sobhana,International T20,6,1,6,Inf,NA,0,0,2024,2024
M Strano,International T20,7,4,6,1.5,NA,0,0,2017,2020
G Sultana,International T20,37,5,6,6,NA,0,0,2008,2014
T Talemaitoga,International T20,3,2,6,3,NA,0,0,2023,2023
SZ Thakor,International T20,3,1,6,6,NA,0,0,2024,2024
J Thirukkumaran,International T20,4,1,6,6,NA,0,0,2026,2026
KC Thompson,International T20,19,3,6,3,NA,0,0,2025,2026
B Unenchtseceg,International T20,9,5,6,Inf,NA,0,0,2025,2026
SB Agueran,International T20,3,3,5,1.6666666666666667,NA,0,0,2022,2022
Amina Kashif,International T20,8,2,5,5,NA,0,0,2025,2026
NJ Amongin,International T20,7,3,5,5,NA,0,0,2025,2025
HJ Armitage,International T20,3,3,5,1.6666666666666667,NA,0,0,2024,2024
Ashi Chopla,International T20,9,5,5,1.25,NA,0,0,2025,2026
C Boyle,International T20,8,5,5,1.6666666666666667,NA,0,0,2024,2024
SE Charteris,International T20,2,1,5,Inf,NA,0,0,2007,2007
A Ci Hui,International T20,8,3,5,Inf,NA,0,0,2018,2019
Clea Bultot,International T20,3,2,5,5,NA,0,0,2026,2026
N Diminguwarige,International T20,4,2,5,5,NA,0,0,2021,2021
A Dineshi,International T20,4,4,5,1.25,NA,0,0,2023,2023
NB Diom,International T20,5,2,5,2.5,NA,0,0,2025,2025
HD Diwan Ali,International T20,3,3,5,2.5,NA,0,0,2024,2024
AAM Eliane,International T20,7,6,5,1.25,NA,0,0,2021,2025
S Elmesioo,International T20,13,6,5,1.6666666666666667,NA,0,0,2021,2023
MDR Entrop,International T20,2,2,5,Inf,NA,0,0,2011,2011
Fariha Trisna,International T20,24,6,5,2.5,NA,0,0,2022,2026
Fatima Amir,International T20,8,3,5,2.5,NA,0,0,2024,2025
F Faye,International T20,3,3,5,1.6666666666666667,NA,0,0,2022,2022
Hala Azmat,International T20,9,5,5,1.6666666666666667,NA,0,0,2019,2021
DP Hernandez,International T20,6,6,5,1.25,NA,0,0,2024,2024
Hifsa Butt,International T20,3,2,5,2.5,NA,0,0,2022,2022
Hong Yali,International T20,10,2,5,2.5,NA,0,0,2026,2026
BG Illing,International T20,15,3,5,5,NA,0,0,2025,2026
M Imimole,International T20,13,3,5,5,NA,0,0,2021,2022
G Jaine,International T20,4,4,5,1.6666666666666667,NA,0,0,2025,2025
Jaza Mariyam,International T20,2,2,5,2.5,NA,0,0,2026,2026
C Juma,International T20,7,6,5,0.8333333333333334,NA,0,0,2019,2019
H Kala,International T20,1,1,5,Inf,NA,0,0,2006,2006
F Kamara,International T20,3,2,5,2.5,NA,0,0,2023,2023
SDNS Karunaratne,International T20,1,1,5,Inf,NA,0,0,2013,2013
AA Kawirawira,International T20,3,3,5,Inf,NA,0,0,2026,2026
PA Kelzy de Ortiz,International T20,3,2,5,2.5,NA,0,0,2022,2022
O Kirsten,International T20,2,2,5,5,NA,0,0,2016,2016
M Kojo,International T20,6,2,5,5,NA,0,0,2025,2026
Laiba,International T20,4,3,5,2.5,NA,0,0,2026,2026
RA Lewis,International T20,3,3,5,1.6666666666666667,NA,0,0,2015,2016
JPM Lopez,International T20,2,2,5,2.5,NA,0,0,2019,2019
Mah Noor Aamir,International T20,13,13,5,0.5,NA,0,0,2022,2026
Memoona Riaz,International T20,12,2,5,Inf,NA,0,0,2022,2025
CN Messina,International T20,6,6,5,0.8333333333333334,NA,0,0,2024,2024
AE Moe,International T20,13,6,5,1,NA,0,0,2019,2024
S Moise,International T20,9,6,5,2.5,NA,0,0,2023,2023
B Mosoaboli,International T20,6,4,5,5,NA,0,0,2026,2026
E Mulenga,International T20,6,5,5,1.6666666666666667,NA,0,0,2026,2026
LP Mullapudi,International T20,1,1,5,5,NA,0,0,2021,2021
N Mutasa,International T20,11,2,5,Inf,NA,0,0,2019,2021
K Nanno,International T20,5,2,5,5,NA,0,0,2019,2019
J Oldham,International T20,3,3,5,5,NA,0,0,2021,2025
B Pavlinakova,International T20,3,2,5,Inf,NA,0,0,2024,2025
Y Potgieter,International T20,7,1,5,Inf,NA,0,0,2013,2014
NKDP Putri,International T20,4,1,5,Inf,NA,0,0,2024,2024
AA Sanguelkar,International T20,4,2,5,2.5,NA,0,0,2020,2020
SV Shankar,International T20,2,1,5,Inf,NA,0,0,2025,2025
J Sharma,International T20,1,1,5,5,NA,0,0,2008,2008
A Smith,International T20,3,2,5,2.5,NA,0,0,2019,2019
CR Smith,International T20,13,7,5,1.25,NA,0,0,2007,2011
N Tropolova,International T20,3,3,5,5,NA,0,0,2026,2026
M Ulmanova,International T20,5,2,5,2.5,NA,0,0,2024,2024
J van Vliet,International T20,7,3,5,5,NA,0,0,2018,2023
MTB Vega,International T20,2,2,5,2.5,NA,0,0,2019,2019
L Wahmowe,International T20,4,4,5,1.6666666666666667,NA,0,0,2025,2025
T Wang Ling,International T20,9,2,5,Inf,NA,0,0,2018,2019
Wang Meng,International T20,9,3,5,2.5,NA,0,0,2019,2019
Wania Malik,International T20,7,3,5,2.5,NA,0,0,2022,2022
T Yangchen,International T20,11,4,5,2.5,NA,0,0,2019,2026
Ying King To,International T20,5,1,5,Inf,NA,0,0,2024,2024
Yukthi Suresh,International T20,1,1,5,5,NA,0,0,2026,2026
Zhi Xinyu,International T20,3,2,5,5,NA,0,0,2024,2024
Afshan Khan,International T20,1,1,4,4,NA,0,0,2026,2026
FZ Albanjari,International T20,3,1,4,Inf,NA,0,0,2025,2025
Anjuli Ghalley,International T20,8,3,4,2,NA,0,0,2023,2024
S Arachchige,International T20,5,1,4,Inf,NA,0,0,2024,2026
Armaan Khan,International T20,5,5,4,0.8,NA,0,0,2009,2010
Arrikan Phuengkho,International T20,2,1,4,4,NA,0,0,2026,2026
Ashmeet Bhullar,International T20,6,2,4,2,NA,0,0,2026,2026
M Ayodhya,International T20,14,4,4,1.3333333333333333,NA,0,0,2026,2026
LK Bell,International T20,48,4,4,2,NA,0,0,2022,2026
S Bhanushali,International T20,4,3,4,2,NA,0,0,2023,2023
APC Castrillo,International T20,1,1,4,4,NA,0,0,2019,2019
D Chamto,International T20,3,2,4,2,NA,0,0,2025,2025
Chayanisa Phengpaen,International T20,10,1,4,Inf,NA,0,0,2024,2026
L Cheatle,International T20,7,1,4,Inf,NA,0,0,2016,2016
BJ Clark,International T20,1,1,4,4,NA,0,0,2005,2005
S Devata,International T20,1,1,4,Inf,NA,0,0,2021,2021
MB dos Santos,International T20,18,3,4,2,NA,0,0,2023,2026
Emaan Ejaz,International T20,5,5,4,0.8,NA,0,0,2022,2022
I Faleupolu,International T20,3,2,4,2,NA,0,0,2023,2023
Fathimath Malha,International T20,3,3,4,1.3333333333333333,NA,0,0,2024,2024
DVO Garcia,International T20,6,5,4,1,NA,0,0,2024,2024
RL Grundy,International T20,12,3,4,Inf,NA,0,0,2014,2016
SDM Herath,International T20,7,3,4,1.3333333333333333,NA,0,0,2026,2026
Htwe Neaung,International T20,10,4,4,1.3333333333333333,NA,0,0,2019,2023
GMK Jayaweera,International T20,4,2,4,2,NA,0,0,2025,2025
Kamal Raja,International T20,10,7,4,0.5714285714285714,NA,0,0,2022,2025
HO Karaduman,International T20,2,2,4,2,NA,0,0,2023,2023
W Kevin,International T20,1,1,4,Inf,NA,0,0,2019,2019
A Khullar,International T20,9,5,4,2,NA,0,0,2025,2025
E Konasova,International T20,10,6,4,0.8,NA,0,0,2025,2026
S Kucuksucu,International T20,9,7,4,0.6666666666666666,NA,0,0,2024,2025
Lihara Ayeysekara,International T20,8,5,4,1.3333333333333333,NA,0,0,2025,2026
Lyu Yihan,International T20,6,1,4,4,NA,0,0,2026,2026
E Malama,International T20,6,4,4,2,NA,0,0,2026,2026
JT Manase,International T20,4,1,4,4,NA,0,0,2024,2025
AL Mangue,International T20,6,3,4,1.3333333333333333,NA,0,0,2021,2026
D Mehtani,International T20,7,5,4,1,NA,0,0,2025,2026
Mericris Jordan,International T20,3,3,4,2,NA,0,0,2022,2022
NM Mokhachane,International T20,10,9,4,1,NA,0,0,2023,2024
MSR Mudiyanselage,International T20,3,2,4,2,NA,0,0,2025,2026
P Munorwei,International T20,3,2,4,4,NA,0,0,2024,2024
F Nafanua,International T20,4,2,4,Inf,NA,0,0,2024,2024
B Narangerel,International T20,6,4,4,1.3333333333333333,NA,0,0,2023,2024
Noorainah,International T20,4,2,4,4,NA,0,0,2025,2025
Peher Modi,International T20,3,3,4,1.3333333333333333,NA,0,0,2026,2026
MM Penfold,International T20,11,4,4,2,NA,0,0,2022,2026
J Pullen,International T20,3,3,4,1.3333333333333333,NA,0,0,2022,2025
EPG Rokoro,International T20,6,4,4,1.3333333333333333,NA,0,0,2022,2023
RA Rolfe,International T20,2,2,4,4,NA,0,0,2011,2014
Rumaisa Jawad Nasir,International T20,4,4,4,1.3333333333333333,NA,0,0,2025,2025
Saba Nazir,International T20,1,1,4,Inf,NA,0,0,2019,2019
Sabnam Rai,International T20,16,3,4,4,NA,0,0,2021,2025
EM Sampson,International T20,5,1,4,Inf,NA,0,0,2007,2009
K Samten,International T20,5,3,4,4,NA,0,0,2021,2021
Sanjida Akter Meghla,International T20,33,5,4,2,NA,0,0,2019,2026
TS Kurapati,International T20,15,7,4,0.6666666666666666,NA,0,0,2022,2025
S Sebastian,International T20,10,5,4,1,NA,0,0,2024,2026
Shonaya Mehta,International T20,4,3,4,4,NA,0,0,2026,2026
TS Shwe,International T20,6,3,4,1.3333333333333333,NA,0,0,2025,2026
Sok Srey Maov,International T20,12,9,4,0.8,NA,0,0,2022,2025
L Stanfergin,International T20,3,2,4,2,NA,0,0,2025,2026
Sumaiya Akter,International T20,1,1,4,4,NA,0,0,2023,2023
L Sviben,International T20,2,1,4,4,NA,0,0,2025,2025
CO Taitt,International T20,1,1,4,4,NA,0,0,2008,2008
K Taniguchi,International T20,3,2,4,2,NA,0,0,2019,2019
Tazia Akhter,International T20,4,3,4,1.3333333333333333,NA,0,0,2012,2013
MSF Tedjui,International T20,2,2,4,2,NA,0,0,2021,2021
Y Teki,International T20,2,1,4,4,NA,0,0,2022,2022
T Touna,International T20,4,3,4,2,NA,0,0,2023,2023
B Verdon,International T20,9,3,4,2,NA,0,0,2022,2023
Wenjing Yin,International T20,3,3,4,1.3333333333333333,NA,0,0,2023,2024
Aishath Meesa Rameez,International T20,3,3,3,1,NA,0,0,2024,2024
Alifiya Sayed,International T20,25,5,3,1.5,NA,0,0,2022,2026
Alpha Arayan,International T20,1,1,3,3,NA,0,0,2023,2023
NM Ambo,International T20,16,2,3,3,NA,0,0,2019,2019
Anam Amin,International T20,65,9,3,3,NA,0,0,2014,2022
U Anujin,International T20,3,3,3,1.5,NA,0,0,2023,2024
O Bastin,International T20,21,3,3,1.5,NA,0,0,2024,2026
S Borakambi,International T20,11,2,3,Inf,NA,0,0,2023,2026
C Breteche,International T20,17,5,3,0.75,NA,0,0,2019,2022
SK Buchwaldt,International T20,3,2,3,3,NA,0,0,2022,2022
Shaunte Carrington,International T20,1,1,3,3,NA,0,0,2022,2022
R Cisse,International T20,6,6,3,0.5,NA,0,0,2019,2019
KL Cross,International T20,18,4,3,1.5,NA,0,0,2013,2024
C Cummings,International T20,2,2,3,1.5,NA,0,0,2025,2025
RM D'Souza,International T20,13,4,3,1,NA,0,0,2020,2025
N Dolianiti,International T20,10,3,3,1.5,NA,0,0,2024,2025
C Drummond,International T20,3,1,3,Inf,NA,0,0,2024,2024
V Gangwar,International T20,4,4,3,0.75,NA,0,0,2024,2024
L Gautam,International T20,1,1,3,3,NA,0,0,2019,2019
AJ Green,International T20,1,1,3,3,NA,0,0,2004,2004
LM Gwebu,International T20,7,7,3,0.5,NA,0,0,2025,2025
Han Won,International T20,4,3,3,3,NA,0,0,2024,2024
NC Holmgaard,International T20,2,2,3,3,NA,0,0,2022,2022
R Home,International T20,2,2,3,3,NA,0,0,2025,2026
N Ila,International T20,2,1,3,Inf,NA,0,0,2019,2019
S Jadhav,International T20,1,1,3,3,NA,0,0,2021,2021
Jannatul Ferdus,International T20,4,3,3,1.5,NA,0,0,2018,2024
Jiyeon Park jnr,International T20,11,5,3,1,NA,0,0,2018,2024
R Kassim,International T20,12,2,3,Inf,NA,0,0,2018,2022
S Khatri,International T20,8,5,3,1,NA,0,0,2023,2024
T Koloi,International T20,5,3,3,1,NA,0,0,2018,2018
Laiba Nasrullah,International T20,7,6,3,1,NA,0,0,2025,2026
S Lateh,International T20,18,1,3,Inf,NA,0,0,2019,2020
M Le Ray,International T20,4,3,3,3,NA,0,0,2022,2025
SLJ Lobatto,International T20,3,1,3,Inf,NA,0,0,2011,2011
Louise Tastuki,International T20,1,1,3,Inf,NA,0,0,2023,2023
B Mandlik,International T20,2,1,3,3,NA,0,0,2010,2010
M Martincova,International T20,3,3,3,3,NA,0,0,2024,2024
F Martinez,International T20,8,8,3,0.375,NA,0,0,2023,2026
LA McBride,International T20,20,3,3,3,NA,0,0,2025,2026
JH McCall,International T20,5,5,3,0.75,NA,0,0,2019,2023
M Mete,International T20,8,4,3,0.75,NA,0,0,2019,2023
Misbah Ifzal,International T20,6,3,3,1,NA,0,0,2022,2026
M Munakata,International T20,1,1,3,Inf,NA,0,0,2022,2022
A Munisar,International T20,16,2,3,Inf,NA,0,0,2023,2026
Mysha Doshi,International T20,2,1,3,3,NA,0,0,2026,2026
M Nalule,International T20,1,1,3,3,NA,0,0,2018,2018
S Nisansala,International T20,13,3,3,1,NA,0,0,2022,2024
J Otieno,International T20,7,2,3,3,NA,0,0,2021,2022
MA Parker,International T20,2,1,3,Inf,NA,0,0,2025,2025
S Parker,International T20,7,2,3,3,NA,0,0,2025,2026
J Pashley,International T20,1,1,3,Inf,NA,0,0,2008,2008
AM Petkoski,International T20,3,2,3,1.5,NA,0,0,2022,2022
KC Phohlo,International T20,3,3,3,1,NA,0,0,2023,2023
V Poglitsch,International T20,11,4,3,1,NA,0,0,2024,2026
D Prakas,International T20,7,5,3,0.75,NA,0,0,2022,2023
C Prasad,International T20,6,2,3,1.5,NA,0,0,2021,2025
NJ Qaeze,International T20,4,4,3,0.75,NA,0,0,2025,2025
Rabia Iqbal,International T20,8,2,3,3,NA,0,0,2022,2022
Rashmeka B,International T20,3,3,3,1,NA,0,0,2026,2026
S Ravikumar,International T20,3,2,3,1.5,NA,0,0,2010,2018
K Ristic,International T20,6,3,3,1.5,NA,0,0,2026,2026
Rumeysa Alp,International T20,3,3,3,3,NA,0,0,2023,2023
MJ Saavedra,International T20,5,3,3,1.5,NA,0,0,2018,2019
TR Sadhu,International T20,12,2,3,3,NA,0,0,2023,2024
E Sagoe,International T20,2,2,3,Inf,NA,0,0,2026,2026
Sahana Iyer,International T20,3,2,3,3,NA,0,0,2022,2022
A Saifee,International T20,23,8,3,0.75,NA,0,0,2021,2026
Sajaa Fathimath,International T20,5,5,3,0.6,NA,0,0,2019,2024
Sangay Wangmo (1),International T20,3,2,3,3,NA,0,0,2022,2024
M Sano,International T20,3,3,3,1.5,NA,0,0,2022,2022
T Shabani,International T20,6,1,3,3,NA,0,0,2019,2022
N Shiomwenyo,International T20,11,2,3,3,NA,0,0,2018,2022
N Sitompul,International T20,10,3,3,1.5,NA,0,0,2019,2019
R Siwa,International T20,3,3,3,1.5,NA,0,0,2025,2025
Sofia Velic,International T20,3,3,3,1,NA,0,0,2026,2026
O Sow,International T20,6,5,3,0.6,NA,0,0,2019,2019
Sughra Ahmed,International T20,1,1,3,3,NA,0,0,2026,2026
Sunjidmaa Phillips,International T20,4,4,3,0.75,NA,0,0,2026,2026
P Talloji,International T20,7,2,3,1.5,NA,0,0,2024,2025
V Tari,International T20,3,1,3,3,NA,0,0,2019,2019
Usrah Umar Farooq,International T20,4,4,3,1,NA,0,0,2025,2026
FEM Van Arkel,International T20,2,2,3,1.5,NA,0,0,2019,2019
A Vasilescu,International T20,6,5,3,1.5,NA,0,0,2022,2022
L Visser,International T20,5,1,3,3,NA,0,0,2025,2025
L Vuadreu,International T20,9,7,3,0.6,NA,0,0,2019,2019
TJP Weo,International T20,2,2,3,3,NA,0,0,2024,2024
KM Wilmott,International T20,2,1,3,Inf,NA,0,0,2024,2024
S Zafar,International T20,9,6,3,0.75,NA,0,0,2021,2023
Zoha Irfan,International T20,4,4,3,0.75,NA,0,0,2022,2022
A Aaron,International T20,1,1,2,2,NA,0,0,2024,2024
RJL Abaya,International T20,3,3,2,0.6666666666666666,NA,0,0,2019,2019
AS Alvarez,International T20,3,3,2,0.6666666666666666,NA,0,0,2024,2024
Aridah Umer Farooq,International T20,2,2,2,1,NA,0,0,2025,2025
Arylyn Dacutan,International T20,2,2,2,2,NA,0,0,2023,2023
EC Bargna,International T20,25,2,2,2,NA,0,0,2019,2024
S Basharat,International T20,6,2,2,2,NA,0,0,2024,2025
P Bhandari,International T20,8,4,2,0.5,NA,0,0,2025,2025
M Bosman,International T20,4,1,2,2,NA,0,0,2019,2019
S Bruno,International T20,3,1,2,Inf,NA,0,0,2021,2023
S Budhathoki,International T20,2,1,2,2,NA,0,0,2025,2025
B Bulganchimeg,International T20,3,3,2,0.6666666666666666,NA,0,0,2023,2024
K Bulirova,International T20,2,2,2,1,NA,0,0,2024,2024
ED Bustamente Saavedra,International T20,3,3,2,1,NA,0,0,2022,2022
JC Carroll,International T20,5,1,2,Inf,NA,0,0,2008,2009
J Chunquin,International T20,7,3,2,1,NA,0,0,2026,2026
R Corkish,International T20,3,1,2,2,NA,0,0,2022,2022
B Coulibaly,International T20,6,6,2,0.4,NA,0,0,2019,2019
K Dangol,International T20,10,3,2,2,NA,0,0,2023,2023
T Dema,International T20,1,1,2,Inf,NA,0,0,2019,2019
Deya Stefanova,International T20,6,5,2,0.6666666666666666,NA,0,0,2026,2026
R Dhami,International T20,1,1,2,Inf,NA,0,0,2025,2025
M Dhiman,International T20,1,1,2,2,NA,0,0,2024,2024
R Dhrub,International T20,3,1,2,Inf,NA,0,0,2013,2013
G Diaz,International T20,4,1,2,2,NA,0,0,2019,2019
AD Diwan Ali,International T20,5,4,2,1,NA,0,0,2024,2025
KO Elliott,International T20,1,1,2,2,NA,0,0,2022,2022
MANB Enego,International T20,1,1,2,2,NA,0,0,2019,2019
D Enkhtsetseg,International T20,4,2,2,1,NA,0,0,2025,2026
I Eranavula,International T20,4,2,2,2,NA,0,0,2019,2023
J Francis,International T20,2,1,2,2,NA,0,0,2018,2018
E Gerrits,International T20,7,1,2,Inf,NA,0,0,2009,2011
GA Guy,International T20,6,2,2,2,NA,0,0,2014,2015
Hak Seakmey,International T20,8,4,2,0.6666666666666666,NA,0,0,2022,2023
T Hanum,International T20,7,1,2,Inf,NA,0,0,2019,2019
A Hartley,International T20,4,1,2,Inf,NA,0,0,2016,2019
SJ Hate,International T20,3,2,2,Inf,NA,0,0,2024,2025
R Hathadurage,International T20,9,3,2,0.6666666666666666,NA,0,0,2022,2022
I Hernandez,International T20,3,3,2,Inf,NA,0,0,2018,2018
Hiba Shamshad,International T20,8,4,2,0.6666666666666666,NA,0,0,2019,2021
Humna Bilal,International T20,3,2,2,2,NA,0,0,2026,2026
Huon Saruon,International T20,1,1,2,Inf,NA,0,0,2022,2022
Joanna Child,International T20,3,1,2,2,NA,0,0,2025,2025
N Jovicevic,International T20,13,7,2,0.3333333333333333,NA,0,0,2022,2024
S Kagnassy,International T20,6,6,2,0.3333333333333333,NA,0,0,2019,2019
M Kagoya,International T20,4,2,2,Inf,NA,0,0,2019,2019
B Kasinja,International T20,12,6,2,1,NA,0,0,2026,2026
T Kassama,International T20,2,2,2,1,NA,0,0,2022,2022
M Kaswan,International T20,6,2,2,2,NA,0,0,2025,2026
A Katsuda,International T20,3,1,2,2,NA,0,0,2019,2019
K Kaur,International T20,11,2,2,1,NA,0,0,2022,2024
SE Kenealy,International T20,5,1,2,2,NA,0,0,2009,2010
Khazaima,International T20,3,3,2,0.6666666666666666,NA,0,0,2022,2022
N Khumalo,International T20,8,7,2,0.4,NA,0,0,2021,2022
K Kondikakova,International T20,2,1,2,2,NA,0,0,2026,2026
Laura-Anette Taei,International T20,2,2,2,Inf,NA,0,0,2026,2026
A Letuba,International T20,5,3,2,0.6666666666666666,NA,0,0,2022,2024
T Lhaden,International T20,5,4,2,0.5,NA,0,0,2019,2022
H Little,International T20,4,1,2,2,NA,0,0,2019,2019
CJM Lovino,International T20,3,3,2,1,NA,0,0,2019,2019
A Lupascu,International T20,7,1,2,2,NA,0,0,2025,2026
MG Maceira,International T20,1,1,2,Inf,NA,0,0,2026,2026
Z Mali,International T20,9,1,2,Inf,NA,0,0,2018,2018
Maren Couch,International T20,1,1,2,2,NA,0,0,2026,2026
Mariska Kornet,International T20,8,3,2,1,NA,0,0,2010,2018
Masooma Junaid,International T20,6,1,2,Inf,NA,0,0,2011,2012
E Mmese,International T20,6,1,2,2,NA,0,0,2026,2026
K Mohini,International T20,3,1,2,2,NA,0,0,2025,2025
A Motorwala,International T20,8,3,2,0.6666666666666666,NA,0,0,2024,2025
B Murtagh,International T20,7,1,2,Inf,NA,0,0,2023,2023
Musfirah Nur Ainaa,International T20,8,3,2,2,NA,0,0,2023,2026
I Mutoni,International T20,13,1,2,Inf,NA,0,0,2025,2026
Nabaa Naseem,International T20,3,3,2,0.6666666666666666,NA,0,0,2024,2024
C Namugenyi,International T20,5,2,2,2,NA,0,0,2018,2018
K Paskova,International T20,13,11,2,0.25,NA,0,0,2024,2026
NH Patel,International T20,11,1,2,2,NA,0,0,2026,2026
M Piakura,International T20,5,3,2,2,NA,0,0,2023,2024
SN Pradhan,International T20,4,3,2,2,NA,0,0,2011,2011
TS Prasad,International T20,3,3,2,0.6666666666666666,NA,0,0,2022,2022
Preeti Bose,International T20,5,1,2,Inf,NA,0,0,2016,2016
I Quee,International T20,8,2,2,2,NA,0,0,2023,2023
RN Renjini,International T20,3,1,2,2,NA,0,0,2024,2025
H Rigby,International T20,3,1,2,Inf,NA,0,0,2025,2025
CL Russell,International T20,1,1,2,Inf,NA,0,0,2007,2007
S Saenya,International T20,15,2,2,Inf,NA,0,0,2018,2019
A Sangare,International T20,6,6,2,0.3333333333333333,NA,0,0,2019,2019
Sanjana Rao,International T20,3,1,2,2,NA,0,0,2026,2026
S Sano,International T20,2,2,2,2,NA,0,0,2022,2022
Shamma Ali,International T20,6,6,2,0.5,NA,0,0,2019,2024
PWH Shee,International T20,5,3,2,0.6666666666666666,NA,0,0,2019,2019
L Sheppard,International T20,6,1,2,2,NA,0,0,2025,2025
AR Shetty,International T20,2,1,2,2,NA,0,0,2020,2020
CV Siena,International T20,1,1,2,Inf,NA,0,0,2019,2019
S Simic,International T20,15,6,2,1,NA,0,0,2023,2026
AP Skoric,International T20,4,4,2,0.5,NA,0,0,2024,2024
M Smook,International T20,3,1,2,Inf,NA,0,0,2011,2011
D Tivane,International T20,6,3,2,0.6666666666666666,NA,0,0,2019,2019
M Trejbalova,International T20,4,3,2,1,NA,0,0,2025,2025
EP Urdaneta,International T20,2,2,2,1,NA,0,0,2022,2022
AP Venkata,International T20,1,1,2,2,NA,0,0,2022,2022
Veronika Nevolova,International T20,2,1,2,2,NA,0,0,2026,2026
Waheeda Akhtar,International T20,9,3,2,0.6666666666666666,NA,0,0,2023,2026
H Wally,International T20,4,4,2,0.5,NA,0,0,2022,2022
H Wenehoua,International T20,2,2,2,1,NA,0,0,2025,2025
A Wolfe,International T20,3,3,2,0.6666666666666666,NA,0,0,2019,2019
Yang Shen,International T20,5,3,2,2,NA,0,0,2024,2024
IK Yeboah,International T20,6,5,2,0.5,NA,0,0,2022,2026
M Zdravkova,International T20,10,8,2,1,NA,0,0,2024,2025
Zenab Iqbal,International T20,6,1,2,2,NA,0,0,2022,2022
Afsheen Ahmed,International T20,9,3,1,0.3333333333333333,NA,0,0,2025,2026
Aima Aishath,International T20,3,3,1,0.5,NA,0,0,2019,2019
SE Aley,International T20,2,1,1,1,NA,0,0,2017,2017
K Amuge,International T20,20,4,1,0.3333333333333333,NA,0,0,2025,2025
C Anayo,International T20,4,1,1,Inf,NA,0,0,2019,2019
KS Anderson,International T20,2,1,1,Inf,NA,0,0,2011,2011
OV Anderson,International T20,2,2,1,0.5,NA,0,0,2008,2008
Anjali Soni,International T20,1,1,1,Inf,NA,0,0,2024,2024
SM Ariyasinghage,International T20,4,3,1,0.3333333333333333,NA,0,0,2025,2025
A Arroz,International T20,2,2,1,1,NA,0,0,2018,2018
LRF Askew,International T20,6,1,1,1,NA,0,0,2006,2008
V Atanasova,International T20,6,5,1,0.3333333333333333,NA,0,0,2025,2025
C Atkins,International T20,1,1,1,1,NA,0,0,2019,2019
A Avdylaj,International T20,2,1,1,Inf,NA,0,0,2019,2019
E Avdylaj,International T20,7,3,1,0.3333333333333333,NA,0,0,2019,2023
SPY Baron,International T20,1,1,1,1,NA,0,0,2021,2021
P Bess,International T20,3,1,1,Inf,NA,0,0,2024,2024
CA Bhatt,International T20,5,1,1,1,NA,0,0,2019,2019
Bibina Baby,International T20,10,3,1,0.5,NA,0,0,2023,2024
R Bowers-fleming,International T20,4,1,1,1,NA,0,0,2025,2025
SJ Bruce,International T20,5,1,1,Inf,NA,0,0,2022,2023
MALD Buccimazza,International T20,6,3,1,0.3333333333333333,NA,0,0,2026,2026
S Chandnani,International T20,1,1,1,1,NA,0,0,2026,2026
A Charles,International T20,3,1,1,1,NA,0,0,2024,2024
C Comaschi,International T20,3,1,1,1,NA,0,0,2019,2019
H Dassanayake,International T20,3,2,1,0.5,NA,0,0,2025,2025
FR Davies,International T20,26,1,1,Inf,NA,0,0,2019,2023
J de Figueiredo,International T20,3,1,1,1,NA,0,0,2025,2025
M de Ridder,International T20,2,1,1,1,NA,0,0,2023,2023
S Dhami,International T20,2,1,1,1,NA,0,0,2025,2025
C Diarra,International T20,3,3,1,0.3333333333333333,NA,0,0,2019,2019
S Dibba,International T20,3,2,1,1,NA,0,0,2022,2022
M Djiguiba,International T20,2,2,1,0.5,NA,0,0,2019,2019
OS Dlamini,International T20,4,3,1,0.5,NA,0,0,2025,2025
Eman Said,International T20,1,1,1,1,NA,0,0,2025,2025
Emilia Toro,International T20,3,3,1,0.5,NA,0,0,2023,2023
L Enoch,International T20,3,1,1,1,NA,0,0,2022,2024
JT Espinoza,International T20,5,3,1,0.5,NA,0,0,2018,2018
O Espinoza,International T20,7,3,1,0.3333333333333333,NA,0,0,2019,2022
G Essoun,International T20,2,1,1,1,NA,0,0,2026,2026
CS Evans,International T20,3,2,1,0.5,NA,0,0,2022,2022
S Farooq,International T20,13,2,1,Inf,NA,0,0,2019,2021
CV Fernandes Torres,International T20,2,1,1,1,NA,0,0,2023,2025
K Follain,International T20,3,2,1,1,NA,0,0,2025,2026
K Foster,International T20,3,2,1,1,NA,0,0,2024,2024
S Frank,International T20,3,2,1,0.5,NA,0,0,2026,2026
N Gocheva,International T20,7,6,1,0.25,NA,0,0,2024,2025
TB Godisamang,International T20,12,5,1,0.3333333333333333,NA,0,0,2025,2026
PLS Goh,International T20,2,1,1,1,NA,0,0,2023,2023
N Greig,International T20,14,3,1,0.3333333333333333,NA,0,0,2019,2025
HHC Gunaratne,International T20,19,3,1,1,NA,0,0,2012,2017
P Gundecha,International T20,2,1,1,Inf,NA,0,0,2023,2024
Hailey Wong,International T20,2,1,1,Inf,NA,0,0,2026,2026
NK Hamilton,International T20,3,3,1,0.3333333333333333,NA,0,0,2026,2026
Hawwa Shaaiqa,International T20,3,3,1,0.3333333333333333,NA,0,0,2024,2024
MT Herbert,International T20,5,1,1,Inf,NA,0,0,2008,2009
A Hewage,International T20,8,1,1,1,NA,0,0,2024,2026
J Horn,International T20,1,1,1,Inf,NA,0,0,2023,2023
M Horna,International T20,3,1,1,Inf,NA,0,0,2019,2019
K Hruskova,International T20,2,2,1,0.5,NA,0,0,2025,2025
DG Ishimwe,International T20,5,2,1,Inf,NA,0,0,2019,2019
ZM Ishimwe,International T20,4,1,1,Inf,NA,0,0,2024,2024
P Iyengar,International T20,2,2,1,Inf,NA,0,0,2022,2022
L Jacob,International T20,2,1,1,Inf,NA,0,0,2022,2023
Jana Majski,International T20,4,1,1,1,NA,0,0,2026,2026
Jang Jin,International T20,2,1,1,1,NA,0,0,2024,2024
S Jayasinghe,International T20,8,2,1,1,NA,0,0,2022,2022
M Jayphert,International T20,2,1,1,1,NA,0,0,2024,2024
S Jeelany,International T20,5,1,1,1,NA,0,0,2024,2026
T Kalosin,International T20,4,1,1,1,NA,0,0,2023,2023
Kanchan Shrestha,International T20,1,1,1,1,NA,0,0,2023,2023
A Kanwal,International T20,3,1,1,Inf,NA,0,0,2025,2025
YP Karadogan,International T20,3,2,1,0.5,NA,0,0,2023,2023
T Katunga,International T20,4,2,1,1,NA,0,0,2018,2019
N Kayani,International T20,7,1,1,1,NA,0,0,2021,2022
LM Keightley,International T20,1,1,1,1,NA,0,0,2005,2005
M Kenni,International T20,4,2,1,0.5,NA,0,0,2019,2019
Kinaanath Ismail,International T20,3,3,1,0.3333333333333333,NA,0,0,2019,2019
K Kisova,International T20,18,12,1,0.14285714285714285,NA,0,0,2025,2026
A Kone,International T20,6,6,1,0.2,NA,0,0,2019,2019
L Kooagile,International T20,6,2,1,Inf,NA,0,0,2024,2025
M Kornet,International T20,2,2,1,0.5,NA,0,0,2008,2009
D Kumar,International T20,4,2,1,0.5,NA,0,0,2019,2019
Lavanya Pillai,International T20,2,1,1,Inf,NA,0,0,2022,2022
RA Lawrence,International T20,1,1,1,1,NA,0,0,2026,2026
Lee Ra,International T20,1,1,1,1,NA,0,0,2024,2024
T Leskinen,International T20,2,1,1,Inf,NA,0,0,2025,2026
C Lewatu,International T20,3,2,1,1,NA,0,0,2023,2023
MV Linares Flores,International T20,3,2,1,0.5,NA,0,0,2022,2022
Liu Chang,International T20,2,2,1,1,NA,0,0,2019,2019
H Lui,International T20,3,1,1,1,NA,0,0,2021,2023
K Mahekdeep,International T20,14,3,1,0.3333333333333333,NA,0,0,2024,2026
T Males,International T20,3,1,1,Inf,NA,0,0,2026,2026
F Malotutoatasi,International T20,3,1,1,Inf,NA,0,0,2025,2025
Mariam Waseem,International T20,3,1,1,1,NA,0,0,2025,2025
Marica Taira,International T20,3,2,1,0.5,NA,0,0,2023,2025
W Matabwa,International T20,3,2,1,0.5,NA,0,0,2026,2026
NM Meepage,International T20,9,1,1,Inf,NA,0,0,2025,2026
Meghna Singh,International T20,9,2,1,0.5,NA,0,0,2022,2022
Mehak Thakur,International T20,10,2,1,Inf,NA,0,0,2024,2025
RC Milburn,International T20,2,1,1,Inf,NA,0,0,2007,2007
DJ Mokoatsela,International T20,1,1,1,1,NA,0,0,2024,2024
YP Molina,International T20,8,2,1,1,NA,0,0,2024,2026
T Mosobela,International T20,1,1,1,1,NA,0,0,2026,2026
S Munagala,International T20,4,2,1,Inf,NA,0,0,2026,2026
CL Murphy,International T20,2,1,1,1,NA,0,0,2008,2008
VM Mutungwindu,International T20,3,3,1,0.3333333333333333,NA,0,0,2026,2026
L Nabwire,International T20,3,2,1,1,NA,0,0,2023,2023
S Nair,International T20,12,2,1,0.5,NA,0,0,2020,2022
P Nakitende,International T20,1,1,1,1,NA,0,0,2018,2018
Nishma Pereira,International T20,1,1,1,1,NA,0,0,2024,2024
Nur Alliah Asyqin,International T20,4,1,1,1,NA,0,0,2018,2019
Nurul Syahira,International T20,3,2,1,0.5,NA,0,0,2018,2018
A Nyirenda,International T20,1,1,1,1,NA,0,0,2023,2023
Pallavi Soni,International T20,2,2,1,1,NA,0,0,2024,2024
M Parinitha,International T20,11,1,1,1,NA,0,0,2025,2026
A Pattenden,International T20,2,1,1,1,NA,0,0,2024,2024
M Patwardhan,International T20,1,1,1,1,NA,0,0,2025,2025
A Pavlickova,International T20,4,1,1,1,NA,0,0,2025,2026
KE Pike,International T20,10,1,1,1,NA,0,0,2005,2009
A Polataivao,International T20,1,1,1,Inf,NA,0,0,2023,2023
K Poon,International T20,6,1,1,1,NA,0,0,2024,2025
NM Parween,International T20,5,1,1,1,NA,0,0,2016,2021
Prithaa Ganeshan,International T20,9,2,1,1,NA,0,0,2025,2026
M Pugi,International T20,2,2,1,0.5,NA,0,0,2023,2024
Pushpa Murali,International T20,2,2,1,0.5,NA,0,0,2025,2025
M Quinn,International T20,4,2,1,1,NA,0,0,2023,2024
SD Ranawaka,International T20,6,3,1,0.3333333333333333,NA,0,0,2025,2025
AG Rao,International T20,9,1,1,1,NA,0,0,2019,2021
Reyyan Aliusta,International T20,3,1,1,1,NA,0,0,2026,2026
E Rubio,International T20,3,3,1,0.3333333333333333,NA,0,0,2023,2023
A Rutti,International T20,7,4,1,0.25,NA,0,0,2019,2022
Saba Ali Syeda,International T20,2,2,1,Inf,NA,0,0,2022,2022
Sabah Nawab,International T20,2,1,1,Inf,NA,0,0,2020,2020
Saira Ifzal,International T20,5,3,1,0.5,NA,0,0,2019,2022
C Sanda,International T20,1,1,1,1,NA,0,0,2023,2023
Sangay Yangzom,International T20,3,1,1,Inf,NA,0,0,2025,2026
Sangay Zangmo,International T20,4,1,1,Inf,NA,0,0,2024,2024
San Nyo Htwe,International T20,2,1,1,Inf,NA,0,0,2023,2023
Sarmin Sultana,International T20,1,1,1,Inf,NA,0,0,2026,2026
M Sefati,International T20,2,2,1,0.5,NA,0,0,2026,2026
M Sert,International T20,2,2,1,0.5,NA,0,0,2023,2023
G Setshwane,International T20,8,2,1,0.5,NA,0,0,2023,2025
NSS Sharma,International T20,14,2,1,1,NA,0,0,2026,2026
Shruti Yadav,International T20,9,4,1,0.5,NA,0,0,2024,2026
S Sillitoe,International T20,4,4,1,0.25,NA,0,0,2024,2024
K Simone-Kingsley,International T20,3,2,1,0.5,NA,0,0,2026,2026
JF Smagacz,International T20,3,1,1,Inf,NA,0,0,2024,2024
J Smit,International T20,4,1,1,Inf,NA,0,0,2004,2008
LCN Smith,International T20,34,2,1,1,NA,0,0,2018,2026
V Sneha Deepthi,International T20,2,1,1,1,NA,0,0,2013,2013
Sonam Palden,International T20,4,1,1,1,NA,0,0,2024,2024
Soung Seav,International T20,3,2,1,0.5,NA,0,0,2023,2023
Sunishka Gowda,International T20,2,1,1,Inf,NA,0,0,2026,2026
A Tapia,International T20,2,1,1,1,NA,0,0,2018,2018
NO Tindo,International T20,9,1,1,Inf,NA,0,0,2019,2019
AL Tiwari,International T20,3,1,1,Inf,NA,0,0,2020,2020
H Trinidad,International T20,1,1,1,1,NA,0,0,2025,2025
N Tsiame,International T20,1,1,1,1,NA,0,0,2018,2018
Z Tumpachova,International T20,3,2,1,0.5,NA,0,0,2024,2024
C Valencia,International T20,5,1,1,1,NA,0,0,2026,2026
K van Wyk,International T20,1,1,1,1,NA,0,0,2021,2021
MFM Vera,International T20,4,1,1,1,NA,0,0,2019,2022
MJV Villalobos,International T20,2,1,1,Inf,NA,0,0,2024,2024
V Vithanage,International T20,5,3,1,0.5,NA,0,0,2023,2025
L Vua,International T20,4,3,1,1,NA,0,0,2019,2019
M Watson,International T20,5,2,1,0.5,NA,0,0,2026,2026
HE Whelan,International T20,4,1,1,1,NA,0,0,2009,2009
WAC Wickramasinghe,International T20,1,1,1,1,NA,0,0,2010,2010
Xie Wenyan,International T20,8,3,1,0.3333333333333333,NA,0,0,2025,2026
Aarsheya Sharma,International T20,1,1,0,0,NA,0,0,2024,2024
Amma Kashif,International T20,6,1,0,0,NA,0,0,2024,2025
Aneesa Azmat,International T20,2,1,0,0,NA,0,0,2024,2024
Anjali Chand,International T20,3,1,0,0,NA,0,0,2019,2019
Anjuman Hira,International T20,1,1,0,0,NA,0,0,2026,2026
Anna Wilson,International T20,2,1,0,0,NA,0,0,2026,2026
LR Aoina,International T20,12,1,0,0,NA,0,0,2019,2019
G Arguedas,International T20,3,1,0,0,NA,0,0,2019,2019
Aryaa Kulkarni,International T20,2,2,0,0,NA,0,0,2026,2026
Ashni Trivedi,International T20,4,2,0,0,NA,0,0,2023,2024
SQ Asis,International T20,2,2,0,0,NA,0,0,2019,2023
Ayeesha Yasmeen,International T20,4,1,0,0,NA,0,0,2020,2020
K Bah,International T20,4,3,0,0,NA,0,0,2022,2022
E Bakiweyem,International T20,1,1,0,0,NA,0,0,2026,2026
S Bandeva,International T20,10,5,0,0,NA,0,0,2024,2026
F Bangur,International T20,8,1,0,0,NA,0,0,2018,2019
V Barboza,International T20,4,1,0,0,NA,0,0,2022,2022
J Batovac,International T20,3,1,0,0,NA,0,0,2022,2022
C Beckford,International T20,6,1,0,0,NA,0,0,2019,2019
KP Bhuva,International T20,3,2,0,0,NA,0,0,2024,2024
A Bidari,International T20,2,1,0,0,NA,0,0,2019,2019
M Bislimovic,International T20,5,2,0,0,NA,0,0,2023,2023
GDMO Bloemen,International T20,1,1,0,0,NA,0,0,2019,2019
J Burton,International T20,7,2,0,0,NA,0,0,2023,2024
G Buruka,International T20,4,1,0,0,NA,0,0,2019,2019
V Buruka,International T20,8,1,0,0,NA,0,0,2023,2024
MFN Cabrera,International T20,4,2,0,0,NA,0,0,2019,2019
T Calingin,International T20,4,1,0,0,NA,0,0,2023,2023
F Ceesay,International T20,2,1,0,0,NA,0,0,2022,2022
T Chabila,International T20,11,4,0,0,NA,0,0,2018,2024
P Chabuta,International T20,4,2,0,0,NA,0,0,2026,2026
T Cheki,International T20,8,4,0,0,NA,0,0,2021,2022
TOW Chu,International T20,6,1,0,0,NA,0,0,2021,2023
S Coelho,International T20,4,3,0,0,NA,0,0,2024,2026
EE Corder,International T20,5,2,0,0,NA,0,0,2018,2018
TS Cordes,International T20,2,2,0,0,NA,0,0,2013,2013
AC Cullen,International T20,4,2,0,0,NA,0,0,2019,2019
H Currie,International T20,1,1,0,0,NA,0,0,2024,2024
Danaya Ilieva,International T20,4,2,0,0,NA,0,0,2026,2026
P Dhar,International T20,6,2,0,0,NA,0,0,2024,2026
MIA Diaz,International T20,3,2,0,0,NA,0,0,2024,2024
S Diaz,International T20,5,2,0,0,NA,0,0,2019,2022
JM Dibble,International T20,1,1,0,0,NA,0,0,2014,2014
Disna Jayasooriya,International T20,4,1,0,0,NA,0,0,2026,2026
A Djordjevic,International T20,6,2,0,0,NA,0,0,2026,2026
Durriya Malik,International T20,1,1,0,0,NA,0,0,2024,2024
Eashal Ibrahim,International T20,3,3,0,0,NA,0,0,2019,2019
L Egging,International T20,2,1,0,0,NA,0,0,2008,2008
BIS Elly,International T20,1,1,0,0,NA,0,0,2025,2025
C Elmore,International T20,3,1,0,0,NA,0,0,2026,2026
C Elmesioo,International T20,1,1,0,0,NA,0,0,2021,2021
G Ephraim,International T20,2,2,0,0,NA,0,0,2019,2019
I Evangelean,International T20,2,1,0,0,NA,0,0,2024,2024
L Fainicka,International T20,2,2,0,0,NA,0,0,2025,2025
Fathimath Anaal,International T20,2,2,0,0,NA,0,0,2024,2024
Fatima Zahra,International T20,6,1,0,0,NA,0,0,2023,2026
HL Ferling,International T20,9,1,0,0,NA,0,0,2013,2016
S Filipi,International T20,4,4,0,0,NA,0,0,2024,2024
Z Flamikova,International T20,2,1,0,0,NA,0,0,2024,2024
CS Gamlath,International T20,9,2,0,0,NA,0,0,2025,2026
Gargi Arya,International T20,1,1,0,0,NA,0,0,2026,2026
KL George,International T20,5,1,0,0,NA,0,0,2018,2018
A Gianani,International T20,5,1,0,0,NA,0,0,2025,2025
S Gimhani,International T20,7,1,0,0,NA,0,0,2024,2025
S Gocheva,International T20,1,1,0,0,NA,0,0,2023,2023
MJ Greig,International T20,1,1,0,0,NA,0,0,2024,2024
IMB Guevara,International T20,1,1,0,0,NA,0,0,2019,2019
Hawwa Ifasha,International T20,1,1,0,0,NA,0,0,2024,2024
R Heaney,International T20,2,1,0,0,NA,0,0,2019,2019
S Hernandez,International T20,1,1,0,0,NA,0,0,2018,2018
YPC Hernandez,International T20,2,2,0,0,NA,0,0,2019,2019
L Hornby-Wheeler,International T20,5,2,0,0,NA,0,0,2025,2025
Hung Ying Ho,International T20,4,2,0,0,NA,0,0,2019,2019
L Iglesias,International T20,2,1,0,0,NA,0,0,2021,2021
G Ionita,International T20,6,1,0,0,NA,0,0,2025,2026
Isabella Clarke,International T20,4,1,0,0,NA,0,0,2026,2026
RS Jangir,International T20,1,1,0,0,NA,0,0,2022,2022
IU Jayamannage,International T20,5,1,0,0,NA,0,0,2024,2025
Jenissa Jain,International T20,3,1,0,0,NA,0,0,2025,2025
Josephine Ulrik,International T20,3,1,0,0,NA,0,0,2022,2023
Kadri Just,International T20,1,1,0,0,NA,0,0,2026,2026
ST Kannan,International T20,3,1,0,0,NA,0,0,2026,2026
K Kanwar,International T20,3,1,0,0,NA,0,0,2025,2025
S Kapila,International T20,1,1,0,0,NA,0,0,2019,2019
I Kaur,International T20,6,1,0,0,NA,0,0,2025,2026
SG Kaur,International T20,1,1,0,0,NA,0,0,2022,2022
C Kauripeke,International T20,4,1,0,0,NA,0,0,2018,2019
H Kavasoglu,International T20,2,1,0,0,NA,0,0,2025,2025
Kelly Ndiraya,International T20,1,1,0,0,NA,0,0,2026,2026
L Khotso,International T20,4,3,0,0,NA,0,0,2018,2018
Kinley Bidha,International T20,3,1,0,0,NA,0,0,2023,2024
V Kostova,International T20,3,2,0,0,NA,0,0,2025,2025
T Koula,International T20,5,1,0,0,NA,0,0,2024,2025
SC Kumari,International T20,10,1,0,0,NA,0,0,2019,2023
Kyriaki Giannola,International T20,1,1,0,0,NA,0,0,2026,2026
EL Lamb,International T20,1,1,0,0,NA,0,0,2021,2021
Leen Luthufee,International T20,2,2,0,0,NA,0,0,2024,2024
A Levaci,International T20,8,3,0,0,NA,0,0,2025,2025
YT Lewis,International T20,4,2,0,0,NA,0,0,2024,2026
RD Liasse,International T20,3,1,0,0,NA,0,0,2022,2022
Lily Rani Biswas,International T20,4,2,0,0,NA,0,0,2012,2013
Liu Min,International T20,5,1,0,0,NA,0,0,2018,2019
S Lopez,International T20,1,1,0,0,NA,0,0,2018,2018
Maaha Naseer,International T20,3,3,0,0,NA,0,0,2019,2024
K Mabitle,International T20,2,2,0,0,NA,0,0,2024,2026
M Macelli,International T20,4,1,0,0,NA,0,0,2023,2023
E MacGregor,International T20,3,1,0,0,NA,0,0,2010,2010
Mahnoor Mahmood,International T20,2,2,0,0,NA,0,0,2019,2019
Mah Noor,International T20,8,7,0,0,NA,0,0,2025,2026
Maisie Skillan,International T20,2,2,0,0,NA,0,0,2026,2026
Maliha Baig,International T20,3,1,0,0,NA,0,0,2019,2019
Mamta Rai,International T20,1,1,0,0,NA,0,0,2026,2026
Manal Malik,International T20,2,1,0,0,NA,0,0,2023,2023
Manmeet Kaur,International T20,1,1,0,0,NA,0,0,2026,2026
K Marasini,International T20,4,1,0,0,NA,0,0,2023,2024
K Maseko,International T20,3,3,0,0,NA,0,0,2021,2021
MJ Massawe,International T20,6,1,0,0,NA,0,0,2026,2026
A Matovic,International T20,3,1,0,0,NA,0,0,2026,2026
B Maximo,International T20,3,1,0,0,NA,0,0,2025,2025
H Mbam,International T20,5,1,0,0,NA,0,0,2026,2026
MGJ Mendy,International T20,3,3,0,0,NA,0,0,2022,2022
IMO Meru,International T20,2,2,0,0,NA,0,0,2022,2022
K Mikjel,International T20,4,1,0,0,NA,0,0,2024,2024
R Mikulaskova,International T20,2,1,0,0,NA,0,0,2024,2024
SA Millanta,International T20,4,1,0,0,NA,0,0,2012,2012
Z Mkhwanazi,International T20,5,4,0,0,NA,0,0,2022,2022
P Modimo,International T20,4,1,0,0,NA,0,0,2018,2019
S Moe,International T20,1,1,0,0,NA,0,0,2022,2022
Mofida Kocchargi,International T20,2,1,0,0,NA,0,0,2019,2020
T Moitoi,International T20,5,1,0,0,NA,0,0,2024,2024
KR Mosumgaard,International T20,2,1,0,0,NA,0,0,2022,2022
C Moyo,International T20,3,1,0,0,NA,0,0,2024,2024
Marija Mratinkovic,International T20,4,2,0,0,NA,0,0,2022,2024
M Mumford,International T20,6,1,0,0,NA,0,0,2024,2025
G Namuunsuren,International T20,2,2,0,0,NA,0,0,2023,2023
V Nehoume,International T20,1,1,0,0,NA,0,0,2025,2025
Nisha Kulkarni,International T20,1,1,0,0,NA,0,0,2026,2026
Noncedo Simelane,International T20,1,1,0,0,NA,0,0,2025,2025
R Ntozakhe,International T20,12,1,0,0,NA,0,0,2018,2018
Y Nunez,International T20,3,3,0,0,NA,0,0,2023,2023
Nur Aliya,International T20,1,1,0,0,NA,0,0,2026,2026
N Nyoni,International T20,1,1,0,0,NA,0,0,2022,2022
B Oduro,International T20,3,1,0,0,NA,0,0,2022,2022
C Oyarce,International T20,7,4,0,0,NA,0,0,2019,2023
RG Pagarigan,International T20,1,1,0,0,NA,0,0,2019,2019
I Palliya,International T20,4,1,0,0,NA,0,0,2025,2025
Paz Ravanal,International T20,2,1,0,0,NA,0,0,2026,2026
NCC Perez,International T20,3,2,0,0,NA,0,0,2026,2026
VAM Pavez,International T20,1,1,0,0,NA,0,0,2026,2026
SH Petersen,International T20,2,1,0,0,NA,0,0,2022,2022
K Pirtskhalava,International T20,1,1,0,0,NA,0,0,2022,2022
P Ponraj,International T20,4,1,0,0,NA,0,0,2021,2022
C Praboda,International T20,11,2,0,0,NA,0,0,2026,2026
Priyanka Reddy,International T20,3,1,0,0,NA,0,0,2024,2024
G Quaicoe,International T20,2,1,0,0,NA,0,0,2026,2026
Rabia Mushtaq,International T20,15,1,0,0,NA,0,0,2022,2026
F Radu,International T20,5,2,0,0,NA,0,0,2023,2023
Rahima Yahaya,International T20,3,1,0,0,NA,0,0,2022,2022
S Ranade,International T20,4,2,0,0,NA,0,0,2023,2024
K Raphapha,International T20,4,2,0,0,NA,0,0,2026,2026
A Reynolds,International T20,2,1,0,0,NA,0,0,2019,2019
Rizwana Begum,International T20,2,2,0,0,NA,0,0,2026,2026
I Rodriguez,International T20,5,3,0,0,NA,0,0,2024,2024
J Rokoro,International T20,5,1,0,0,NA,0,0,2025,2025
Roshni Sebastian,International T20,3,2,0,0,NA,0,0,2026,2026
H Roy,International T20,2,1,0,0,NA,0,0,2022,2022
HR Ponja,International T20,4,3,0,0,NA,0,0,2021,2021
Saidat Mbaki,International T20,4,1,0,0,NA,0,0,2024,2024
M Salum,International T20,1,1,0,0,NA,0,0,2023,2023
Samanvita Vijay,International T20,2,1,0,0,NA,0,0,2023,2024
C Sammut,International T20,4,2,0,0,NA,0,0,2023,2023
S Sandeepani,International T20,1,1,0,0,NA,0,0,2020,2020
Y Sangare,International T20,6,6,0,0,NA,0,0,2019,2019
Sani E Zehra,International T20,3,1,0,0,NA,0,0,2020,2024
CAB Sarabia,International T20,1,1,0,0,NA,0,0,2019,2019
Saranya Kotha,International T20,11,1,0,0,NA,0,0,2025,2026
KC Schultz,International T20,4,1,0,0,NA,0,0,2022,2023
T Seesawan,International T20,1,1,0,0,NA,0,0,2026,2026
Shaffaa Saleem,International T20,1,1,0,0,NA,0,0,2019,2019
N Sharma,International T20,3,1,0,0,NA,0,0,2018,2019
Shastri Singh,International T20,2,2,0,0,NA,0,0,2024,2024
SWH Shee,International T20,5,4,0,0,NA,0,0,2019,2019
SK Shetty,International T20,1,1,0,0,NA,0,0,2024,2024
B Shino-Dyson,International T20,1,1,0,0,NA,0,0,2026,2026
H Shreya,International T20,9,1,0,0,NA,0,0,2024,2026
Shreya Voya,International T20,7,2,0,0,NA,0,0,2026,2026
Shumaila Qureshi,International T20,1,1,0,0,NA,0,0,2010,2010
M Sidibe,International T20,1,1,0,0,NA,0,0,2019,2019
LS Simelane,International T20,8,4,0,0,NA,0,0,2025,2025
N Simelane,International T20,3,3,0,0,NA,0,0,2023,2023
E Simeon,International T20,6,1,0,0,NA,0,0,2018,2018
I Smotara,International T20,1,1,0,0,NA,0,0,2025,2025
Sofia Araya,International T20,8,8,0,0,NA,0,0,2023,2026
SK Sonpethkar,International T20,2,1,0,0,NA,0,0,2019,2019
N Squire,International T20,3,1,0,0,NA,0,0,2019,2025
Srishti Raha,International T20,7,2,0,0,NA,0,0,2025,2025
I Stoilova,International T20,3,3,0,0,NA,0,0,2024,2024
R Stones,International T20,2,1,0,0,NA,0,0,2025,2025
Suheda Hancer,International T20,2,1,0,0,NA,0,0,2026,2026
Surbhi Sati,International T20,4,1,0,0,NA,0,0,2024,2024
Tallulah Spry,International T20,8,1,0,0,NA,0,0,2025,2025
S Tambala,International T20,1,1,0,0,NA,0,0,2018,2018
D Tanase,International T20,7,1,0,0,NA,0,0,2025,2026
NP Thabethe,International T20,1,1,0,0,NA,0,0,2014,2014
E Theunissen,International T20,1,1,0,0,NA,0,0,2013,2013
T Tommy,International T20,3,1,0,0,NA,0,0,2024,2024
MAL Torres,International T20,1,1,0,0,NA,0,0,2024,2024
N Traore,International T20,1,1,0,0,NA,0,0,2019,2019
E Tzanavari,International T20,4,1,0,0,NA,0,0,2024,2024
R Uwimana,International T20,9,2,0,0,NA,0,0,2026,2026
F Vaccarella,International T20,1,1,0,0,NA,0,0,2021,2021
A Vailoa,International T20,6,2,0,0,NA,0,0,2025,2025
RM van Oosterom,International T20,3,3,0,0,NA,0,0,2022,2023
SM Varillas Atencio,International T20,3,1,0,0,NA,0,0,2022,2022
SS Velazquez,International T20,5,1,0,0,NA,0,0,2026,2026
C Vergara,International T20,2,2,0,0,NA,0,0,2023,2023
Victoria Nikolova,International T20,1,1,0,0,NA,0,0,2026,2026
IIA Vildosola,International T20,2,2,0,0,NA,0,0,2026,2026
K Villanella,International T20,4,2,0,0,NA,0,0,2019,2019
A Vishwakarma,International T20,1,1,0,0,NA,0,0,2025,2025
TJ Vlaeminck,International T20,20,1,0,0,NA,0,0,2018,2024
Yang Yu Xuan,International T20,2,1,0,0,NA,0,0,2024,2024
Zhang Hui Yue,International T20,4,1,0,0,NA,0,0,2018,2019
Zhang Yibing,International T20,3,2,0,0,NA,0,0,2024,2024
Zoona Mariyam,International T20,3,3,0,0,NA,0,0,2019,2019
AR Zuniga,International T20,2,2,0,0,NA,0,0,2026,2026
M Zwilling,International T20,6,3,0,0,NA,0,0,2019,2023
A Capsey,WPL,16,16,405,27,133.66,0,1,2023,2025
A Gardner,WPL,34,34,811,25.34,141.78,0,7,2023,2026
A King,WPL,1,1,19,19,135.71,0,0,2025,2025
A Reddy,WPL,13,13,94,9.4,88.68,0,0,2023,2026
A Soni,WPL,1,1,11,11,78.57,0,0,2026,2026
A Sutherland,WPL,14,14,150,12.5,109.49,0,0,2023,2025
AB Kaur,WPL,24,24,348,23.2,129.85,0,0,2023,2026
AB Sharma,WPL,7,7,177,25.29,129.2,0,0,2026,2026
AC Jayangani,WPL,4,4,28,7,103.7,0,0,2024,2024
AC Kerr,WPL,29,29,511,24.33,119.67,0,0,2023,2026
AE Jones,WPL,1,1,1,1,50,0,0,2026,2026
AJ Healy,WPL,17,17,428,26.75,130.49,0,3,2023,2024
Ashwani Kumari,WPL,1,1,5,5,100,0,0,2023,2023
BL Mooney,WPL,27,27,780,33.91,129.78,0,7,2023,2026
BS Fulmali,WPL,16,16,316,31.6,149.76,0,1,2024,2026
CA Henry,WPL,12,13,275,25,177.42,0,2,2025,2026
CE Dean,WPL,1,1,9,9,180,0,0,2025,2025
CL Tryon,WPL,5,5,85,28.33,151.79,0,0,2026,2026
CR Knott,WPL,1,1,12,12,100,0,0,2026,2026
D Hemalatha,WPL,23,23,304,16.89,120.16,0,2,2023,2026
D Vrinda,WPL,9,9,102,11.33,86.44,0,0,2024,2025
DB Sharma,WPL,31,31,638,26.58,117.93,0,4,2023,2026
DD Kasat,WPL,4,4,11,2.75,44,0,0,2023,2024
DJS Dottin,WPL,11,11,199,24.88,135.37,0,0,2025,2026
DN Wyatt,WPL,7,7,151,21.57,129.06,0,1,2025,2026
DP Vaidya,WPL,7,7,77,12.83,96.25,0,0,2023,2023
DR Gibson,WPL,1,1,34,34,141.67,0,0,2025,2025
DV Gujjar,WPL,2,2,4,4,100,0,0,2023,2023
E Bisht,WPL,2,2,14,14,233.33,0,0,2024,2025
EA Burns,WPL,1,1,12,12,133.33,0,0,2023,2023
EA Perry,WPL,25,25,972,64.8,132.97,0,8,2023,2025
G Kamalini,WPL,10,10,107,15.29,104.9,0,0,2025,2026
G Sultana,WPL,3,3,3,3,42.86,0,0,2024,2025
G Voll,WPL,9,9,324,46.29,143.36,0,4,2025,2026
G Wareham,WPL,22,22,412,27.47,139.66,0,0,2023,2026
GJ Naik,WPL,4,4,86,21.5,122.86,0,1,2026,2026
GM Harris,WPL,30,31,819,30.33,149.45,0,5,2023,2026
H Deol,WPL,28,28,649,28.22,115.69,0,3,2023,2026
H Kaur,WPL,34,34,1193,45.88,145.49,0,11,2023,2026
HC Knight,WPL,8,8,135,22.5,140.62,0,0,2023,2023
HK Matthews,WPL,34,34,867,26.27,121.94,0,6,2023,2026
HY Kazi,WPL,5,5,18,4.5,72,0,0,2023,2024
IECM Wong,WPL,6,6,76,19,146.15,0,0,2023,2024
JI Rodrigues,WPL,34,34,771,29.65,140.44,0,5,2023,2026
JL Jonassen,WPL,18,18,295,24.58,138.5,0,2,2023,2025
JN Kalita,WPL,4,4,6,3,75,0,0,2023,2025
K Anjali Sarvani,WPL,4,4,19,9.5,63.33,0,0,2023,2024
K Goud,WPL,5,5,9,9,100,0,0,2025,2026
KE Bryce,WPL,8,8,83,20.75,97.65,0,0,2024,2024
KJ Garth,WPL,8,8,71,23.67,89.87,0,0,2023,2025
KP Navgire,WPL,30,30,435,14.5,134.67,0,3,2023,2026
KS Ahuja,WPL,19,19,250,13.89,125,0,0,2023,2026
KS Gautam,WPL,11,11,110,11,122.22,0,0,2025,2026
Komal Zanzad,WPL,1,1,5,5,71.43,0,0,2023,2023
L Lee,WPL,10,10,320,32,139.13,0,2,2026,2026
L Wolvaardt,WPL,23,23,659,32.95,130.24,0,4,2023,2026
LK Bell,WPL,1,1,1,1,100,0,0,2026,2026
LK Hamilton,WPL,1,1,36,36,189.47,0,0,2026,2026
LMM Tahuhu,WPL,1,1,0,0,0,0,0,2024,2024
M Joshi,WPL,3,3,18,18,60,0,0,2023,2023
M Kapp,WPL,27,27,411,27.4,123.8,0,0,2023,2026
M Mani,WPL,9,9,28,4,84.85,0,0,2023,2026
MC Patel,WPL,1,1,10,10,111.11,0,0,2023,2023
ML Schutt,WPL,3,3,52,26,136.84,0,0,2023,2023
MM Lanning,WPL,35,35,1200,37.5,126.72,0,11,2023,2026
Meghna Singh,WPL,5,5,20,6.67,105.26,0,0,2024,2025
N Shree Charani,WPL,3,3,24,24,114.29,0,0,2025,2026
N de Klerk,WPL,7,7,134,33.5,136.73,0,1,2024,2026
NJ Carey,WPL,6,6,149,37.25,141.9,0,0,2026,2026
NR Sciver-Brunt,WPL,36,36,1348,49.93,144.02,1,11,2023,2026
NS Prasad,WPL,7,7,153,30.6,119.53,0,0,2025,2026
NSS Sharma,WPL,2,2,1,0.5,25,0,0,2026,2026
P Litchfield,WPL,20,20,442,23.26,133.53,0,2,2024,2026
P Rawat,WPL,1,1,8,8,200,0,0,2026,2026
P Vastrakar,WPL,11,11,126,14,116.67,0,0,2023,2024
PG Chopra,WPL,1,1,0,0,0,0,0,2023,2023
PN Khemnar,WPL,9,9,103,14.71,105.1,0,0,2023,2026
PP Bala,WPL,1,1,19,19,105.56,0,0,2024,2024
PS Sisodia,WPL,1,1,0,0,0,0,0,2025,2025
Poonam Yadav,WPL,1,1,0,0,0,0,0,2023,2023
Preeti Bose,WPL,2,2,3,3,33.33,0,0,2023,2023
Priya Mishra,WPL,4,4,4,2,28.57,0,0,2025,2025
RM Ghosh,WPL,32,33,816,34,150.55,0,5,2023,2026
RP Yadav,WPL,15,15,188,17.09,142.42,0,1,2023,2026
RS Gayakwad,WPL,5,5,8,4,53.33,0,0,2023,2026
Raghvi Bist,WPL,5,5,95,19,102.15,0,0,2025,2025
Rahila Firdous,WPL,1,1,1,1,100,0,0,2026,2026
Renuka Singh,WPL,9,9,19,3.17,63.33,0,0,2023,2026
S Asha,WPL,9,9,55,13.75,125,0,0,2023,2026
S Ecclestone,WPL,26,27,214,10.19,108.08,0,0,2023,2026
S Gupta,WPL,6,6,33,8.25,137.5,0,0,2025,2026
S Ishaque,WPL,3,3,1,0.33,14.29,0,0,2023,2025
S Ismail,WPL,2,2,12,12,133.33,0,0,2024,2025
S Mandhana,WPL,35,36,1025,31.06,136.48,0,7,2023,2026
S Meghana,WPL,14,14,302,23.23,118.43,0,1,2023,2025
S Molineux,WPL,7,7,78,13,92.86,0,0,2024,2024
S Pandey,WPL,15,15,120,24,120,0,0,2023,2026
S Rana,WPL,14,14,136,12.36,130.77,0,0,2023,2026
S Sajana,WPL,21,21,241,17.21,140.94,0,0,2024,2026
S Sehrawat,WPL,26,26,307,12.28,103.02,0,0,2023,2026
S Verma,WPL,5,5,42,21,79.25,0,0,2023,2023
SD Bahadur,WPL,2,2,3,3,75,0,0,2024,2024
SFM Devine,WPL,27,27,645,25.8,151.41,0,4,2023,2026
SG Satghare,WPL,4,4,23,11.5,95.83,0,0,2024,2026
SIR Dunkley,WPL,6,6,121,20.17,175.36,0,1,2023,2023
SJ Bryce,WPL,5,5,60,15,150,0,0,2025,2025
SM Shakil,WPL,1,1,1,1,50,0,0,2024,2024
SR Giri,WPL,1,1,9,9,112.5,0,0,2026,2026
SR Patil,WPL,15,15,109,21.8,151.39,0,0,2023,2026
SS Pawar,WPL,1,1,0,0,0,0,0,2023,2023
SZ Thakor,WPL,6,6,38,9.5,140.74,0,0,2024,2025
Shafali Verma,WPL,37,37,1124,33.06,152.1,0,7,2023,2026
Shivani Singh,WPL,1,1,0,0,0,0,0,2026,2026
Simran Shaikh,WPL,14,14,115,9.58,98.29,0,0,2023,2026
T Bhatia,WPL,5,5,5,1.25,29.41,0,0,2023,2024
TG Norris,WPL,1,1,0,0,0,0,0,2023,2023
TM McGrath,WPL,17,17,355,23.67,135.5,0,4,2023,2025
TN Pathan,WPL,1,1,9,9,81.82,0,0,2024,2024
TP Kanwar,WPL,17,17,168,12.92,105,0,0,2023,2026
TR Sadhu,WPL,1,1,0,0,0,0,0,2024,2024
U Chetry,WPL,7,7,80,13.33,78.43,0,0,2024,2025
V Krishnamurthy,WPL,4,4,22,5.5,68.75,0,0,2024,2024
YH Bhatia,WPL,28,28,506,18.74,113.45,0,1,2023,2025
